eventId,snapshot_date,eventName,event_datetime,eventCategory,days_until_event,event_hour,day_of_week,is_weekend,listing_count,section_count,section_group_count,max_available_lot,avg_max_available_lot,deal_rate,ga_listing_rate,listing_count_prev,listing_change,listing_change_pct,venue_name,city,state,metro,timezone,latitude,longitude,addressCountryCode,performer_name,primary_genre,high_demand_next_snapshot
67d47ab6bfc8c878ac7b223f,2026-08-01,Ray LaMontagne (Rescheduled from 9/16/2025),2026-09-15 23:00:00,music,45.96,23,Tuesday,0,2,2,2,4,4.0,1.0,1.0,,,,Durham Performing Arts Center,Durham,NC,raleigh,America/New_York,35.9931,-78.9023,US,,,0
67db14e20a9ac35ebea470d8,2026-07-15,Minus the Bear (Rescheduled from 11/19/2025),2026-09-12 01:00:00,music,59.04,1,Saturday,1,1,1,1,3,3.0,1.0,1.0,,,,,,,,,,,,,,0
67db14e20a9ac35ebea470d8,2026-07-31,Minus the Bear (Rescheduled from 11/19/2025),2026-09-12 01:00:00,music,43.04,1,Saturday,1,1,1,1,4,4.0,1.0,1.0,1.0,0.0,0.0,,,,,,,,,,,0
67db14e20a9ac35ebea470d8,2026-08-06,Minus the Bear (Rescheduled from 11/19/2025),2026-09-12 01:00:00,music,37.04,1,Saturday,1,1,1,1,2,2.0,1.0,1.0,1.0,0.0,0.0,,,,,,,,,,,0
67db14e20a9ac35ebea470d8,2026-08-11,Minus the Bear (Rescheduled from 11/19/2025),2026-09-12 01:00:00,music,32.04,1,Saturday,1,1,1,1,2,2.0,1.0,1.0,1.0,0.0,0.0,,,,,,,,,,,0
68375c4722078c7143b1bd23,2026-07-15,Los Tucanes De Tijuana (Rescheduled from 11/21/2025),2026-08-16 00:00:00,music,32.0,0,Sunday,1,79,23,3,10,6.620253164556962,0.379746835443038,1.0,,,,Gas South Arena,Duluth,GA,atlanta,America/New_York,33.9915,-84.0906,US,,,1
68375c4722078c7143b1bd23,2026-07-17,Los Tucanes De Tijuana (Rescheduled from 11/21/2025),2026-08-16 00:00:00,music,30.0,0,Sunday,1,7,7,3,12,10.0,0.1428571428571428,1.0,79.0,-72.0,-91.13924050632912,Gas South Arena,Duluth,GA,atlanta,America/New_York,33.9915,-84.0906,US,,,1
68375c4722078c7143b1bd23,2026-07-18,Los Tucanes De Tijuana (Rescheduled from 11/21/2025),2026-08-16 00:00:00,music,29.0,0,Sunday,1,3,3,2,8,5.0,0.3333333333333333,1.0,7.0,-4.0,-57.14285714285714,Gas South Arena,Duluth,GA,atlanta,America/New_York,33.9915,-84.0906,US,,,0
68375c4722078c7143b1bd23,2026-07-19,Los Tucanes De Tijuana (Rescheduled from 11/21/2025),2026-08-16 00:00:00,music,28.0,0,Sunday,1,3,3,2,4,3.6666666666666665,0.6666666666666666,1.0,3.0,0.0,0.0,Gas South Arena,Duluth,GA,atlanta,America/New_York,33.9915,-84.0906,US,,,0
68375c4722078c7143b1bd23,2026-07-20,Los Tucanes De Tijuana (Rescheduled from 11/21/2025),2026-08-16 00:00:00,music,27.0,0,Sunday,1,3,2,2,10,6.333333333333333,0.6666666666666666,1.0,3.0,0.0,0.0,Gas South Arena,Duluth,GA,atlanta,America/New_York,33.9915,-84.0906,US,,,0
68375c4722078c7143b1bd23,2026-07-22,Los Tucanes De Tijuana (Rescheduled from 11/21/2025),2026-08-16 00:00:00,music,25.0,0,Sunday,1,30,12,3,10,8.033333333333333,0.0666666666666666,1.0,3.0,27.0,900.0,Gas South Arena,Duluth,GA,atlanta,America/New_York,33.9915,-84.0906,US,,,0
68375c4722078c7143b1bd23,2026-07-23,Los Tucanes De Tijuana (Rescheduled from 11/21/2025),2026-08-16 00:00:00,music,24.0,0,Sunday,1,30,16,3,10,7.233333333333333,0.2,0.9666666666666668,30.0,0.0,0.0,Gas South Arena,Duluth,GA,atlanta,America/New_York,33.9915,-84.0906,US,,,1
68375c4722078c7143b1bd23,2026-07-24,Los Tucanes De Tijuana (Rescheduled from 11/21/2025),2026-08-16 00:00:00,music,23.0,0,Sunday,1,15,9,3,12,7.6,0.0666666666666666,1.0,30.0,-15.0,-50.0,Gas South Arena,Duluth,GA,atlanta,America/New_York,33.9915,-84.0906,US,,,0
68375c4722078c7143b1bd23,2026-07-31,Los Tucanes De Tijuana (Rescheduled from 11/21/2025),2026-08-16 00:00:00,music,16.0,0,Sunday,1,24,15,3,12,5.583333333333333,0.2083333333333333,0.9583333333333334,15.0,9.0,60.0,Gas South Arena,Duluth,GA,atlanta,America/New_York,33.9915,-84.0906,US,,,0
68375c4722078c7143b1bd23,2026-08-02,Los Tucanes De Tijuana (Rescheduled from 11/21/2025),2026-08-16 00:00:00,music,14.0,0,Sunday,1,32,18,3,10,5.28125,0.25,1.0,24.0,8.0,33.33333333333333,Gas South Arena,Duluth,GA,atlanta,America/New_York,33.9915,-84.0906,US,,,1
68375c4722078c7143b1bd23,2026-08-03,Los Tucanes De Tijuana (Rescheduled from 11/21/2025),2026-08-16 00:00:00,music,13.0,0,Sunday,1,16,14,3,10,5.1875,0.375,1.0,32.0,-16.0,-50.0,Gas South Arena,Duluth,GA,atlanta,America/New_York,33.9915,-84.0906,US,,,0
68375c4722078c7143b1bd23,2026-08-04,Los Tucanes De Tijuana (Rescheduled from 11/21/2025),2026-08-16 00:00:00,music,12.0,0,Sunday,1,52,18,3,8,4.423076923076923,0.4230769230769231,1.0,16.0,36.0,225.0,Gas South Arena,Duluth,GA,atlanta,America/New_York,33.9915,-84.0906,US,,,1
68375c4722078c7143b1bd23,2026-08-05,Los Tucanes De Tijuana (Rescheduled from 11/21/2025),2026-08-16 00:00:00,music,11.0,0,Sunday,1,33,12,2,8,3.484848484848485,0.5151515151515151,1.0,52.0,-19.0,-36.53846153846153,Gas South Arena,Duluth,GA,atlanta,America/New_York,33.9915,-84.0906,US,,,1
68375c4722078c7143b1bd23,2026-08-06,Los Tucanes De Tijuana (Rescheduled from 11/21/2025),2026-08-16 00:00:00,music,10.0,0,Sunday,1,23,11,2,8,3.8260869565217392,0.5217391304347826,1.0,33.0,-10.0,-30.303030303030305,Gas South Arena,Duluth,GA,atlanta,America/New_York,33.9915,-84.0906,US,,,0
68375c4722078c7143b1bd23,2026-08-07,Los Tucanes De Tijuana (Rescheduled from 11/21/2025),2026-08-16 00:00:00,music,9.0,0,Sunday,1,26,12,2,8,3.923076923076923,0.7692307692307693,1.0,23.0,3.0,13.043478260869565,Gas South Arena,Duluth,GA,atlanta,America/New_York,33.9915,-84.0906,US,,,0
68375c4722078c7143b1bd23,2026-08-08,Los Tucanes De Tijuana (Rescheduled from 11/21/2025),2026-08-16 00:00:00,music,8.0,0,Sunday,1,37,13,2,8,3.5675675675675675,0.5135135135135135,0.972972972972973,26.0,11.0,42.30769230769231,Gas South Arena,Duluth,GA,atlanta,America/New_York,33.9915,-84.0906,US,,,0
68375c4722078c7143b1bd23,2026-08-10,Los Tucanes De Tijuana (Rescheduled from 11/21/2025),2026-08-16 00:00:00,music,6.0,0,Sunday,1,35,12,2,8,3.1142857142857143,0.4571428571428571,0.9714285714285714,37.0,-2.0,-5.405405405405405,Gas South Arena,Duluth,GA,atlanta,America/New_York,33.9915,-84.0906,US,,,0
68375c4722078c7143b1bd23,2026-08-11,Los Tucanes De Tijuana (Rescheduled from 11/21/2025),2026-08-16 00:00:00,music,5.0,0,Sunday,1,36,12,2,8,3.5,0.5277777777777778,0.9722222222222222,35.0,1.0,2.857142857142857,Gas South Arena,Duluth,GA,atlanta,America/New_York,33.9915,-84.0906,US,,,1
68375c4722078c7143b1bd23,2026-08-12,Los Tucanes De Tijuana (Rescheduled from 11/21/2025),2026-08-16 00:00:00,music,4.0,0,Sunday,1,22,9,1,8,3.5,0.6818181818181818,1.0,36.0,-14.0,-38.88888888888889,Gas South Arena,Duluth,GA,atlanta,America/New_York,33.9915,-84.0906,US,,,0
68375c4722078c7143b1bd23,2026-08-13,Los Tucanes De Tijuana (Rescheduled from 11/21/2025),2026-08-16 00:00:00,music,3.0,0,Sunday,1,25,10,2,6,2.92,0.68,1.0,22.0,3.0,13.636363636363637,Gas South Arena,Duluth,GA,atlanta,America/New_York,33.9915,-84.0906,US,,,0
68408d3f367fc71acaee0d13,2026-07-17,"Myriam Hernandez (Rescheduled from 10/04/2025, 2/20/2026)",2026-09-06 00:00:00,music,51.0,0,Sunday,1,19,13,3,8,4.842105263157895,0.4210526315789473,1.0,,,,,,,,,,,,,,1
68408d3f367fc71acaee0d13,2026-07-18,"Myriam Hernandez (Rescheduled from 10/04/2025, 2/20/2026)",2026-09-06 00:00:00,music,50.0,0,Sunday,1,10,7,3,8,4.8,0.4,1.0,19.0,-9.0,-47.368421052631575,,,,,,,,,,,0
68408d3f367fc71acaee0d13,2026-07-19,"Myriam Hernandez (Rescheduled from 10/04/2025, 2/20/2026)",2026-09-06 00:00:00,music,49.0,0,Sunday,1,9,7,3,8,4.555555555555555,0.5555555555555556,1.0,10.0,-1.0,-10.0,,,,,,,,,,,0
68408d3f367fc71acaee0d13,2026-07-20,"Myriam Hernandez (Rescheduled from 10/04/2025, 2/20/2026)",2026-09-06 00:00:00,music,48.0,0,Sunday,1,13,12,3,8,5.076923076923077,0.3846153846153846,0.9230769230769232,9.0,4.0,44.44444444444444,,,,,,,,,,,0
68408d3f367fc71acaee0d13,2026-07-22,"Myriam Hernandez (Rescheduled from 10/04/2025, 2/20/2026)",2026-09-06 00:00:00,music,46.0,0,Sunday,1,13,10,3,8,6.153846153846154,0.5384615384615384,1.0,13.0,0.0,0.0,,,,,,,,,,,1
68408d3f367fc71acaee0d13,2026-07-23,"Myriam Hernandez (Rescheduled from 10/04/2025, 2/20/2026)",2026-09-06 00:00:00,music,45.0,0,Sunday,1,9,8,3,10,4.777777777777778,0.5555555555555556,1.0,13.0,-4.0,-30.76923076923077,,,,,,,,,,,0
68408d3f367fc71acaee0d13,2026-07-24,"Myriam Hernandez (Rescheduled from 10/04/2025, 2/20/2026)",2026-09-06 00:00:00,music,44.0,0,Sunday,1,17,11,3,8,4.529411764705882,0.4705882352941176,1.0,9.0,8.0,88.88888888888889,,,,,,,,,,,1
68408d3f367fc71acaee0d13,2026-07-31,"Myriam Hernandez (Rescheduled from 10/04/2025, 2/20/2026)",2026-09-06 00:00:00,music,37.0,0,Sunday,1,6,5,3,8,3.6666666666666665,0.3333333333333333,0.8333333333333334,17.0,-11.0,-64.70588235294117,,,,,,,,,,,0
68408d3f367fc71acaee0d13,2026-08-02,"Myriam Hernandez (Rescheduled from 10/04/2025, 2/20/2026)",2026-09-06 00:00:00,music,35.0,0,Sunday,1,10,9,3,8,4.4,0.5,1.0,6.0,4.0,66.66666666666666,,,,,,,,,,,1
68408d3f367fc71acaee0d13,2026-08-03,"Myriam Hernandez (Rescheduled from 10/04/2025, 2/20/2026)",2026-09-06 00:00:00,music,34.0,0,Sunday,1,6,5,2,8,5.833333333333333,0.1666666666666666,1.0,10.0,-4.0,-40.0,,,,,,,,,,,0
68408d3f367fc71acaee0d13,2026-08-04,"Myriam Hernandez (Rescheduled from 10/04/2025, 2/20/2026)",2026-09-06 00:00:00,music,33.0,0,Sunday,1,18,10,3,8,4.888888888888889,0.5555555555555556,0.9444444444444444,6.0,12.0,200.0,,,,,,,,,,,1
68408d3f367fc71acaee0d13,2026-08-05,"Myriam Hernandez (Rescheduled from 10/04/2025, 2/20/2026)",2026-09-06 00:00:00,music,32.0,0,Sunday,1,12,12,3,8,3.6666666666666665,0.4166666666666667,0.9166666666666666,18.0,-6.0,-33.33333333333333,,,,,,,,,,,0
68408d3f367fc71acaee0d13,2026-08-06,"Myriam Hernandez (Rescheduled from 10/04/2025, 2/20/2026)",2026-09-06 00:00:00,music,31.0,0,Sunday,1,13,11,3,8,4.230769230769231,0.7692307692307693,0.9230769230769232,12.0,1.0,8.333333333333332,,,,,,,,,,,0
68408d3f367fc71acaee0d13,2026-08-07,"Myriam Hernandez (Rescheduled from 10/04/2025, 2/20/2026)",2026-09-06 00:00:00,music,30.0,0,Sunday,1,17,13,3,8,4.529411764705882,0.5294117647058824,0.8235294117647058,13.0,4.0,30.76923076923077,,,,,,,,,,,1
68408d3f367fc71acaee0d13,2026-08-08,"Myriam Hernandez (Rescheduled from 10/04/2025, 2/20/2026)",2026-09-06 00:00:00,music,29.0,0,Sunday,1,8,8,2,8,4.375,0.625,1.0,17.0,-9.0,-52.94117647058824,,,,,,,,,,,0
68408d3f367fc71acaee0d13,2026-08-10,"Myriam Hernandez (Rescheduled from 10/04/2025, 2/20/2026)",2026-09-06 00:00:00,music,27.0,0,Sunday,1,15,12,3,8,3.733333333333333,0.4666666666666667,0.8666666666666667,8.0,7.0,87.5,,,,,,,,,,,1
68408d3f367fc71acaee0d13,2026-08-11,"Myriam Hernandez (Rescheduled from 10/04/2025, 2/20/2026)",2026-09-06 00:00:00,music,26.0,0,Sunday,1,9,7,3,8,4.888888888888889,0.5555555555555556,0.8888888888888888,15.0,-6.0,-40.0,,,,,,,,,,,1
68408d3f367fc71acaee0d13,2026-08-12,"Myriam Hernandez (Rescheduled from 10/04/2025, 2/20/2026)",2026-09-06 00:00:00,music,25.0,0,Sunday,1,6,5,3,8,5.333333333333333,0.5,1.0,9.0,-3.0,-33.33333333333333,,,,,,,,,,,0
68408d3f367fc71acaee0d13,2026-08-13,"Myriam Hernandez (Rescheduled from 10/04/2025, 2/20/2026)",2026-09-06 00:00:00,music,24.0,0,Sunday,1,6,5,3,4,3.333333333333333,0.8333333333333334,1.0,6.0,0.0,0.0,,,,,,,,,,,0
68448a668f9f746f2a898758,2026-07-18,Myriam Hernandez (Rescheduled from 9/28/2025 and 03/01/2026),2026-08-31 00:00:00,music,44.0,0,Monday,0,6,5,3,8,5.5,0.8333333333333334,1.0,,,,Lynn Memorial Auditorium,Lynn,MA,boston,America/New_York,42.4637,-70.9502,US,,,1
68448a668f9f746f2a898758,2026-07-22,Myriam Hernandez (Rescheduled from 9/28/2025 and 03/01/2026),2026-08-31 00:00:00,music,40.0,0,Monday,0,4,3,2,8,4.5,1.0,1.0,6.0,-2.0,-33.33333333333333,Lynn Memorial Auditorium,Lynn,MA,boston,America/New_York,42.4637,-70.9502,US,,,0
68448a668f9f746f2a898758,2026-07-24,Myriam Hernandez (Rescheduled from 9/28/2025 and 03/01/2026),2026-08-31 00:00:00,music,38.0,0,Monday,0,12,5,3,10,6.333333333333333,1.0,1.0,4.0,8.0,200.0,Lynn Memorial Auditorium,Lynn,MA,boston,America/New_York,42.4637,-70.9502,US,,,1
68448a668f9f746f2a898758,2026-07-31,Myriam Hernandez (Rescheduled from 9/28/2025 and 03/01/2026),2026-08-31 00:00:00,music,31.0,0,Monday,0,2,2,2,6,4.0,1.0,1.0,12.0,-10.0,-83.33333333333334,Lynn Memorial Auditorium,Lynn,MA,boston,America/New_York,42.4637,-70.9502,US,,,1
68448a668f9f746f2a898758,2026-08-02,Myriam Hernandez (Rescheduled from 9/28/2025 and 03/01/2026),2026-08-31 00:00:00,music,29.0,0,Monday,0,1,1,1,2,2.0,1.0,1.0,2.0,-1.0,-50.0,Lynn Memorial Auditorium,Lynn,MA,boston,America/New_York,42.4637,-70.9502,US,,,0
68448a668f9f746f2a898758,2026-08-03,Myriam Hernandez (Rescheduled from 9/28/2025 and 03/01/2026),2026-08-31 00:00:00,music,28.0,0,Monday,0,2,2,2,10,7.0,1.0,1.0,1.0,1.0,100.0,Lynn Memorial Auditorium,Lynn,MA,boston,America/New_York,42.4637,-70.9502,US,,,0
68448a668f9f746f2a898758,2026-08-04,Myriam Hernandez (Rescheduled from 9/28/2025 and 03/01/2026),2026-08-31 00:00:00,music,27.0,0,Monday,0,11,4,2,8,5.2727272727272725,0.8181818181818182,1.0,2.0,9.0,450.0,Lynn Memorial Auditorium,Lynn,MA,boston,America/New_York,42.4637,-70.9502,US,,,1
68448a668f9f746f2a898758,2026-08-05,Myriam Hernandez (Rescheduled from 9/28/2025 and 03/01/2026),2026-08-31 00:00:00,music,26.0,0,Monday,0,4,4,2,8,6.0,1.0,1.0,11.0,-7.0,-63.63636363636363,Lynn Memorial Auditorium,Lynn,MA,boston,America/New_York,42.4637,-70.9502,US,,,1
68448a668f9f746f2a898758,2026-08-06,Myriam Hernandez (Rescheduled from 9/28/2025 and 03/01/2026),2026-08-31 00:00:00,music,25.0,0,Monday,0,1,1,1,8,8.0,1.0,1.0,4.0,-3.0,-75.0,Lynn Memorial Auditorium,Lynn,MA,boston,America/New_York,42.4637,-70.9502,US,,,0
68448a668f9f746f2a898758,2026-08-07,Myriam Hernandez (Rescheduled from 9/28/2025 and 03/01/2026),2026-08-31 00:00:00,music,24.0,0,Monday,0,3,2,2,8,4.666666666666667,1.0,1.0,1.0,2.0,200.0,Lynn Memorial Auditorium,Lynn,MA,boston,America/New_York,42.4637,-70.9502,US,,,0
68448a668f9f746f2a898758,2026-08-08,Myriam Hernandez (Rescheduled from 9/28/2025 and 03/01/2026),2026-08-31 00:00:00,music,23.0,0,Monday,0,3,2,2,6,4.666666666666667,1.0,1.0,3.0,0.0,0.0,Lynn Memorial Auditorium,Lynn,MA,boston,America/New_York,42.4637,-70.9502,US,,,0
68448a668f9f746f2a898758,2026-08-10,Myriam Hernandez (Rescheduled from 9/28/2025 and 03/01/2026),2026-08-31 00:00:00,music,21.0,0,Monday,0,12,4,2,10,6.083333333333333,0.9166666666666666,1.0,3.0,9.0,300.0,Lynn Memorial Auditorium,Lynn,MA,boston,America/New_York,42.4637,-70.9502,US,,,1
68448a668f9f746f2a898758,2026-08-11,Myriam Hernandez (Rescheduled from 9/28/2025 and 03/01/2026),2026-08-31 00:00:00,music,20.0,0,Monday,0,5,3,2,8,4.8,1.0,1.0,12.0,-7.0,-58.333333333333336,Lynn Memorial Auditorium,Lynn,MA,boston,America/New_York,42.4637,-70.9502,US,,,1
68448a668f9f746f2a898758,2026-08-12,Myriam Hernandez (Rescheduled from 9/28/2025 and 03/01/2026),2026-08-31 00:00:00,music,19.0,0,Monday,0,2,2,2,6,4.0,1.0,0.5,5.0,-3.0,-60.0,Lynn Memorial Auditorium,Lynn,MA,boston,America/New_York,42.4637,-70.9502,US,,,0
68448a668f9f746f2a898758,2026-08-13,Myriam Hernandez (Rescheduled from 9/28/2025 and 03/01/2026),2026-08-31 00:00:00,music,18.0,0,Monday,0,3,2,1,8,7.0,1.0,1.0,2.0,1.0,50.0,Lynn Memorial Auditorium,Lynn,MA,boston,America/New_York,42.4637,-70.9502,US,,,0
6849ce1aa37d40af361fe1cf,2026-07-15,Hayden Pedigo (Rescheduled from 12/3/25),2026-09-23 23:00:00,music,70.96,23,Wednesday,0,1,1,1,8,8.0,1.0,1.0,,,,,,,,,,,,,,0
684f10a2d1ecf5eebbd402ad,2026-07-17,"Myriam Hernandez (18+ Event)(Rescheduled from 10/3/2025, 2/27)",2026-09-05 00:00:00,music,50.0,0,Saturday,1,2,2,0,6,6.0,0.5,1.0,,,,,,,,,,,,,,0
684f10a2d1ecf5eebbd402ad,2026-07-19,"Myriam Hernandez (18+ Event)(Rescheduled from 10/3/2025, 2/27)",2026-09-05 00:00:00,music,48.0,0,Saturday,1,2,2,0,6,6.0,0.5,1.0,2.0,0.0,0.0,,,,,,,,,,,0
685305f7105233896dd39e1f,2026-07-15,Geoff Tate (Rescheduled from 2/12/26),2026-09-13 01:00:00,music,60.04,1,Sunday,1,14,10,0,12,6.142857142857143,0.0714285714285714,0.9285714285714286,,,,Tannahills Tavern and Music Hall,Fort Worth,TX,dallas,America/Chicago,32.7885,-97.3477,US,,,1
685305f7105233896dd39e1f,2026-07-17,Geoff Tate (Rescheduled from 2/12/26),2026-09-13 01:00:00,music,58.04,1,Sunday,1,2,2,0,10,9.0,0.0,1.0,14.0,-12.0,-85.71428571428571,Tannahills Tavern and Music Hall,Fort Worth,TX,dallas,America/Chicago,32.7885,-97.3477,US,,,1
685305f7105233896dd39e1f,2026-07-18,Geoff Tate (Rescheduled from 2/12/26),2026-09-13 01:00:00,music,57.04,1,Sunday,1,1,1,0,4,4.0,0.0,1.0,2.0,-1.0,-50.0,Tannahills Tavern and Music Hall,Fort Worth,TX,dallas,America/Chicago,32.7885,-97.3477,US,,,0
685305f7105233896dd39e1f,2026-07-19,Geoff Tate (Rescheduled from 2/12/26),2026-09-13 01:00:00,music,56.04,1,Sunday,1,1,1,0,4,4.0,0.0,1.0,1.0,0.0,0.0,Tannahills Tavern and Music Hall,Fort Worth,TX,dallas,America/Chicago,32.7885,-97.3477,US,,,0
685305f7105233896dd39e1f,2026-07-20,Geoff Tate (Rescheduled from 2/12/26),2026-09-13 01:00:00,music,55.04,1,Sunday,1,1,1,0,6,6.0,1.0,0.0,1.0,0.0,0.0,Tannahills Tavern and Music Hall,Fort Worth,TX,dallas,America/Chicago,32.7885,-97.3477,US,,,0
685305f7105233896dd39e1f,2026-08-02,Geoff Tate (Rescheduled from 2/12/26),2026-09-13 01:00:00,music,42.04,1,Sunday,1,1,1,0,2,2.0,0.0,0.0,1.0,0.0,0.0,Tannahills Tavern and Music Hall,Fort Worth,TX,dallas,America/Chicago,32.7885,-97.3477,US,,,0
685305f7105233896dd39e1f,2026-08-05,Geoff Tate (Rescheduled from 2/12/26),2026-09-13 01:00:00,music,39.04,1,Sunday,1,1,1,0,4,4.0,0.0,1.0,1.0,0.0,0.0,Tannahills Tavern and Music Hall,Fort Worth,TX,dallas,America/Chicago,32.7885,-97.3477,US,,,0
685305f7105233896dd39e1f,2026-08-07,Geoff Tate (Rescheduled from 2/12/26),2026-09-13 01:00:00,music,37.04,1,Sunday,1,29,10,0,8,2.206896551724138,0.0,1.0,1.0,28.0,2800.0,Tannahills Tavern and Music Hall,Fort Worth,TX,dallas,America/Chicago,32.7885,-97.3477,US,,,1
685305f7105233896dd39e1f,2026-08-08,Geoff Tate (Rescheduled from 2/12/26),2026-09-13 01:00:00,music,36.04,1,Sunday,1,1,1,0,4,4.0,0.0,1.0,29.0,-28.0,-96.55172413793105,Tannahills Tavern and Music Hall,Fort Worth,TX,dallas,America/Chicago,32.7885,-97.3477,US,,,0
685305f7105233896dd39e1f,2026-08-13,Geoff Tate (Rescheduled from 2/12/26),2026-09-13 01:00:00,music,31.04,1,Sunday,1,1,1,0,6,6.0,0.0,1.0,1.0,0.0,0.0,Tannahills Tavern and Music Hall,Fort Worth,TX,dallas,America/Chicago,32.7885,-97.3477,US,,,0
685305f7203403384c548fda,2026-07-15,Geoff Tate (Rescheduled from 2/11/26),2026-09-14 00:00:00,music,61.0,0,Monday,0,4,3,0,12,8.0,0.0,0.75,,,,The Echo Lounge and Music Hall Dallas,Dallas,TX,dallas,America/Chicago,32.7906,-96.8145,US,,,1
685305f7203403384c548fda,2026-07-17,Geoff Tate (Rescheduled from 2/11/26),2026-09-14 00:00:00,music,59.0,0,Monday,0,1,1,0,10,10.0,0.0,1.0,4.0,-3.0,-75.0,The Echo Lounge and Music Hall Dallas,Dallas,TX,dallas,America/Chicago,32.7906,-96.8145,US,,,0
685305f7203403384c548fda,2026-08-06,Geoff Tate (Rescheduled from 2/11/26),2026-09-14 00:00:00,music,39.0,0,Monday,0,4,2,0,4,2.5,0.0,1.0,1.0,3.0,300.0,The Echo Lounge and Music Hall Dallas,Dallas,TX,dallas,America/Chicago,32.7906,-96.8145,US,,,1
685305f7203403384c548fda,2026-08-07,Geoff Tate (Rescheduled from 2/11/26),2026-09-14 00:00:00,music,38.0,0,Monday,0,1,1,0,11,11.0,0.0,1.0,4.0,-3.0,-75.0,The Echo Lounge and Music Hall Dallas,Dallas,TX,dallas,America/Chicago,32.7906,-96.8145,US,,,0
6855a93b0efbb3f4bd136c76,2026-07-15,David Foster and Katharine McPhee (Rescheduled from 2/6),2026-09-27 23:00:00,music,74.96,23,Sunday,1,13,5,5,6,4.153846153846154,1.0,0.9230769230769232,,,,Mayo Performing Arts Center,Morristown,NJ,newyork,America/New_York,40.7944,-74.4779,US,,,1
6855a93b0efbb3f4bd136c76,2026-07-17,David Foster and Katharine McPhee (Rescheduled from 2/6),2026-09-27 23:00:00,music,72.96,23,Sunday,1,1,1,1,2,2.0,1.0,1.0,13.0,-12.0,-92.3076923076923,Mayo Performing Arts Center,Morristown,NJ,newyork,America/New_York,40.7944,-74.4779,US,,,0
6855a93b0efbb3f4bd136c76,2026-07-18,David Foster and Katharine McPhee (Rescheduled from 2/6),2026-09-27 23:00:00,music,71.96,23,Sunday,1,9,5,5,4,4.0,1.0,1.0,1.0,8.0,800.0,Mayo Performing Arts Center,Morristown,NJ,newyork,America/New_York,40.7944,-74.4779,US,,,0
6855a93b0efbb3f4bd136c76,2026-07-20,David Foster and Katharine McPhee (Rescheduled from 2/6),2026-09-27 23:00:00,music,69.96,23,Sunday,1,9,5,5,4,4.0,1.0,1.0,9.0,0.0,0.0,Mayo Performing Arts Center,Morristown,NJ,newyork,America/New_York,40.7944,-74.4779,US,,,1
6855a93b0efbb3f4bd136c76,2026-07-31,David Foster and Katharine McPhee (Rescheduled from 2/6),2026-09-27 23:00:00,music,58.96,23,Sunday,1,2,2,2,4,3.0,1.0,1.0,9.0,-7.0,-77.77777777777779,Mayo Performing Arts Center,Morristown,NJ,newyork,America/New_York,40.7944,-74.4779,US,,,0
6855a93b0efbb3f4bd136c76,2026-08-04,David Foster and Katharine McPhee (Rescheduled from 2/6),2026-09-27 23:00:00,music,54.96,23,Sunday,1,7,3,3,4,3.7142857142857135,1.0,1.0,2.0,5.0,250.0,Mayo Performing Arts Center,Morristown,NJ,newyork,America/New_York,40.7944,-74.4779,US,,,1
6855a93b0efbb3f4bd136c76,2026-08-05,David Foster and Katharine McPhee (Rescheduled from 2/6),2026-09-27 23:00:00,music,53.96,23,Sunday,1,3,2,2,4,4.0,1.0,1.0,7.0,-4.0,-57.14285714285714,Mayo Performing Arts Center,Morristown,NJ,newyork,America/New_York,40.7944,-74.4779,US,,,1
6855a93b0efbb3f4bd136c76,2026-08-07,David Foster and Katharine McPhee (Rescheduled from 2/6),2026-09-27 23:00:00,music,51.96,23,Sunday,1,1,1,1,2,2.0,1.0,1.0,3.0,-2.0,-66.66666666666666,Mayo Performing Arts Center,Morristown,NJ,newyork,America/New_York,40.7944,-74.4779,US,,,0
6855a93b0efbb3f4bd136c76,2026-08-08,David Foster and Katharine McPhee (Rescheduled from 2/6),2026-09-27 23:00:00,music,50.96,23,Sunday,1,9,5,5,4,4.0,1.0,1.0,1.0,8.0,800.0,Mayo Performing Arts Center,Morristown,NJ,newyork,America/New_York,40.7944,-74.4779,US,,,1
6855a93b0efbb3f4bd136c76,2026-08-11,David Foster and Katharine McPhee (Rescheduled from 2/6),2026-09-27 23:00:00,music,47.96,23,Sunday,1,1,1,1,4,4.0,1.0,1.0,9.0,-8.0,-88.88888888888889,Mayo Performing Arts Center,Morristown,NJ,newyork,America/New_York,40.7944,-74.4779,US,,,0
685c46cb257150c9e9d0328b,2026-07-15,Slander - Saturday (Rescheduled from 1/31),2026-08-09 02:00:00,music,25.08,2,Sunday,1,6,6,4,10,6.666666666666667,1.0,1.0,,,,,,,,,,,,,,1
685c46cb257150c9e9d0328b,2026-07-17,Slander - Saturday (Rescheduled from 1/31),2026-08-09 02:00:00,music,23.08,2,Sunday,1,3,3,3,8,6.0,1.0,1.0,6.0,-3.0,-50.0,,,,,,,,,,,0
685c46cb257150c9e9d0328b,2026-07-18,Slander - Saturday (Rescheduled from 1/31),2026-08-09 02:00:00,music,22.08,2,Sunday,1,3,3,2,6,3.333333333333333,1.0,0.6666666666666666,3.0,0.0,0.0,,,,,,,,,,,1
685c46cb257150c9e9d0328b,2026-07-19,Slander - Saturday (Rescheduled from 1/31),2026-08-09 02:00:00,music,21.08,2,Sunday,1,2,2,1,4,3.5,1.0,1.0,3.0,-1.0,-33.33333333333333,,,,,,,,,,,0
685c46cb257150c9e9d0328b,2026-07-20,Slander - Saturday (Rescheduled from 1/31),2026-08-09 02:00:00,music,20.08,2,Sunday,1,2,2,2,8,5.0,1.0,1.0,2.0,0.0,0.0,,,,,,,,,,,0
685c46cb257150c9e9d0328b,2026-07-22,Slander - Saturday (Rescheduled from 1/31),2026-08-09 02:00:00,music,18.08,2,Sunday,1,4,4,4,10,7.5,1.0,1.0,2.0,2.0,100.0,,,,,,,,,,,1
685c46cb257150c9e9d0328b,2026-07-23,Slander - Saturday (Rescheduled from 1/31),2026-08-09 02:00:00,music,17.08,2,Sunday,1,1,1,0,2,2.0,1.0,1.0,4.0,-3.0,-75.0,,,,,,,,,,,0
685c46cb257150c9e9d0328b,2026-07-24,Slander - Saturday (Rescheduled from 1/31),2026-08-09 02:00:00,music,16.08,2,Sunday,1,2,2,2,8,6.0,1.0,1.0,1.0,1.0,100.0,,,,,,,,,,,0
685c46cb257150c9e9d0328b,2026-07-31,Slander - Saturday (Rescheduled from 1/31),2026-08-09 02:00:00,music,9.08,2,Sunday,1,2,2,2,12,7.0,1.0,1.0,2.0,0.0,0.0,,,,,,,,,,,1
685c46cb257150c9e9d0328b,2026-08-02,Slander - Saturday (Rescheduled from 1/31),2026-08-09 02:00:00,music,7.08,2,Sunday,1,1,1,1,4,4.0,1.0,1.0,2.0,-1.0,-50.0,,,,,,,,,,,0
685c46cb257150c9e9d0328b,2026-08-03,Slander - Saturday (Rescheduled from 1/31),2026-08-09 02:00:00,music,6.08,2,Sunday,1,2,2,1,4,3.0,1.0,1.0,1.0,1.0,100.0,,,,,,,,,,,1
685c46cb257150c9e9d0328b,2026-08-04,Slander - Saturday (Rescheduled from 1/31),2026-08-09 02:00:00,music,5.08,2,Sunday,1,1,1,1,8,8.0,1.0,1.0,2.0,-1.0,-50.0,,,,,,,,,,,0
685c46cb257150c9e9d0328b,2026-08-05,Slander - Saturday (Rescheduled from 1/31),2026-08-09 02:00:00,music,4.08,2,Sunday,1,2,2,2,8,5.0,1.0,0.5,1.0,1.0,100.0,,,,,,,,,,,0
685c46cb257150c9e9d0328b,2026-08-06,Slander - Saturday (Rescheduled from 1/31),2026-08-09 02:00:00,music,3.08,2,Sunday,1,3,3,3,10,8.0,1.0,1.0,2.0,1.0,50.0,,,,,,,,,,,0
685c46cb257150c9e9d0328b,2026-08-07,Slander - Saturday (Rescheduled from 1/31),2026-08-09 02:00:00,music,2.08,2,Sunday,1,3,3,2,12,6.0,1.0,1.0,3.0,0.0,0.0,,,,,,,,,,,0
685c46cb257150c9e9d0328b,2026-08-08,Slander - Saturday (Rescheduled from 1/31),2026-08-09 02:00:00,music,1.08,2,Sunday,1,3,3,2,8,6.666666666666667,1.0,1.0,3.0,0.0,0.0,,,,,,,,,,,0
685c46cbafd43c068f64530c,2026-07-15,Slander - Friday (Rescheduled from 1/30),2026-08-08 02:00:00,music,24.08,2,Saturday,1,6,6,5,8,5.0,1.0,0.8333333333333334,,,,,,,,,,,,,,1
685c46cbafd43c068f64530c,2026-07-17,Slander - Friday (Rescheduled from 1/30),2026-08-08 02:00:00,music,22.08,2,Saturday,1,1,1,1,2,2.0,1.0,1.0,6.0,-5.0,-83.33333333333334,,,,,,,,,,,0
685c46cbafd43c068f64530c,2026-07-19,Slander - Friday (Rescheduled from 1/30),2026-08-08 02:00:00,music,20.08,2,Saturday,1,1,1,1,2,2.0,1.0,1.0,1.0,0.0,0.0,,,,,,,,,,,0
685c46cbafd43c068f64530c,2026-07-22,Slander - Friday (Rescheduled from 1/30),2026-08-08 02:00:00,music,17.08,2,Saturday,1,4,4,3,10,6.75,1.0,1.0,1.0,3.0,300.0,,,,,,,,,,,1
685c46cbafd43c068f64530c,2026-07-24,Slander - Friday (Rescheduled from 1/30),2026-08-08 02:00:00,music,15.08,2,Saturday,1,1,1,1,2,2.0,1.0,1.0,4.0,-3.0,-75.0,,,,,,,,,,,0
685c46cbafd43c068f64530c,2026-07-31,Slander - Friday (Rescheduled from 1/30),2026-08-08 02:00:00,music,8.08,2,Saturday,1,2,2,2,12,8.0,1.0,1.0,1.0,1.0,100.0,,,,,,,,,,,0
685c46cbafd43c068f64530c,2026-08-02,Slander - Friday (Rescheduled from 1/30),2026-08-08 02:00:00,music,6.08,2,Saturday,1,2,2,2,12,7.0,1.0,1.0,2.0,0.0,0.0,,,,,,,,,,,1
685c46cbafd43c068f64530c,2026-08-03,Slander - Friday (Rescheduled from 1/30),2026-08-08 02:00:00,music,5.08,2,Saturday,1,1,1,1,2,2.0,1.0,1.0,2.0,-1.0,-50.0,,,,,,,,,,,0
685c46cbafd43c068f64530c,2026-08-04,Slander - Friday (Rescheduled from 1/30),2026-08-08 02:00:00,music,4.08,2,Saturday,1,1,1,1,2,2.0,1.0,1.0,1.0,0.0,0.0,,,,,,,,,,,0
685c46cbafd43c068f64530c,2026-08-05,Slander - Friday (Rescheduled from 1/30),2026-08-08 02:00:00,music,3.08,2,Saturday,1,3,3,2,8,6.0,1.0,1.0,1.0,2.0,200.0,,,,,,,,,,,1
685c46cbafd43c068f64530c,2026-08-06,Slander - Friday (Rescheduled from 1/30),2026-08-08 02:00:00,music,2.08,2,Saturday,1,1,1,1,3,3.0,1.0,1.0,3.0,-2.0,-66.66666666666666,,,,,,,,,,,0
685c46cbafd43c068f64530c,2026-08-07,Slander - Friday (Rescheduled from 1/30),2026-08-08 02:00:00,music,1.08,2,Saturday,1,4,4,3,12,7.25,1.0,1.0,1.0,3.0,300.0,,,,,,,,,,,0
6890fb2a66c04e6f6dcb6c1e,2026-07-15,Mammoth (Rescheduled from 11/29/2025),2026-07-19 00:00:00,music,4.0,0,Sunday,1,5,2,0,4,2.6,0.0,0.2,,,,,,,,,,,,,,1
6890fb2a66c04e6f6dcb6c1e,2026-07-17,Mammoth (Rescheduled from 11/29/2025),2026-07-19 00:00:00,music,2.0,0,Sunday,1,1,1,0,2,2.0,1.0,0.0,5.0,-4.0,-80.0,,,,,,,,,,,0
689154f566b28b4c43444107,2026-08-07,Crystal Gayle (Rescheduled from 2/20),2026-10-24 01:00:00,music,78.04,1,Saturday,1,4,4,0,6,5.0,0.25,1.0,,,,Main Street Crossing,Tomball,TX,houston,America/Chicago,30.097611675,-95.61434287,US,,,1
689154f566b28b4c43444107,2026-08-13,Crystal Gayle (Rescheduled from 2/20),2026-10-24 01:00:00,music,72.04,1,Saturday,1,2,2,0,2,2.0,0.0,1.0,4.0,-2.0,-50.0,Main Street Crossing,Tomball,TX,houston,America/Chicago,30.097611675,-95.61434287,US,,,0
68a3a8815f4d5e82ae0f51f7,2026-07-15,Tyler Braden (18+ Event) (Rescheduled from 1/29),2026-08-01 01:00:00,music,17.04,1,Saturday,1,1,1,1,2,2.0,1.0,1.0,,,,Fine Line Music Cafe,Minneapolis,MN,minneapolis,America/Chicago,44.9818,-93.2721,US,,,0
68a3a8815f4d5e82ae0f51f7,2026-07-22,Tyler Braden (18+ Event) (Rescheduled from 1/29),2026-08-01 01:00:00,music,10.04,1,Saturday,1,1,1,1,2,2.0,1.0,1.0,1.0,0.0,0.0,Fine Line Music Cafe,Minneapolis,MN,minneapolis,America/Chicago,44.9818,-93.2721,US,,,0
68a3a8815f4d5e82ae0f51f7,2026-07-23,Tyler Braden (18+ Event) (Rescheduled from 1/29),2026-08-01 01:00:00,music,9.04,1,Saturday,1,1,1,1,9,9.0,1.0,1.0,1.0,0.0,0.0,Fine Line Music Cafe,Minneapolis,MN,minneapolis,America/Chicago,44.9818,-93.2721,US,,,0
68a4f97666827ffb0bbdcfee,2026-08-02,Big Head Todd And The Monsters (Rescheduled from 1/23/26),2026-10-17 00:30:00,music,76.02,0,Saturday,1,2,2,1,4,4.0,1.0,1.0,,,,Hoyt Sherman Place,Des Moines,IA,iowacity,America/Chicago,41.5886,-93.6383,US,,,0
68a4f97666827ffb0bbdcfee,2026-08-04,Big Head Todd And The Monsters (Rescheduled from 1/23/26),2026-10-17 00:30:00,music,74.02,0,Saturday,1,2,2,1,4,4.0,1.0,1.0,2.0,0.0,0.0,Hoyt Sherman Place,Des Moines,IA,iowacity,America/Chicago,41.5886,-93.6383,US,,,0
68a4f97666827ffb0bbdcfee,2026-08-05,Big Head Todd And The Monsters (Rescheduled from 1/23/26),2026-10-17 00:30:00,music,73.02,0,Saturday,1,3,2,1,4,2.6666666666666665,1.0,1.0,2.0,1.0,50.0,Hoyt Sherman Place,Des Moines,IA,iowacity,America/Chicago,41.5886,-93.6383,US,,,0
68a4f97666827ffb0bbdcfee,2026-08-07,Big Head Todd And The Monsters (Rescheduled from 1/23/26),2026-10-17 00:30:00,music,71.02,0,Saturday,1,3,2,1,4,2.6666666666666665,1.0,1.0,3.0,0.0,0.0,Hoyt Sherman Place,Des Moines,IA,iowacity,America/Chicago,41.5886,-93.6383,US,,,0
68a4f97666827ffb0bbdcfee,2026-08-08,Big Head Todd And The Monsters (Rescheduled from 1/23/26),2026-10-17 00:30:00,music,70.02,0,Saturday,1,4,4,1,4,4.0,1.0,1.0,3.0,1.0,33.33333333333333,Hoyt Sherman Place,Des Moines,IA,iowacity,America/Chicago,41.5886,-93.6383,US,,,1
68a4f97666827ffb0bbdcfee,2026-08-11,Big Head Todd And The Monsters (Rescheduled from 1/23/26),2026-10-17 00:30:00,music,67.02,0,Saturday,1,1,1,1,4,4.0,1.0,1.0,4.0,-3.0,-75.0,Hoyt Sherman Place,Des Moines,IA,iowacity,America/Chicago,41.5886,-93.6383,US,,,0
68a4fe82e3546edfeda0acf5,2026-08-02,Big Head Todd and the Monsters (Rescheduled from 2/1/26),2026-10-19 00:30:00,music,78.02,0,Monday,0,11,8,3,5,3.0,0.9090909090909092,0.8181818181818182,,,,Pabst Theater,Milwaukee,WI,milwaukee,America/Chicago,43.0411,-87.9104,US,,,1
68a4fe82e3546edfeda0acf5,2026-08-04,Big Head Todd and the Monsters (Rescheduled from 2/1/26),2026-10-19 00:30:00,music,76.02,0,Monday,0,2,1,1,2,2.0,1.0,1.0,11.0,-9.0,-81.81818181818183,Pabst Theater,Milwaukee,WI,milwaukee,America/Chicago,43.0411,-87.9104,US,,,1
68a4fe82e3546edfeda0acf5,2026-08-06,Big Head Todd and the Monsters (Rescheduled from 2/1/26),2026-10-19 00:30:00,music,74.02,0,Monday,0,1,1,1,4,4.0,1.0,1.0,2.0,-1.0,-50.0,Pabst Theater,Milwaukee,WI,milwaukee,America/Chicago,43.0411,-87.9104,US,,,0
68a4fe82e3546edfeda0acf5,2026-08-07,Big Head Todd and the Monsters (Rescheduled from 2/1/26),2026-10-19 00:30:00,music,73.02,0,Monday,0,6,4,2,4,2.333333333333333,0.6666666666666666,1.0,1.0,5.0,500.0,Pabst Theater,Milwaukee,WI,milwaukee,America/Chicago,43.0411,-87.9104,US,,,1
68a4fe82e3546edfeda0acf5,2026-08-12,Big Head Todd and the Monsters (Rescheduled from 2/1/26),2026-10-19 00:30:00,music,68.02,0,Monday,0,1,1,1,5,5.0,1.0,1.0,6.0,-5.0,-83.33333333333334,Pabst Theater,Milwaukee,WI,milwaukee,America/Chicago,43.0411,-87.9104,US,,,0
68a5011b9d0a163480c7b414,2026-07-19,Big Head Todd and the Monsters (Rescheduled from 1/29/26),2026-10-11 01:00:00,music,84.04,1,Sunday,1,7,5,5,8,4.285714285714286,1.0,0.7142857142857143,,,,The Pageant,St. Louis,MO,stlouis,America/Chicago,38.6556,-90.2979,US,,,1
68a5011b9d0a163480c7b414,2026-07-22,Big Head Todd and the Monsters (Rescheduled from 1/29/26),2026-10-11 01:00:00,music,81.04,1,Sunday,1,1,1,1,3,3.0,1.0,1.0,7.0,-6.0,-85.71428571428571,The Pageant,St. Louis,MO,stlouis,America/Chicago,38.6556,-90.2979,US,,,0
68a5011b9d0a163480c7b414,2026-07-31,Big Head Todd and the Monsters (Rescheduled from 1/29/26),2026-10-11 01:00:00,music,72.04,1,Sunday,1,3,3,3,12,7.666666666666667,1.0,1.0,1.0,2.0,200.0,The Pageant,St. Louis,MO,stlouis,America/Chicago,38.6556,-90.2979,US,,,1
68a5011b9d0a163480c7b414,2026-08-02,Big Head Todd and the Monsters (Rescheduled from 1/29/26),2026-10-11 01:00:00,music,70.04,1,Sunday,1,1,1,1,12,12.0,1.0,1.0,3.0,-2.0,-66.66666666666666,The Pageant,St. Louis,MO,stlouis,America/Chicago,38.6556,-90.2979,US,,,0
68a5011b9d0a163480c7b414,2026-08-05,Big Head Todd and the Monsters (Rescheduled from 1/29/26),2026-10-11 01:00:00,music,67.04,1,Sunday,1,1,1,1,6,6.0,1.0,1.0,1.0,0.0,0.0,The Pageant,St. Louis,MO,stlouis,America/Chicago,38.6556,-90.2979,US,,,0
68a5011b9d0a163480c7b414,2026-08-06,Big Head Todd and the Monsters (Rescheduled from 1/29/26),2026-10-11 01:00:00,music,66.04,1,Sunday,1,1,1,1,2,2.0,1.0,1.0,1.0,0.0,0.0,The Pageant,St. Louis,MO,stlouis,America/Chicago,38.6556,-90.2979,US,,,0
68a5011b9d0a163480c7b414,2026-08-08,Big Head Todd and the Monsters (Rescheduled from 1/29/26),2026-10-11 01:00:00,music,64.04,1,Sunday,1,3,2,2,8,4.0,1.0,1.0,1.0,2.0,200.0,The Pageant,St. Louis,MO,stlouis,America/Chicago,38.6556,-90.2979,US,,,1
68a5011b9d0a163480c7b414,2026-08-10,Big Head Todd and the Monsters (Rescheduled from 1/29/26),2026-10-11 01:00:00,music,62.04,1,Sunday,1,2,2,2,12,9.0,1.0,1.0,3.0,-1.0,-33.33333333333333,The Pageant,St. Louis,MO,stlouis,America/Chicago,38.6556,-90.2979,US,,,0
68a5011b9d0a163480c7b414,2026-08-12,Big Head Todd and the Monsters (Rescheduled from 1/29/26),2026-10-11 01:00:00,music,60.04,1,Sunday,1,2,2,2,8,6.0,1.0,1.0,2.0,0.0,0.0,The Pageant,St. Louis,MO,stlouis,America/Chicago,38.6556,-90.2979,US,,,1
68a5011b9d0a163480c7b414,2026-08-13,Big Head Todd and the Monsters (Rescheduled from 1/29/26),2026-10-11 01:00:00,music,59.04,1,Sunday,1,1,1,1,2,2.0,1.0,1.0,2.0,-1.0,-50.0,The Pageant,St. Louis,MO,stlouis,America/Chicago,38.6556,-90.2979,US,,,0
68a51c033fc7c9fbd87e4e21,2026-07-18,Big Head Todd and the Monsters (Rescheduled from 1/22/26),2026-10-10 00:30:00,music,84.02,0,Saturday,1,15,6,2,5,2.7333333333333334,1.0,0.8666666666666667,,,,Uptown Theater,Kansas City,MO,kansascity,America/Chicago,39.0611,-94.5905,US,,,1
68a51c033fc7c9fbd87e4e21,2026-07-19,Big Head Todd and the Monsters (Rescheduled from 1/22/26),2026-10-10 00:30:00,music,83.02,0,Saturday,1,2,2,1,3,2.5,1.0,0.5,15.0,-13.0,-86.66666666666667,Uptown Theater,Kansas City,MO,kansascity,America/Chicago,39.0611,-94.5905,US,,,0
68a51c033fc7c9fbd87e4e21,2026-07-20,Big Head Todd and the Monsters (Rescheduled from 1/22/26),2026-10-10 00:30:00,music,82.02,0,Saturday,1,4,2,1,4,3.5,1.0,0.75,2.0,2.0,100.0,Uptown Theater,Kansas City,MO,kansascity,America/Chicago,39.0611,-94.5905,US,,,1
68a51c033fc7c9fbd87e4e21,2026-07-23,Big Head Todd and the Monsters (Rescheduled from 1/22/26),2026-10-10 00:30:00,music,79.02,0,Saturday,1,1,1,1,2,2.0,1.0,1.0,4.0,-3.0,-75.0,Uptown Theater,Kansas City,MO,kansascity,America/Chicago,39.0611,-94.5905,US,,,0
68a51c033fc7c9fbd87e4e21,2026-07-31,Big Head Todd and the Monsters (Rescheduled from 1/22/26),2026-10-10 00:30:00,music,71.02,0,Saturday,1,1,1,1,2,2.0,1.0,1.0,1.0,0.0,0.0,Uptown Theater,Kansas City,MO,kansascity,America/Chicago,39.0611,-94.5905,US,,,0
68a51c033fc7c9fbd87e4e21,2026-08-02,Big Head Todd and the Monsters (Rescheduled from 1/22/26),2026-10-10 00:30:00,music,69.02,0,Saturday,1,3,1,1,4,4.0,1.0,1.0,1.0,2.0,200.0,Uptown Theater,Kansas City,MO,kansascity,America/Chicago,39.0611,-94.5905,US,,,1
68a51c033fc7c9fbd87e4e21,2026-08-04,Big Head Todd and the Monsters (Rescheduled from 1/22/26),2026-10-10 00:30:00,music,67.02,0,Saturday,1,2,1,1,4,4.0,1.0,1.0,3.0,-1.0,-33.33333333333333,Uptown Theater,Kansas City,MO,kansascity,America/Chicago,39.0611,-94.5905,US,,,1
68a51c033fc7c9fbd87e4e21,2026-08-05,Big Head Todd and the Monsters (Rescheduled from 1/22/26),2026-10-10 00:30:00,music,66.02,0,Saturday,1,1,1,1,4,4.0,1.0,1.0,2.0,-1.0,-50.0,Uptown Theater,Kansas City,MO,kansascity,America/Chicago,39.0611,-94.5905,US,,,0
68a51c033fc7c9fbd87e4e21,2026-08-06,Big Head Todd and the Monsters (Rescheduled from 1/22/26),2026-10-10 00:30:00,music,65.02,0,Saturday,1,3,1,1,4,2.6666666666666665,1.0,1.0,1.0,2.0,200.0,Uptown Theater,Kansas City,MO,kansascity,America/Chicago,39.0611,-94.5905,US,,,0
68a51c033fc7c9fbd87e4e21,2026-08-08,Big Head Todd and the Monsters (Rescheduled from 1/22/26),2026-10-10 00:30:00,music,63.02,0,Saturday,1,4,2,1,4,4.0,0.75,1.0,3.0,1.0,33.33333333333333,Uptown Theater,Kansas City,MO,kansascity,America/Chicago,39.0611,-94.5905,US,,,1
68a51c033fc7c9fbd87e4e21,2026-08-10,Big Head Todd and the Monsters (Rescheduled from 1/22/26),2026-10-10 00:30:00,music,61.02,0,Saturday,1,1,1,1,2,2.0,1.0,1.0,4.0,-3.0,-75.0,Uptown Theater,Kansas City,MO,kansascity,America/Chicago,39.0611,-94.5905,US,,,0
68a51c033fc7c9fbd87e4e21,2026-08-11,Big Head Todd and the Monsters (Rescheduled from 1/22/26),2026-10-10 00:30:00,music,60.02,0,Saturday,1,5,3,2,2,2.0,1.0,1.0,1.0,4.0,400.0,Uptown Theater,Kansas City,MO,kansascity,America/Chicago,39.0611,-94.5905,US,,,1
68a51c033fc7c9fbd87e4e21,2026-08-12,Big Head Todd and the Monsters (Rescheduled from 1/22/26),2026-10-10 00:30:00,music,59.02,0,Saturday,1,1,1,1,2,2.0,1.0,1.0,5.0,-4.0,-80.0,Uptown Theater,Kansas City,MO,kansascity,America/Chicago,39.0611,-94.5905,US,,,0
68a64ff56ea41c3bc3bffe5c,2026-08-01,Peter Hook and The Light,2026-09-16 02:30:00,music,46.1,2,Wednesday,0,1,1,1,8,8.0,1.0,1.0,,,,The Van Buren,Phoenix,AZ,phoenix,America/Phoenix,33.4511,-112.079,US,,,0
68a6527cd375b78ec2eca63b,2026-08-09,Peter Hook and The Light,2026-09-05 23:00:00,music,27.96,23,Saturday,1,1,1,1,2,2.0,1.0,1.0,,,,Brooklyn Paramount Theatre,Brooklyn,NY,newyork,America/New_York,40.6905,-73.9809,US,,,0
68b9fa075f1ef86c59a7ca29,2026-07-21,The Weeknd,2026-07-24 19:00:00,music,3.79,19,Friday,0,26,23,0,8,4.038461538461538,0.0384615384615384,0.3461538461538461,,,,,,,,,,,,,,0
68bf5e4970e7de421816faa3,2026-07-15,Grand Funk Railroad (Rescheduled from 1/10),2026-08-01 23:30:00,music,17.98,23,Saturday,1,27,15,3,8,4.0,0.6296296296296297,0.7777777777777778,,,,Harrah's Cherokee,Cherokee,NC,charlotte,America/New_York,35.4699,-83.305,US,,,1
68bf5e4970e7de421816faa3,2026-07-17,Grand Funk Railroad (Rescheduled from 1/10),2026-08-01 23:30:00,music,15.98,23,Saturday,1,14,9,3,12,4.857142857142857,0.7142857142857143,1.0,27.0,-13.0,-48.14814814814815,Harrah's Cherokee,Cherokee,NC,charlotte,America/New_York,35.4699,-83.305,US,,,1
68bf5e4970e7de421816faa3,2026-07-18,Grand Funk Railroad (Rescheduled from 1/10),2026-08-01 23:30:00,music,14.98,23,Saturday,1,8,7,3,8,3.25,0.875,0.75,14.0,-6.0,-42.85714285714285,Harrah's Cherokee,Cherokee,NC,charlotte,America/New_York,35.4699,-83.305,US,,,1
68bf5e4970e7de421816faa3,2026-07-19,Grand Funk Railroad (Rescheduled from 1/10),2026-08-01 23:30:00,music,13.98,23,Saturday,1,4,4,2,4,3.25,0.5,1.0,8.0,-4.0,-50.0,Harrah's Cherokee,Cherokee,NC,charlotte,America/New_York,35.4699,-83.305,US,,,0
68bf5e4970e7de421816faa3,2026-07-20,Grand Funk Railroad (Rescheduled from 1/10),2026-08-01 23:30:00,music,12.98,23,Saturday,1,7,6,2,8,3.571428571428572,1.0,1.0,4.0,3.0,75.0,Harrah's Cherokee,Cherokee,NC,charlotte,America/New_York,35.4699,-83.305,US,,,0
68bf5e4970e7de421816faa3,2026-07-22,Grand Funk Railroad (Rescheduled from 1/10),2026-08-01 23:30:00,music,10.98,23,Saturday,1,11,7,2,8,5.909090909090909,0.8181818181818182,0.9090909090909092,7.0,4.0,57.14285714285714,Harrah's Cherokee,Cherokee,NC,charlotte,America/New_York,35.4699,-83.305,US,,,1
68bf5e4970e7de421816faa3,2026-07-23,Grand Funk Railroad (Rescheduled from 1/10),2026-08-01 23:30:00,music,9.98,23,Saturday,1,7,5,3,7,3.4285714285714284,0.8571428571428571,0.5714285714285714,11.0,-4.0,-36.36363636363637,Harrah's Cherokee,Cherokee,NC,charlotte,America/New_York,35.4699,-83.305,US,,,1
68bf5e4970e7de421816faa3,2026-07-24,Grand Funk Railroad (Rescheduled from 1/10),2026-08-01 23:30:00,music,8.98,23,Saturday,1,1,1,1,6,6.0,1.0,1.0,7.0,-6.0,-85.71428571428571,Harrah's Cherokee,Cherokee,NC,charlotte,America/New_York,35.4699,-83.305,US,,,0
68bf5e4970e7de421816faa3,2026-07-31,Grand Funk Railroad (Rescheduled from 1/10),2026-08-01 23:30:00,music,1.98,23,Saturday,1,16,11,3,8,3.75,0.75,0.8125,1.0,15.0,1500.0,Harrah's Cherokee,Cherokee,NC,charlotte,America/New_York,35.4699,-83.305,US,,,0
68c4641aff50f03802e4aeb6,2026-07-15,Jason Aldean (Rescheduled from 1/24),2026-08-21 23:30:00,music,37.98,23,Friday,0,39,33,3,4,3.128205128205128,0.4615384615384615,0.5384615384615384,,,,,,,,,,,,,,1
68c4641aff50f03802e4aeb6,2026-07-17,Jason Aldean (Rescheduled from 1/24),2026-08-21 23:30:00,music,35.98,23,Friday,0,3,3,2,6,3.333333333333333,0.6666666666666666,0.0,39.0,-36.0,-92.3076923076923,,,,,,,,,,,1
68c4641aff50f03802e4aeb6,2026-07-18,Jason Aldean (Rescheduled from 1/24),2026-08-21 23:30:00,music,34.98,23,Friday,0,2,2,1,4,3.0,0.5,0.5,3.0,-1.0,-33.33333333333333,,,,,,,,,,,0
68c4641aff50f03802e4aeb6,2026-07-19,Jason Aldean (Rescheduled from 1/24),2026-08-21 23:30:00,music,33.98,23,Friday,0,2,2,2,4,3.0,0.0,0.5,2.0,0.0,0.0,,,,,,,,,,,1
68c4641aff50f03802e4aeb6,2026-07-20,Jason Aldean (Rescheduled from 1/24),2026-08-21 23:30:00,music,32.98,23,Friday,0,1,1,1,2,2.0,1.0,0.0,2.0,-1.0,-50.0,,,,,,,,,,,0
68c4641aff50f03802e4aeb6,2026-07-22,Jason Aldean (Rescheduled from 1/24),2026-08-21 23:30:00,music,30.98,23,Friday,0,2,2,1,4,3.0,0.5,0.5,1.0,1.0,100.0,,,,,,,,,,,0
68c4641aff50f03802e4aeb6,2026-07-23,Jason Aldean (Rescheduled from 1/24),2026-08-21 23:30:00,music,29.98,23,Friday,0,4,4,2,4,3.0,0.25,0.5,2.0,2.0,100.0,,,,,,,,,,,1
68c4641aff50f03802e4aeb6,2026-07-24,Jason Aldean (Rescheduled from 1/24),2026-08-21 23:30:00,music,28.98,23,Friday,0,3,3,2,2,2.0,1.0,0.6666666666666666,4.0,-1.0,-25.0,,,,,,,,,,,0
68c4641aff50f03802e4aeb6,2026-07-31,Jason Aldean (Rescheduled from 1/24),2026-08-21 23:30:00,music,21.98,23,Friday,0,4,4,1,4,2.5,0.5,0.5,3.0,1.0,33.33333333333333,,,,,,,,,,,0
68c4641aff50f03802e4aeb6,2026-08-02,Jason Aldean (Rescheduled from 1/24),2026-08-21 23:30:00,music,19.98,23,Friday,0,8,6,2,2,2.0,0.625,0.0,4.0,4.0,100.0,,,,,,,,,,,1
68c4641aff50f03802e4aeb6,2026-08-03,Jason Aldean (Rescheduled from 1/24),2026-08-21 23:30:00,music,18.98,23,Friday,0,4,4,2,2,2.0,0.25,0.25,8.0,-4.0,-50.0,,,,,,,,,,,0
68c4641aff50f03802e4aeb6,2026-08-04,Jason Aldean (Rescheduled from 1/24),2026-08-21 23:30:00,music,17.98,23,Friday,0,10,8,2,4,2.2,0.7,0.2,4.0,6.0,150.0,,,,,,,,,,,1
68c4641aff50f03802e4aeb6,2026-08-05,Jason Aldean (Rescheduled from 1/24),2026-08-21 23:30:00,music,16.98,23,Friday,0,2,2,2,4,3.0,1.0,0.0,10.0,-8.0,-80.0,,,,,,,,,,,0
68c4641aff50f03802e4aeb6,2026-08-06,Jason Aldean (Rescheduled from 1/24),2026-08-21 23:30:00,music,15.98,23,Friday,0,2,1,1,5,4.5,1.0,0.0,2.0,0.0,0.0,,,,,,,,,,,0
68c4641aff50f03802e4aeb6,2026-08-07,Jason Aldean (Rescheduled from 1/24),2026-08-21 23:30:00,music,14.98,23,Friday,0,4,4,2,6,3.0,0.75,0.25,2.0,2.0,100.0,,,,,,,,,,,0
68c4641aff50f03802e4aeb6,2026-08-08,Jason Aldean (Rescheduled from 1/24),2026-08-21 23:30:00,music,13.98,23,Friday,0,6,5,2,6,3.333333333333333,0.6666666666666666,0.3333333333333333,4.0,2.0,50.0,,,,,,,,,,,0
68c4641aff50f03802e4aeb6,2026-08-10,Jason Aldean (Rescheduled from 1/24),2026-08-21 23:30:00,music,11.98,23,Friday,0,5,4,2,4,2.4,0.6,0.4,6.0,-1.0,-16.666666666666664,,,,,,,,,,,0
68c4641aff50f03802e4aeb6,2026-08-11,Jason Aldean (Rescheduled from 1/24),2026-08-21 23:30:00,music,10.98,23,Friday,0,5,5,1,3,2.2,0.6,0.4,5.0,0.0,0.0,,,,,,,,,,,0
68c4641aff50f03802e4aeb6,2026-08-12,Jason Aldean (Rescheduled from 1/24),2026-08-21 23:30:00,music,9.98,23,Friday,0,4,3,1,2,2.0,0.75,0.25,5.0,-1.0,-20.0,,,,,,,,,,,0
68c4641aff50f03802e4aeb6,2026-08-13,Jason Aldean (Rescheduled from 1/24),2026-08-21 23:30:00,music,8.98,23,Friday,0,7,6,2,4,2.2857142857142856,0.7142857142857143,0.0,4.0,3.0,75.0,,,,,,,,,,,0
68c8790e83d99c89a285a5fc,2026-07-31,Sabaton (Rescheduled from 4/11/26),2026-09-28 00:00:00,music,59.0,0,Monday,0,3,3,0,10,5.333333333333333,0.3333333333333333,1.0,,,,,,,,,,,,,,1
68c8790e83d99c89a285a5fc,2026-08-06,Sabaton (Rescheduled from 4/11/26),2026-09-28 00:00:00,music,53.0,0,Monday,0,1,1,0,2,2.0,0.0,1.0,3.0,-2.0,-66.66666666666666,,,,,,,,,,,0
68c8790e83d99c89a285a5fc,2026-08-07,Sabaton (Rescheduled from 4/11/26),2026-09-28 00:00:00,music,52.0,0,Monday,0,1,1,0,2,2.0,0.0,1.0,1.0,0.0,0.0,,,,,,,,,,,0
68c87cd9e6a1cd8e99b5f17c,2026-07-17,Sabaton (Rescheduled from 4/9),2026-09-25 23:00:00,music,70.96,23,Friday,0,12,10,2,12,5.916666666666667,0.0833333333333333,1.0,,,,Place Bell,Laval,QC,montreal,America/New_York,45.5564,-73.7224,CA,,,1
68c87cd9e6a1cd8e99b5f17c,2026-07-18,Sabaton (Rescheduled from 4/9),2026-09-25 23:00:00,music,69.96,23,Friday,0,2,2,2,8,5.0,0.5,1.0,12.0,-10.0,-83.33333333333334,Place Bell,Laval,QC,montreal,America/New_York,45.5564,-73.7224,CA,,,0
68c87cd9e6a1cd8e99b5f17c,2026-07-19,Sabaton (Rescheduled from 4/9),2026-09-25 23:00:00,music,68.96,23,Friday,0,3,2,2,8,6.0,0.0,1.0,2.0,1.0,50.0,Place Bell,Laval,QC,montreal,America/New_York,45.5564,-73.7224,CA,,,1
68c87cd9e6a1cd8e99b5f17c,2026-07-20,Sabaton (Rescheduled from 4/9),2026-09-25 23:00:00,music,67.96,23,Friday,0,2,2,1,2,2.0,0.0,1.0,3.0,-1.0,-33.33333333333333,Place Bell,Laval,QC,montreal,America/New_York,45.5564,-73.7224,CA,,,0
68c87cd9e6a1cd8e99b5f17c,2026-07-22,Sabaton (Rescheduled from 4/9),2026-09-25 23:00:00,music,65.96,23,Friday,0,6,6,3,4,2.6666666666666665,0.1666666666666666,0.8333333333333334,2.0,4.0,200.0,Place Bell,Laval,QC,montreal,America/New_York,45.5564,-73.7224,CA,,,0
68c87cd9e6a1cd8e99b5f17c,2026-07-23,Sabaton (Rescheduled from 4/9),2026-09-25 23:00:00,music,64.96,23,Friday,0,17,11,2,10,5.117647058823529,0.1764705882352941,0.9411764705882352,6.0,11.0,183.3333333333333,Place Bell,Laval,QC,montreal,America/New_York,45.5564,-73.7224,CA,,,1
68c87cd9e6a1cd8e99b5f17c,2026-07-24,Sabaton (Rescheduled from 4/9),2026-09-25 23:00:00,music,63.96,23,Friday,0,3,3,2,10,7.333333333333333,0.0,1.0,17.0,-14.0,-82.35294117647058,Place Bell,Laval,QC,montreal,America/New_York,45.5564,-73.7224,CA,,,0
68c87cd9e6a1cd8e99b5f17c,2026-07-31,Sabaton (Rescheduled from 4/9),2026-09-25 23:00:00,music,56.96,23,Friday,0,4,4,1,6,4.5,0.5,1.0,3.0,1.0,33.33333333333333,Place Bell,Laval,QC,montreal,America/New_York,45.5564,-73.7224,CA,,,0
68c87cd9e6a1cd8e99b5f17c,2026-08-02,Sabaton (Rescheduled from 4/9),2026-09-25 23:00:00,music,54.96,23,Friday,0,4,3,2,8,5.75,0.5,0.75,4.0,0.0,0.0,Place Bell,Laval,QC,montreal,America/New_York,45.5564,-73.7224,CA,,,1
68c87cd9e6a1cd8e99b5f17c,2026-08-03,Sabaton (Rescheduled from 4/9),2026-09-25 23:00:00,music,53.96,23,Friday,0,3,2,1,10,9.333333333333334,0.3333333333333333,1.0,4.0,-1.0,-25.0,Place Bell,Laval,QC,montreal,America/New_York,45.5564,-73.7224,CA,,,0
68c87cd9e6a1cd8e99b5f17c,2026-08-05,Sabaton (Rescheduled from 4/9),2026-09-25 23:00:00,music,51.96,23,Friday,0,4,3,2,10,6.75,0.5,1.0,3.0,1.0,33.33333333333333,Place Bell,Laval,QC,montreal,America/New_York,45.5564,-73.7224,CA,,,1
68c87cd9e6a1cd8e99b5f17c,2026-08-07,Sabaton (Rescheduled from 4/9),2026-09-25 23:00:00,music,49.96,23,Friday,0,3,3,2,5,3.6666666666666665,0.0,1.0,4.0,-1.0,-25.0,Place Bell,Laval,QC,montreal,America/New_York,45.5564,-73.7224,CA,,,0
68c87cd9e6a1cd8e99b5f17c,2026-08-08,Sabaton (Rescheduled from 4/9),2026-09-25 23:00:00,music,48.96,23,Friday,0,4,3,1,4,2.5,0.0,1.0,3.0,1.0,33.33333333333333,Place Bell,Laval,QC,montreal,America/New_York,45.5564,-73.7224,CA,,,1
68c87cd9e6a1cd8e99b5f17c,2026-08-10,Sabaton (Rescheduled from 4/9),2026-09-25 23:00:00,music,46.96,23,Friday,0,2,2,1,2,2.0,0.0,1.0,4.0,-2.0,-50.0,Place Bell,Laval,QC,montreal,America/New_York,45.5564,-73.7224,CA,,,0
68c87cd9e6a1cd8e99b5f17c,2026-08-11,Sabaton (Rescheduled from 4/9),2026-09-25 23:00:00,music,45.96,23,Friday,0,6,4,3,10,5.166666666666667,0.5,1.0,2.0,4.0,200.0,Place Bell,Laval,QC,montreal,America/New_York,45.5564,-73.7224,CA,,,1
68c87cd9e6a1cd8e99b5f17c,2026-08-12,Sabaton (Rescheduled from 4/9),2026-09-25 23:00:00,music,44.96,23,Friday,0,2,1,1,2,2.0,0.5,0.5,6.0,-4.0,-66.66666666666666,Place Bell,Laval,QC,montreal,America/New_York,45.5564,-73.7224,CA,,,1
68c87cd9e6a1cd8e99b5f17c,2026-08-13,Sabaton (Rescheduled from 4/9),2026-09-25 23:00:00,music,43.96,23,Friday,0,1,1,1,2,2.0,1.0,0.0,2.0,-1.0,-50.0,Place Bell,Laval,QC,montreal,America/New_York,45.5564,-73.7224,CA,,,0
68c8908586ac1368c768250e,2026-07-15,Big Head Todd and the Monsters (Rescheduled from 1/27/26),2026-09-17 23:30:00,music,64.98,23,Thursday,0,17,6,2,8,4.0,1.0,0.9411764705882352,,,,Murat Theatre,Indianapolis,IN,indianapolis,America/New_York,39.7745,-86.1506,US,,,1
68c8908586ac1368c768250e,2026-07-17,Big Head Todd and the Monsters (Rescheduled from 1/27/26),2026-09-17 23:30:00,music,62.98,23,Thursday,0,1,1,1,8,8.0,1.0,1.0,17.0,-16.0,-94.11764705882352,Murat Theatre,Indianapolis,IN,indianapolis,America/New_York,39.7745,-86.1506,US,,,0
68c8908586ac1368c768250e,2026-07-18,Big Head Todd and the Monsters (Rescheduled from 1/27/26),2026-09-17 23:30:00,music,61.98,23,Thursday,0,7,6,2,4,4.0,1.0,1.0,1.0,6.0,600.0,Murat Theatre,Indianapolis,IN,indianapolis,America/New_York,39.7745,-86.1506,US,,,0
68c8908586ac1368c768250e,2026-07-20,Big Head Todd and the Monsters (Rescheduled from 1/27/26),2026-09-17 23:30:00,music,59.98,23,Thursday,0,14,6,2,10,4.428571428571429,1.0,1.0,7.0,7.0,100.0,Murat Theatre,Indianapolis,IN,indianapolis,America/New_York,39.7745,-86.1506,US,,,1
68c8908586ac1368c768250e,2026-07-22,Big Head Todd and the Monsters (Rescheduled from 1/27/26),2026-09-17 23:30:00,music,57.98,23,Thursday,0,4,3,2,7,5.25,1.0,1.0,14.0,-10.0,-71.42857142857143,Murat Theatre,Indianapolis,IN,indianapolis,America/New_York,39.7745,-86.1506,US,,,0
68c8908586ac1368c768250e,2026-07-24,Big Head Todd and the Monsters (Rescheduled from 1/27/26),2026-09-17 23:30:00,music,55.98,23,Thursday,0,8,3,1,10,6.625,1.0,1.0,4.0,4.0,100.0,Murat Theatre,Indianapolis,IN,indianapolis,America/New_York,39.7745,-86.1506,US,,,1
68c8908586ac1368c768250e,2026-07-31,Big Head Todd and the Monsters (Rescheduled from 1/27/26),2026-09-17 23:30:00,music,48.98,23,Thursday,0,6,2,1,10,6.666666666666667,1.0,1.0,8.0,-2.0,-25.0,Murat Theatre,Indianapolis,IN,indianapolis,America/New_York,39.7745,-86.1506,US,,,0
68c8908586ac1368c768250e,2026-08-02,Big Head Todd and the Monsters (Rescheduled from 1/27/26),2026-09-17 23:30:00,music,46.98,23,Thursday,0,7,3,1,10,6.285714285714286,1.0,1.0,6.0,1.0,16.666666666666664,Murat Theatre,Indianapolis,IN,indianapolis,America/New_York,39.7745,-86.1506,US,,,1
68c8908586ac1368c768250e,2026-08-04,Big Head Todd and the Monsters (Rescheduled from 1/27/26),2026-09-17 23:30:00,music,44.98,23,Thursday,0,5,4,2,4,4.0,1.0,1.0,7.0,-2.0,-28.57142857142857,Murat Theatre,Indianapolis,IN,indianapolis,America/New_York,39.7745,-86.1506,US,,,1
68c8908586ac1368c768250e,2026-08-05,Big Head Todd and the Monsters (Rescheduled from 1/27/26),2026-09-17 23:30:00,music,43.98,23,Thursday,0,1,1,1,2,2.0,1.0,0.0,5.0,-4.0,-80.0,Murat Theatre,Indianapolis,IN,indianapolis,America/New_York,39.7745,-86.1506,US,,,0
68c8908586ac1368c768250e,2026-08-07,Big Head Todd and the Monsters (Rescheduled from 1/27/26),2026-09-17 23:30:00,music,41.98,23,Thursday,0,1,1,1,6,6.0,1.0,1.0,1.0,0.0,0.0,Murat Theatre,Indianapolis,IN,indianapolis,America/New_York,39.7745,-86.1506,US,,,0
68c8908586ac1368c768250e,2026-08-08,Big Head Todd and the Monsters (Rescheduled from 1/27/26),2026-09-17 23:30:00,music,40.98,23,Thursday,0,5,4,2,6,4.4,1.0,1.0,1.0,4.0,400.0,Murat Theatre,Indianapolis,IN,indianapolis,America/New_York,39.7745,-86.1506,US,,,0
68c8908586ac1368c768250e,2026-08-13,Big Head Todd and the Monsters (Rescheduled from 1/27/26),2026-09-17 23:30:00,music,35.98,23,Thursday,0,5,5,2,9,5.6,1.0,1.0,5.0,0.0,0.0,Murat Theatre,Indianapolis,IN,indianapolis,America/New_York,39.7745,-86.1506,US,,,0
68ca013caffe6ceeaddb7c62,2026-07-15,Grand Funk Railroad (Rescheduled from 2/6),2026-08-29 01:00:00,music,45.04,1,Saturday,1,12,6,1,10,5.5,0.8333333333333334,0.9166666666666666,,,,,,,,,,,,,,1
68ca013caffe6ceeaddb7c62,2026-07-17,Grand Funk Railroad (Rescheduled from 2/6),2026-08-29 01:00:00,music,43.04,1,Saturday,1,3,1,1,6,5.333333333333333,0.6666666666666666,1.0,12.0,-9.0,-75.0,,,,,,,,,,,0
68ca013caffe6ceeaddb7c62,2026-07-18,Grand Funk Railroad (Rescheduled from 2/6),2026-08-29 01:00:00,music,42.04,1,Saturday,1,3,2,1,6,5.333333333333333,0.6666666666666666,1.0,3.0,0.0,0.0,,,,,,,,,,,1
68ca013caffe6ceeaddb7c62,2026-07-20,Grand Funk Railroad (Rescheduled from 2/6),2026-08-29 01:00:00,music,40.04,1,Saturday,1,2,1,1,6,6.0,1.0,1.0,3.0,-1.0,-33.33333333333333,,,,,,,,,,,1
68ca013caffe6ceeaddb7c62,2026-07-22,Grand Funk Railroad (Rescheduled from 2/6),2026-08-29 01:00:00,music,38.04,1,Saturday,1,1,1,1,2,2.0,1.0,1.0,2.0,-1.0,-50.0,,,,,,,,,,,0
68ca013caffe6ceeaddb7c62,2026-07-23,Grand Funk Railroad (Rescheduled from 2/6),2026-08-29 01:00:00,music,37.04,1,Saturday,1,2,2,1,7,6.5,1.0,1.0,1.0,1.0,100.0,,,,,,,,,,,0
68ca013caffe6ceeaddb7c62,2026-07-31,Grand Funk Railroad (Rescheduled from 2/6),2026-08-29 01:00:00,music,29.04,1,Saturday,1,2,2,1,6,4.0,0.5,1.0,2.0,0.0,0.0,,,,,,,,,,,0
68ca013caffe6ceeaddb7c62,2026-08-02,Grand Funk Railroad (Rescheduled from 2/6),2026-08-29 01:00:00,music,27.04,1,Saturday,1,5,3,1,4,2.8,1.0,0.0,2.0,3.0,150.0,,,,,,,,,,,0
68ca013caffe6ceeaddb7c62,2026-08-03,Grand Funk Railroad (Rescheduled from 2/6),2026-08-29 01:00:00,music,26.04,1,Saturday,1,5,3,1,5,4.2,0.8,0.6,5.0,0.0,0.0,,,,,,,,,,,1
68ca013caffe6ceeaddb7c62,2026-08-04,Grand Funk Railroad (Rescheduled from 2/6),2026-08-29 01:00:00,music,25.04,1,Saturday,1,1,1,1,4,4.0,1.0,0.0,5.0,-4.0,-80.0,,,,,,,,,,,0
68ca013caffe6ceeaddb7c62,2026-08-06,Grand Funk Railroad (Rescheduled from 2/6),2026-08-29 01:00:00,music,23.04,1,Saturday,1,3,2,1,8,4.666666666666667,1.0,0.3333333333333333,1.0,2.0,200.0,,,,,,,,,,,0
68ca013caffe6ceeaddb7c62,2026-08-08,Grand Funk Railroad (Rescheduled from 2/6),2026-08-29 01:00:00,music,21.04,1,Saturday,1,3,3,1,5,3.0,1.0,1.0,3.0,0.0,0.0,,,,,,,,,,,1
68ca013caffe6ceeaddb7c62,2026-08-10,Grand Funk Railroad (Rescheduled from 2/6),2026-08-29 01:00:00,music,19.04,1,Saturday,1,1,1,1,4,4.0,1.0,0.0,3.0,-2.0,-66.66666666666666,,,,,,,,,,,0
68ca013caffe6ceeaddb7c62,2026-08-11,Grand Funk Railroad (Rescheduled from 2/6),2026-08-29 01:00:00,music,18.04,1,Saturday,1,4,4,1,5,2.75,1.0,0.75,1.0,3.0,300.0,,,,,,,,,,,1
68ca013caffe6ceeaddb7c62,2026-08-12,Grand Funk Railroad (Rescheduled from 2/6),2026-08-29 01:00:00,music,17.04,1,Saturday,1,1,1,1,2,2.0,1.0,1.0,4.0,-3.0,-75.0,,,,,,,,,,,0
68cc6a08f3e962593d7b575a,2026-07-15,David Foster and Katharine McPhee (Rescheduled from 2/4),2026-09-30 00:00:00,music,77.0,0,Wednesday,0,2,2,2,4,3.0,1.0,0.5,,,,,,,,,,,,,,1
68cc6a08f3e962593d7b575a,2026-08-06,David Foster and Katharine McPhee (Rescheduled from 2/4),2026-09-30 00:00:00,music,55.0,0,Wednesday,0,1,1,1,4,4.0,1.0,0.0,2.0,-1.0,-50.0,,,,,,,,,,,0
68cc6a08f3e962593d7b575a,2026-08-07,David Foster and Katharine McPhee (Rescheduled from 2/4),2026-09-30 00:00:00,music,54.0,0,Wednesday,0,1,1,1,2,2.0,1.0,1.0,1.0,0.0,0.0,,,,,,,,,,,0
68cc707715c05ec77790629b,2026-07-15,David Foster (Rescheduled from 1/31),2026-09-25 23:00:00,music,72.96,23,Friday,0,2,2,1,8,6.0,1.0,1.0,,,,Palace Theater - Waterbury,Waterbury,CT,hartford,America/New_York,41.5552,-73.0393,US,,,0
68cc707715c05ec77790629b,2026-08-08,David Foster (Rescheduled from 1/31),2026-09-25 23:00:00,music,48.96,23,Friday,0,8,7,2,2,2.0,1.0,1.0,2.0,6.0,300.0,Palace Theater - Waterbury,Waterbury,CT,hartford,America/New_York,41.5552,-73.0393,US,,,1
68cc707715c05ec77790629b,2026-08-12,David Foster (Rescheduled from 1/31),2026-09-25 23:00:00,music,44.96,23,Friday,0,1,1,1,2,2.0,1.0,1.0,8.0,-7.0,-87.5,Palace Theater - Waterbury,Waterbury,CT,hartford,America/New_York,41.5552,-73.0393,US,,,0
68cc89e20ad62c9e0b0fbaf3,2026-07-15,David Foster and Katharine McPhee (Rescheduled from 2/7),2026-10-02 00:00:00,music,79.0,0,Friday,0,6,3,1,4,3.0,1.0,0.8333333333333334,,,,,,,,,,,,,,1
68cc89e20ad62c9e0b0fbaf3,2026-07-18,David Foster and Katharine McPhee (Rescheduled from 2/7),2026-10-02 00:00:00,music,76.0,0,Friday,0,3,3,1,4,4.0,1.0,1.0,6.0,-3.0,-50.0,,,,,,,,,,,0
68cc89e20ad62c9e0b0fbaf3,2026-07-19,David Foster and Katharine McPhee (Rescheduled from 2/7),2026-10-02 00:00:00,music,75.0,0,Friday,0,7,4,2,4,2.857142857142857,0.8571428571428571,1.0,3.0,4.0,133.33333333333331,,,,,,,,,,,1
68cc89e20ad62c9e0b0fbaf3,2026-07-20,David Foster and Katharine McPhee (Rescheduled from 2/7),2026-10-02 00:00:00,music,74.0,0,Friday,0,3,3,1,4,4.0,1.0,1.0,7.0,-4.0,-57.14285714285714,,,,,,,,,,,1
68cc89e20ad62c9e0b0fbaf3,2026-07-22,David Foster and Katharine McPhee (Rescheduled from 2/7),2026-10-02 00:00:00,music,72.0,0,Friday,0,1,1,1,4,4.0,1.0,1.0,3.0,-2.0,-66.66666666666666,,,,,,,,,,,0
68cc89e20ad62c9e0b0fbaf3,2026-07-24,David Foster and Katharine McPhee (Rescheduled from 2/7),2026-10-02 00:00:00,music,70.0,0,Friday,0,1,1,1,2,2.0,1.0,1.0,1.0,0.0,0.0,,,,,,,,,,,0
68cc89e20ad62c9e0b0fbaf3,2026-07-31,David Foster and Katharine McPhee (Rescheduled from 2/7),2026-10-02 00:00:00,music,63.0,0,Friday,0,4,4,2,4,3.0,1.0,1.0,1.0,3.0,300.0,,,,,,,,,,,0
68cc89e20ad62c9e0b0fbaf3,2026-08-02,David Foster and Katharine McPhee (Rescheduled from 2/7),2026-10-02 00:00:00,music,61.0,0,Friday,0,5,3,1,4,2.8,1.0,1.0,4.0,1.0,25.0,,,,,,,,,,,1
68cc89e20ad62c9e0b0fbaf3,2026-08-03,David Foster and Katharine McPhee (Rescheduled from 2/7),2026-10-02 00:00:00,music,60.0,0,Friday,0,1,1,1,4,4.0,1.0,1.0,5.0,-4.0,-80.0,,,,,,,,,,,0
68cc89e20ad62c9e0b0fbaf3,2026-08-04,David Foster and Katharine McPhee (Rescheduled from 2/7),2026-10-02 00:00:00,music,59.0,0,Friday,0,3,3,2,4,4.0,1.0,1.0,1.0,2.0,200.0,,,,,,,,,,,0
68cc89e20ad62c9e0b0fbaf3,2026-08-05,David Foster and Katharine McPhee (Rescheduled from 2/7),2026-10-02 00:00:00,music,58.0,0,Friday,0,3,2,1,4,3.333333333333333,1.0,1.0,3.0,0.0,0.0,,,,,,,,,,,0
68cc89e20ad62c9e0b0fbaf3,2026-08-06,David Foster and Katharine McPhee (Rescheduled from 2/7),2026-10-02 00:00:00,music,57.0,0,Friday,0,4,4,1,4,4.0,1.0,1.0,3.0,1.0,33.33333333333333,,,,,,,,,,,1
68cc89e20ad62c9e0b0fbaf3,2026-08-07,David Foster and Katharine McPhee (Rescheduled from 2/7),2026-10-02 00:00:00,music,56.0,0,Friday,0,1,1,1,4,4.0,1.0,1.0,4.0,-3.0,-75.0,,,,,,,,,,,0
68cc89e20ad62c9e0b0fbaf3,2026-08-08,David Foster and Katharine McPhee (Rescheduled from 2/7),2026-10-02 00:00:00,music,55.0,0,Friday,0,2,2,1,4,4.0,1.0,1.0,1.0,1.0,100.0,,,,,,,,,,,1
68cc89e20ad62c9e0b0fbaf3,2026-08-10,David Foster and Katharine McPhee (Rescheduled from 2/7),2026-10-02 00:00:00,music,53.0,0,Friday,0,1,1,1,4,4.0,1.0,1.0,2.0,-1.0,-50.0,,,,,,,,,,,0
68cc89e20ad62c9e0b0fbaf3,2026-08-11,David Foster and Katharine McPhee (Rescheduled from 2/7),2026-10-02 00:00:00,music,52.0,0,Friday,0,2,2,1,4,4.0,1.0,1.0,1.0,1.0,100.0,,,,,,,,,,,0
68cc89e20ad62c9e0b0fbaf3,2026-08-13,David Foster and Katharine McPhee (Rescheduled from 2/7),2026-10-02 00:00:00,music,50.0,0,Friday,0,5,4,1,4,3.6,1.0,1.0,2.0,3.0,150.0,,,,,,,,,,,0
68ce2cb2cb850397b9d2fe77,2026-07-15,Barry Manilow (Rescheduled from 4/29/26),2026-08-11 23:00:00,music,27.96,23,Tuesday,0,83,33,3,10,3.72289156626506,0.2650602409638554,0.8795180722891566,,,,Gas South Arena,Duluth,GA,atlanta,America/New_York,33.9915,-84.0906,US,,,1
68ce2cb2cb850397b9d2fe77,2026-07-17,Barry Manilow (Rescheduled from 4/29/26),2026-08-11 23:00:00,music,25.96,23,Tuesday,0,9,8,3,6,3.555555555555556,0.4444444444444444,0.8888888888888888,83.0,-74.0,-89.1566265060241,Gas South Arena,Duluth,GA,atlanta,America/New_York,33.9915,-84.0906,US,,,1
68ce2cb2cb850397b9d2fe77,2026-07-18,Barry Manilow (Rescheduled from 4/29/26),2026-08-11 23:00:00,music,24.96,23,Tuesday,0,6,6,3,8,4.166666666666667,0.1666666666666666,1.0,9.0,-3.0,-33.33333333333333,Gas South Arena,Duluth,GA,atlanta,America/New_York,33.9915,-84.0906,US,,,0
68ce2cb2cb850397b9d2fe77,2026-07-19,Barry Manilow (Rescheduled from 4/29/26),2026-08-11 23:00:00,music,23.96,23,Tuesday,0,11,7,3,8,3.1818181818181817,0.0909090909090909,0.9090909090909092,6.0,5.0,83.33333333333334,Gas South Arena,Duluth,GA,atlanta,America/New_York,33.9915,-84.0906,US,,,0
68ce2cb2cb850397b9d2fe77,2026-07-20,Barry Manilow (Rescheduled from 4/29/26),2026-08-11 23:00:00,music,22.96,23,Tuesday,0,12,9,1,5,2.583333333333333,0.25,0.8333333333333334,11.0,1.0,9.090909090909092,Gas South Arena,Duluth,GA,atlanta,America/New_York,33.9915,-84.0906,US,,,0
68ce2cb2cb850397b9d2fe77,2026-07-22,Barry Manilow (Rescheduled from 4/29/26),2026-08-11 23:00:00,music,20.96,23,Tuesday,0,28,15,2,12,3.892857142857143,0.0714285714285714,0.9285714285714286,12.0,16.0,133.33333333333331,Gas South Arena,Duluth,GA,atlanta,America/New_York,33.9915,-84.0906,US,,,1
68ce2cb2cb850397b9d2fe77,2026-07-23,Barry Manilow (Rescheduled from 4/29/26),2026-08-11 23:00:00,music,19.96,23,Tuesday,0,4,4,2,10,4.5,0.25,0.5,28.0,-24.0,-85.71428571428571,Gas South Arena,Duluth,GA,atlanta,America/New_York,33.9915,-84.0906,US,,,0
68ce2cb2cb850397b9d2fe77,2026-07-24,Barry Manilow (Rescheduled from 4/29/26),2026-08-11 23:00:00,music,18.96,23,Tuesday,0,10,8,2,8,2.9,0.0,0.9,4.0,6.0,150.0,Gas South Arena,Duluth,GA,atlanta,America/New_York,33.9915,-84.0906,US,,,0
68ce2cb2cb850397b9d2fe77,2026-07-31,Barry Manilow (Rescheduled from 4/29/26),2026-08-11 23:00:00,music,11.96,23,Tuesday,0,18,13,3,10,4.055555555555555,0.3333333333333333,1.0,10.0,8.0,80.0,Gas South Arena,Duluth,GA,atlanta,America/New_York,33.9915,-84.0906,US,,,0
68ce2cb2cb850397b9d2fe77,2026-08-02,Barry Manilow (Rescheduled from 4/29/26),2026-08-11 23:00:00,music,9.96,23,Tuesday,0,24,16,3,10,3.4166666666666665,0.25,0.8333333333333334,18.0,6.0,33.33333333333333,Gas South Arena,Duluth,GA,atlanta,America/New_York,33.9915,-84.0906,US,,,1
68ce2cb2cb850397b9d2fe77,2026-08-03,Barry Manilow (Rescheduled from 4/29/26),2026-08-11 23:00:00,music,8.96,23,Tuesday,0,16,11,3,11,4.3125,0.1875,0.9375,24.0,-8.0,-33.33333333333333,Gas South Arena,Duluth,GA,atlanta,America/New_York,33.9915,-84.0906,US,,,0
68ce2cb2cb850397b9d2fe77,2026-08-04,Barry Manilow (Rescheduled from 4/29/26),2026-08-11 23:00:00,music,7.96,23,Tuesday,0,48,25,3,12,4.0,0.2916666666666667,0.875,16.0,32.0,200.0,Gas South Arena,Duluth,GA,atlanta,America/New_York,33.9915,-84.0906,US,,,1
68ce2cb2cb850397b9d2fe77,2026-08-05,Barry Manilow (Rescheduled from 4/29/26),2026-08-11 23:00:00,music,6.96,23,Tuesday,0,32,20,3,6,2.65625,0.3125,0.53125,48.0,-16.0,-33.33333333333333,Gas South Arena,Duluth,GA,atlanta,America/New_York,33.9915,-84.0906,US,,,0
68ce2cb2cb850397b9d2fe77,2026-08-06,Barry Manilow (Rescheduled from 4/29/26),2026-08-11 23:00:00,music,5.96,23,Tuesday,0,26,13,3,12,3.730769230769231,0.1538461538461538,0.8076923076923077,32.0,-6.0,-18.75,Gas South Arena,Duluth,GA,atlanta,America/New_York,33.9915,-84.0906,US,,,0
68ce2cb2cb850397b9d2fe77,2026-08-07,Barry Manilow (Rescheduled from 4/29/26),2026-08-11 23:00:00,music,4.96,23,Tuesday,0,37,17,2,12,3.45945945945946,0.1081081081081081,0.7567567567567568,26.0,11.0,42.30769230769231,Gas South Arena,Duluth,GA,atlanta,America/New_York,33.9915,-84.0906,US,,,1
68ce2cb2cb850397b9d2fe77,2026-08-08,Barry Manilow (Rescheduled from 4/29/26),2026-08-11 23:00:00,music,3.96,23,Tuesday,0,23,17,3,8,3.4347826086956523,0.3478260869565217,0.7391304347826086,37.0,-14.0,-37.83783783783784,Gas South Arena,Duluth,GA,atlanta,America/New_York,33.9915,-84.0906,US,,,0
68ce2cb2cb850397b9d2fe77,2026-08-10,Barry Manilow (Rescheduled from 4/29/26),2026-08-11 23:00:00,music,1.96,23,Tuesday,0,35,20,3,12,4.371428571428571,0.2285714285714285,0.6571428571428571,23.0,12.0,52.17391304347826,Gas South Arena,Duluth,GA,atlanta,America/New_York,33.9915,-84.0906,US,,,0
68ce2cb2cb850397b9d2fe77,2026-08-11,Barry Manilow (Rescheduled from 4/29/26),2026-08-11 23:00:00,music,0.96,23,Tuesday,0,52,28,3,8,3.75,0.3269230769230769,0.7884615384615384,35.0,17.0,48.57142857142857,Gas South Arena,Duluth,GA,atlanta,America/New_York,33.9915,-84.0906,US,,,0
68ce2e557ffced877fc2f762,2026-07-15,"Barry Manilow (Rescheduled from 1/18, 3/6)",2026-08-02 23:00:00,music,18.96,23,Sunday,1,64,29,3,8,4.546875,0.390625,0.890625,,,,,,,,,,,,,,1
68ce2e557ffced877fc2f762,2026-07-17,"Barry Manilow (Rescheduled from 1/18, 3/6)",2026-08-02 23:00:00,music,16.96,23,Sunday,1,24,16,3,8,6.125,0.375,0.9583333333333334,64.0,-40.0,-62.5,,,,,,,,,,,0
68ce2e557ffced877fc2f762,2026-07-18,"Barry Manilow (Rescheduled from 1/18, 3/6)",2026-08-02 23:00:00,music,15.96,23,Sunday,1,23,15,3,8,4.3478260869565215,0.391304347826087,0.9130434782608696,24.0,-1.0,-4.166666666666666,,,,,,,,,,,1
68ce2e557ffced877fc2f762,2026-07-19,"Barry Manilow (Rescheduled from 1/18, 3/6)",2026-08-02 23:00:00,music,14.96,23,Sunday,1,7,5,3,6,3.4285714285714284,0.2857142857142857,0.8571428571428571,23.0,-16.0,-69.56521739130434,,,,,,,,,,,0
68ce2e557ffced877fc2f762,2026-07-20,"Barry Manilow (Rescheduled from 1/18, 3/6)",2026-08-02 23:00:00,music,13.96,23,Sunday,1,6,5,2,4,2.333333333333333,0.6666666666666666,0.3333333333333333,7.0,-1.0,-14.285714285714285,,,,,,,,,,,0
68ce2e557ffced877fc2f762,2026-07-22,"Barry Manilow (Rescheduled from 1/18, 3/6)",2026-08-02 23:00:00,music,11.96,23,Sunday,1,31,21,4,9,5.129032258064516,0.3225806451612903,0.7741935483870968,6.0,25.0,416.6666666666667,,,,,,,,,,,1
68ce2e557ffced877fc2f762,2026-07-23,"Barry Manilow (Rescheduled from 1/18, 3/6)",2026-08-02 23:00:00,music,10.96,23,Sunday,1,5,5,3,4,2.8,0.4,1.0,31.0,-26.0,-83.87096774193549,,,,,,,,,,,0
68ce2e557ffced877fc2f762,2026-07-24,"Barry Manilow (Rescheduled from 1/18, 3/6)",2026-08-02 23:00:00,music,9.96,23,Sunday,1,16,12,4,8,4.0,0.25,0.6875,5.0,11.0,220.00000000000003,,,,,,,,,,,0
68ce2e557ffced877fc2f762,2026-07-31,"Barry Manilow (Rescheduled from 1/18, 3/6)",2026-08-02 23:00:00,music,2.96,23,Sunday,1,44,28,4,8,4.5,0.2954545454545454,0.8181818181818182,16.0,28.0,175.0,,,,,,,,,,,0
68ce2e557ffced877fc2f762,2026-08-02,"Barry Manilow (Rescheduled from 1/18, 3/6)",2026-08-02 23:00:00,music,0.96,23,Sunday,1,47,31,4,8,4.127659574468085,0.2978723404255319,0.851063829787234,44.0,3.0,6.8181818181818175,,,,,,,,,,,0
68ce339d302bab3cec86b38d,2026-07-15,Barry Manilow (Rescheduled from 4/24/26),2026-08-10 23:00:00,music,26.96,23,Monday,0,116,35,3,10,5.862068965517241,0.1293103448275862,0.9913793103448276,,,,,,,,,,,,,,1
68ce339d302bab3cec86b38d,2026-07-17,Barry Manilow (Rescheduled from 4/24/26),2026-08-10 23:00:00,music,24.96,23,Monday,0,12,10,3,10,6.416666666666667,0.1666666666666666,0.9166666666666666,116.0,-104.0,-89.65517241379311,,,,,,,,,,,1
68ce339d302bab3cec86b38d,2026-07-18,Barry Manilow (Rescheduled from 4/24/26),2026-08-10 23:00:00,music,23.96,23,Monday,0,6,5,3,10,4.833333333333333,0.0,0.8333333333333334,12.0,-6.0,-50.0,,,,,,,,,,,0
68ce339d302bab3cec86b38d,2026-07-19,Barry Manilow (Rescheduled from 4/24/26),2026-08-10 23:00:00,music,22.96,23,Monday,0,14,11,3,10,6.714285714285714,0.1428571428571428,0.9285714285714286,6.0,8.0,133.33333333333331,,,,,,,,,,,0
68ce339d302bab3cec86b38d,2026-07-20,Barry Manilow (Rescheduled from 4/24/26),2026-08-10 23:00:00,music,21.96,23,Monday,0,34,23,3,12,8.558823529411764,0.1176470588235294,0.9411764705882352,14.0,20.0,142.85714285714286,,,,,,,,,,,0
68ce339d302bab3cec86b38d,2026-07-22,Barry Manilow (Rescheduled from 4/24/26),2026-08-10 23:00:00,music,19.96,23,Monday,0,48,23,3,10,5.666666666666667,0.0,0.9791666666666666,34.0,14.0,41.17647058823529,,,,,,,,,,,1
68ce339d302bab3cec86b38d,2026-07-23,Barry Manilow (Rescheduled from 4/24/26),2026-08-10 23:00:00,music,18.96,23,Monday,0,29,18,3,10,4.758620689655173,0.0689655172413793,0.9655172413793104,48.0,-19.0,-39.58333333333333,,,,,,,,,,,1
68ce339d302bab3cec86b38d,2026-07-24,Barry Manilow (Rescheduled from 4/24/26),2026-08-10 23:00:00,music,17.96,23,Monday,0,8,4,2,8,4.125,0.0,1.0,29.0,-21.0,-72.41379310344827,,,,,,,,,,,0
68ce339d302bab3cec86b38d,2026-07-31,Barry Manilow (Rescheduled from 4/24/26),2026-08-10 23:00:00,music,10.96,23,Monday,0,91,32,3,12,5.8901098901098905,0.1318681318681318,0.989010989010989,8.0,83.0,1037.5,,,,,,,,,,,1
68ce339d302bab3cec86b38d,2026-08-02,Barry Manilow (Rescheduled from 4/24/26),2026-08-10 23:00:00,music,8.96,23,Monday,0,44,24,3,10,6.159090909090909,0.0681818181818181,0.9318181818181818,91.0,-47.0,-51.64835164835166,,,,,,,,,,,0
68ce339d302bab3cec86b38d,2026-08-03,Barry Manilow (Rescheduled from 4/24/26),2026-08-10 23:00:00,music,7.96,23,Monday,0,55,31,3,12,5.581818181818182,0.2363636363636363,0.9818181818181818,44.0,11.0,25.0,,,,,,,,,,,1
68ce339d302bab3cec86b38d,2026-08-04,Barry Manilow (Rescheduled from 4/24/26),2026-08-10 23:00:00,music,6.96,23,Monday,0,23,15,3,12,6.043478260869565,0.0869565217391304,0.9565217391304348,55.0,-32.0,-58.18181818181818,,,,,,,,,,,0
68ce339d302bab3cec86b38d,2026-08-05,Barry Manilow (Rescheduled from 4/24/26),2026-08-10 23:00:00,music,5.96,23,Monday,0,53,30,3,12,5.452830188679245,0.1509433962264151,0.9622641509433962,23.0,30.0,130.43478260869566,,,,,,,,,,,0
68ce339d302bab3cec86b38d,2026-08-06,Barry Manilow (Rescheduled from 4/24/26),2026-08-10 23:00:00,music,4.96,23,Monday,0,57,28,3,10,5.7368421052631575,0.1578947368421052,0.9649122807017544,53.0,4.0,7.547169811320755,,,,,,,,,,,1
68ce339d302bab3cec86b38d,2026-08-07,Barry Manilow (Rescheduled from 4/24/26),2026-08-10 23:00:00,music,3.96,23,Monday,0,35,26,3,9,5.057142857142857,0.2285714285714285,0.8857142857142857,57.0,-22.0,-38.59649122807017,,,,,,,,,,,0
68ce339d302bab3cec86b38d,2026-08-08,Barry Manilow (Rescheduled from 4/24/26),2026-08-10 23:00:00,music,2.96,23,Monday,0,33,24,3,9,4.818181818181818,0.1818181818181818,0.8787878787878788,35.0,-2.0,-5.714285714285714,,,,,,,,,,,0
68ce339d302bab3cec86b38d,2026-08-10,Barry Manilow (Rescheduled from 4/24/26),2026-08-10 23:00:00,music,0.96,23,Monday,0,88,36,3,12,5.7727272727272725,0.1590909090909091,0.9431818181818182,33.0,55.0,166.66666666666669,,,,,,,,,,,0
68ce33eb7965bba4350a1d4c,2026-07-15,Barry Manilow (Rescheduled from 3/11/26),2026-07-30 23:00:00,music,15.96,23,Thursday,0,82,39,4,10,3.573170731707317,0.2439024390243902,0.8048780487804879,,,,North Charleston Coliseum,North Charleston,SC,charlotte,America/New_York,32.8669,-80.0213,US,,,1
68ce33eb7965bba4350a1d4c,2026-07-17,Barry Manilow (Rescheduled from 3/11/26),2026-07-30 23:00:00,music,13.96,23,Thursday,0,30,23,4,8,4.533333333333333,0.2,0.9,82.0,-52.0,-63.41463414634146,North Charleston Coliseum,North Charleston,SC,charlotte,America/New_York,32.8669,-80.0213,US,,,0
68ce33eb7965bba4350a1d4c,2026-07-18,Barry Manilow (Rescheduled from 3/11/26),2026-07-30 23:00:00,music,12.96,23,Thursday,0,26,20,3,10,3.807692307692308,0.1538461538461538,0.9615384615384616,30.0,-4.0,-13.333333333333334,North Charleston Coliseum,North Charleston,SC,charlotte,America/New_York,32.8669,-80.0213,US,,,1
68ce33eb7965bba4350a1d4c,2026-07-19,Barry Manilow (Rescheduled from 3/11/26),2026-07-30 23:00:00,music,11.96,23,Thursday,0,10,9,3,3,2.3,0.3,0.6,26.0,-16.0,-61.53846153846154,North Charleston Coliseum,North Charleston,SC,charlotte,America/New_York,32.8669,-80.0213,US,,,0
68ce33eb7965bba4350a1d4c,2026-07-20,Barry Manilow (Rescheduled from 3/11/26),2026-07-30 23:00:00,music,10.96,23,Thursday,0,10,8,3,4,2.4,0.2,0.6,10.0,0.0,0.0,North Charleston Coliseum,North Charleston,SC,charlotte,America/New_York,32.8669,-80.0213,US,,,0
68ce33eb7965bba4350a1d4c,2026-07-22,Barry Manilow (Rescheduled from 3/11/26),2026-07-30 23:00:00,music,8.96,23,Thursday,0,33,27,3,8,3.636363636363636,0.2727272727272727,0.8484848484848485,10.0,23.0,230.0,North Charleston Coliseum,North Charleston,SC,charlotte,America/New_York,32.8669,-80.0213,US,,,0
68ce33eb7965bba4350a1d4c,2026-07-23,Barry Manilow (Rescheduled from 3/11/26),2026-07-30 23:00:00,music,7.96,23,Thursday,0,33,24,3,8,4.03030303030303,0.2424242424242424,0.8181818181818182,33.0,0.0,0.0,North Charleston Coliseum,North Charleston,SC,charlotte,America/New_York,32.8669,-80.0213,US,,,1
68ce33eb7965bba4350a1d4c,2026-07-24,Barry Manilow (Rescheduled from 3/11/26),2026-07-30 23:00:00,music,6.96,23,Thursday,0,24,18,3,8,3.125,0.25,0.6666666666666666,33.0,-9.0,-27.27272727272727,North Charleston Coliseum,North Charleston,SC,charlotte,America/New_York,32.8669,-80.0213,US,,,0
68ce343508eeb31bf53024c2,2026-07-15,Barry Manilow (Rescheduled from 4/27/26),2026-08-13 23:00:00,music,29.96,23,Thursday,0,101,38,3,10,5.752475247524752,0.2277227722772277,0.9405940594059404,,,,,,,,,,,,,,1
68ce343508eeb31bf53024c2,2026-07-17,Barry Manilow (Rescheduled from 4/27/26),2026-08-13 23:00:00,music,27.96,23,Thursday,0,22,15,3,10,5.863636363636363,0.0909090909090909,1.0,101.0,-79.0,-78.21782178217822,,,,,,,,,,,1
68ce343508eeb31bf53024c2,2026-07-18,Barry Manilow (Rescheduled from 4/27/26),2026-08-13 23:00:00,music,26.96,23,Thursday,0,6,5,2,8,3.6666666666666665,0.1666666666666666,1.0,22.0,-16.0,-72.72727272727273,,,,,,,,,,,0
68ce343508eeb31bf53024c2,2026-07-19,Barry Manilow (Rescheduled from 4/27/26),2026-08-13 23:00:00,music,25.96,23,Thursday,0,15,11,3,10,7.466666666666667,0.2,1.0,6.0,9.0,150.0,,,,,,,,,,,0
68ce343508eeb31bf53024c2,2026-07-20,Barry Manilow (Rescheduled from 4/27/26),2026-08-13 23:00:00,music,24.96,23,Thursday,0,29,20,3,12,7.551724137931035,0.2068965517241379,0.9655172413793104,15.0,14.0,93.33333333333331,,,,,,,,,,,0
68ce343508eeb31bf53024c2,2026-07-22,Barry Manilow (Rescheduled from 4/27/26),2026-08-13 23:00:00,music,22.96,23,Thursday,0,38,28,3,10,6.026315789473684,0.0789473684210526,0.9736842105263158,29.0,9.0,31.03448275862069,,,,,,,,,,,0
68ce343508eeb31bf53024c2,2026-07-23,Barry Manilow (Rescheduled from 4/27/26),2026-08-13 23:00:00,music,21.96,23,Thursday,0,38,25,3,10,6.5,0.0789473684210526,0.9736842105263158,38.0,0.0,0.0,,,,,,,,,,,0
68ce343508eeb31bf53024c2,2026-07-24,Barry Manilow (Rescheduled from 4/27/26),2026-08-13 23:00:00,music,20.96,23,Thursday,0,50,30,3,12,5.86,0.22,0.98,38.0,12.0,31.57894736842105,,,,,,,,,,,0
68ce343508eeb31bf53024c2,2026-07-31,Barry Manilow (Rescheduled from 4/27/26),2026-08-13 23:00:00,music,13.96,23,Thursday,0,54,22,2,12,5.981481481481482,0.1296296296296296,0.9814814814814816,50.0,4.0,8.0,,,,,,,,,,,1
68ce343508eeb31bf53024c2,2026-08-02,Barry Manilow (Rescheduled from 4/27/26),2026-08-13 23:00:00,music,11.96,23,Thursday,0,38,17,2,10,5.815789473684211,0.0789473684210526,0.9736842105263158,54.0,-16.0,-29.629629629629623,,,,,,,,,,,1
68ce343508eeb31bf53024c2,2026-08-03,Barry Manilow (Rescheduled from 4/27/26),2026-08-13 23:00:00,music,10.96,23,Thursday,0,12,11,3,10,5.416666666666667,0.1666666666666666,0.8333333333333334,38.0,-26.0,-68.42105263157895,,,,,,,,,,,0
68ce343508eeb31bf53024c2,2026-08-04,Barry Manilow (Rescheduled from 4/27/26),2026-08-13 23:00:00,music,9.96,23,Thursday,0,45,24,3,12,4.022222222222222,0.3555555555555555,0.8888888888888888,12.0,33.0,275.0,,,,,,,,,,,0
68ce343508eeb31bf53024c2,2026-08-05,Barry Manilow (Rescheduled from 4/27/26),2026-08-13 23:00:00,music,8.96,23,Thursday,0,39,21,2,10,5.230769230769231,0.282051282051282,0.9230769230769232,45.0,-6.0,-13.333333333333334,,,,,,,,,,,1
68ce343508eeb31bf53024c2,2026-08-06,Barry Manilow (Rescheduled from 4/27/26),2026-08-13 23:00:00,music,7.96,23,Thursday,0,12,11,3,4,2.833333333333333,0.3333333333333333,0.8333333333333334,39.0,-27.0,-69.23076923076923,,,,,,,,,,,0
68ce343508eeb31bf53024c2,2026-08-07,Barry Manilow (Rescheduled from 4/27/26),2026-08-13 23:00:00,music,6.96,23,Thursday,0,41,22,3,9,4.365853658536586,0.3414634146341463,0.902439024390244,12.0,29.0,241.66666666666663,,,,,,,,,,,1
68ce343508eeb31bf53024c2,2026-08-08,Barry Manilow (Rescheduled from 4/27/26),2026-08-13 23:00:00,music,5.96,23,Thursday,0,23,19,3,8,3.8260869565217392,0.391304347826087,0.782608695652174,41.0,-18.0,-43.90243902439025,,,,,,,,,,,0
68ce343508eeb31bf53024c2,2026-08-10,Barry Manilow (Rescheduled from 4/27/26),2026-08-13 23:00:00,music,3.96,23,Thursday,0,43,22,3,12,4.325581395348837,0.3255813953488372,0.8837209302325582,23.0,20.0,86.95652173913044,,,,,,,,,,,1
68ce343508eeb31bf53024c2,2026-08-11,Barry Manilow (Rescheduled from 4/27/26),2026-08-13 23:00:00,music,2.96,23,Thursday,0,31,20,2,8,3.935483870967742,0.1935483870967742,0.7741935483870968,43.0,-12.0,-27.906976744186046,,,,,,,,,,,0
68ce343508eeb31bf53024c2,2026-08-12,Barry Manilow (Rescheduled from 4/27/26),2026-08-13 23:00:00,music,1.96,23,Thursday,0,29,18,2,8,3.5172413793103448,0.2413793103448276,0.9310344827586208,31.0,-2.0,-6.451612903225806,,,,,,,,,,,0
68ce343508eeb31bf53024c2,2026-08-13,Barry Manilow (Rescheduled from 4/27/26),2026-08-13 23:00:00,music,0.96,23,Thursday,0,40,24,3,8,3.275,0.375,0.725,29.0,11.0,37.93103448275862,,,,,,,,,,,0
68d45a341a9f72b6c98a3d50,2026-07-25,Laura Pausini,2026-10-15 19:00:00,music,82.79,19,Thursday,0,14,14,0,8,5.571428571428571,0.0714285714285714,0.0,,,,,,,,,,,,,,0
68d6f6b93b53c09eb0039702,2026-07-25,Cirque du Soleil Mad Apple,2026-10-16 04:30:00,music,83.19,4,Friday,0,13,10,3,10,6.538461538461538,1.0,0.9230769230769232,,,,New York New York Theater,Las Vegas,NV,lasvegas,America/Los_Angeles,36.1699,-115.14,US,Cirque du Soleil: Mad Apple,,0
68d6f6ba776b4e0a4aced255,2026-08-09,Cirque du Soleil Mad Apple,2026-09-06 02:00:00,music,28.08,2,Sunday,1,1,1,1,2,2.0,1.0,1.0,,,,New York New York Theater,Las Vegas,NV,lasvegas,America/Los_Angeles,36.1699,-115.14,US,,,0
68d9d5103b53c09eb0050181,2026-07-21,Cirque du Soleil Mad Apple,2026-07-25 04:30:00,music,4.19,4,Saturday,1,9,7,3,7,3.4444444444444446,1.0,0.5555555555555556,,,,New York New York Theater,Las Vegas,NV,lasvegas,America/Los_Angeles,36.1699,-115.14,US,,,0
68dc5b75eb36094bcee419cc,2026-07-29,Monterey Jazz Festival - Sunday,2026-09-27 19:30:00,music,60.81,19,Sunday,1,2,2,0,8,6.0,0.0,1.0,,,,,,,,,,,,,,0
68dc5bb4e9d137f3afb19ed2,2026-08-10,Clipping (18+ Event) (Rescheduled from 2/20),2026-08-11 00:30:00,music,1.02,0,Tuesday,0,1,1,1,6,6.0,1.0,1.0,,,,The Basement East,Nashville,TN,nashville,America/Chicago,36.1757,-86.7556,US,,,0
68df6f5100fe30f26b53dcbe,2026-07-17,"Moein (Rescheduled from 2/14/26, 6/6/26) (Postponed - Date TBD)",2026-09-27 00:00:00,music,72.0,0,Sunday,1,3,3,2,5,5.0,0.6666666666666666,1.0,,,,,,,,,,,,,,1
68df6f5100fe30f26b53dcbe,2026-07-19,"Moein (Rescheduled from 2/14/26, 6/6/26) (Postponed - Date TBD)",2026-09-27 00:00:00,music,70.0,0,Sunday,1,2,2,2,5,3.5,1.0,1.0,3.0,-1.0,-33.33333333333333,,,,,,,,,,,0
68df6f5100fe30f26b53dcbe,2026-07-20,"Moein (Rescheduled from 2/14/26, 6/6/26) (Postponed - Date TBD)",2026-09-27 00:00:00,music,69.0,0,Sunday,1,3,3,1,4,3.0,1.0,1.0,2.0,1.0,50.0,,,,,,,,,,,0
68df6f5100fe30f26b53dcbe,2026-07-22,"Moein (Rescheduled from 2/14/26, 6/6/26) (Postponed - Date TBD)",2026-09-27 00:00:00,music,67.0,0,Sunday,1,4,4,2,6,3.0,1.0,0.75,3.0,1.0,33.33333333333333,,,,,,,,,,,1
68df6f5100fe30f26b53dcbe,2026-07-23,"Moein (Rescheduled from 2/14/26, 6/6/26) (Postponed - Date TBD)",2026-09-27 00:00:00,music,66.0,0,Sunday,1,3,3,1,6,4.0,1.0,1.0,4.0,-1.0,-25.0,,,,,,,,,,,0
68df6f5100fe30f26b53dcbe,2026-07-24,"Moein (Rescheduled from 2/14/26, 6/6/26) (Postponed - Date TBD)",2026-09-27 00:00:00,music,65.0,0,Sunday,1,3,3,2,6,3.333333333333333,1.0,1.0,3.0,0.0,0.0,,,,,,,,,,,0
68df6f5100fe30f26b53dcbe,2026-07-31,"Moein (Rescheduled from 2/14/26, 6/6/26) (Postponed - Date TBD)",2026-09-27 00:00:00,music,58.0,0,Sunday,1,6,6,3,8,4.166666666666667,1.0,0.8333333333333334,3.0,3.0,100.0,,,,,,,,,,,1
68df6f5100fe30f26b53dcbe,2026-08-02,"Moein (Rescheduled from 2/14/26, 6/6/26) (Postponed - Date TBD)",2026-09-27 00:00:00,music,56.0,0,Sunday,1,3,2,1,6,4.0,0.3333333333333333,1.0,6.0,-3.0,-50.0,,,,,,,,,,,0
68df6f5100fe30f26b53dcbe,2026-08-03,"Moein (Rescheduled from 2/14/26, 6/6/26) (Postponed - Date TBD)",2026-09-27 00:00:00,music,55.0,0,Sunday,1,3,3,2,4,2.6666666666666665,0.6666666666666666,1.0,3.0,0.0,0.0,,,,,,,,,,,0
68df6f5100fe30f26b53dcbe,2026-08-04,"Moein (Rescheduled from 2/14/26, 6/6/26) (Postponed - Date TBD)",2026-09-27 00:00:00,music,54.0,0,Sunday,1,5,4,2,8,4.8,0.8,1.0,3.0,2.0,66.66666666666666,,,,,,,,,,,1
68df6f5100fe30f26b53dcbe,2026-08-05,"Moein (Rescheduled from 2/14/26, 6/6/26) (Postponed - Date TBD)",2026-09-27 00:00:00,music,53.0,0,Sunday,1,3,2,1,4,3.0,1.0,0.6666666666666666,5.0,-2.0,-40.0,,,,,,,,,,,0
68df6f5100fe30f26b53dcbe,2026-08-06,"Moein (Rescheduled from 2/14/26, 6/6/26) (Postponed - Date TBD)",2026-09-27 00:00:00,music,52.0,0,Sunday,1,8,6,2,8,3.875,0.875,0.875,3.0,5.0,166.66666666666669,,,,,,,,,,,1
68df6f5100fe30f26b53dcbe,2026-08-07,"Moein (Rescheduled from 2/14/26, 6/6/26) (Postponed - Date TBD)",2026-09-27 00:00:00,music,51.0,0,Sunday,1,4,4,2,5,3.25,1.0,1.0,8.0,-4.0,-50.0,,,,,,,,,,,1
68df6f5100fe30f26b53dcbe,2026-08-08,"Moein (Rescheduled from 2/14/26, 6/6/26) (Postponed - Date TBD)",2026-09-27 00:00:00,music,50.0,0,Sunday,1,2,2,1,2,2.0,1.0,1.0,4.0,-2.0,-50.0,,,,,,,,,,,1
68df6f5100fe30f26b53dcbe,2026-08-10,"Moein (Rescheduled from 2/14/26, 6/6/26) (Postponed - Date TBD)",2026-09-27 00:00:00,music,48.0,0,Sunday,1,1,1,1,4,4.0,1.0,1.0,2.0,-1.0,-50.0,,,,,,,,,,,0
68df6f5100fe30f26b53dcbe,2026-08-11,"Moein (Rescheduled from 2/14/26, 6/6/26) (Postponed - Date TBD)",2026-09-27 00:00:00,music,47.0,0,Sunday,1,4,4,2,8,4.75,1.0,1.0,1.0,3.0,300.0,,,,,,,,,,,1
68df6f5100fe30f26b53dcbe,2026-08-12,"Moein (Rescheduled from 2/14/26, 6/6/26) (Postponed - Date TBD)",2026-09-27 00:00:00,music,46.0,0,Sunday,1,3,3,2,3,2.333333333333333,1.0,1.0,4.0,-1.0,-25.0,,,,,,,,,,,0
68df6f5100fe30f26b53dcbe,2026-08-13,"Moein (Rescheduled from 2/14/26, 6/6/26) (Postponed - Date TBD)",2026-09-27 00:00:00,music,45.0,0,Sunday,1,5,4,3,8,5.2,1.0,1.0,3.0,2.0,66.66666666666666,,,,,,,,,,,0
68e47ffea8ae775eb2fa197d,2026-07-22,Clipping (Rescheduled from 2/12/26),2026-08-04 03:00:00,music,13.12,3,Tuesday,0,2,2,0,4,3.0,0.0,1.0,,,,Constellation Room,Santa Ana,CA,losangeles,America/Los_Angeles,33.7456,-117.867,US,,,0
68e47ffea8ae775eb2fa197d,2026-07-24,Clipping (Rescheduled from 2/12/26),2026-08-04 03:00:00,music,11.12,3,Tuesday,0,2,2,0,2,2.0,0.0,0.5,2.0,0.0,0.0,Constellation Room,Santa Ana,CA,losangeles,America/Los_Angeles,33.7456,-117.867,US,,,0
68e47ffea8ae775eb2fa197d,2026-07-31,Clipping (Rescheduled from 2/12/26),2026-08-04 03:00:00,music,4.12,3,Tuesday,0,5,3,0,2,2.0,0.0,0.8,2.0,3.0,150.0,Constellation Room,Santa Ana,CA,losangeles,America/Los_Angeles,33.7456,-117.867,US,,,0
68e47ffea8ae775eb2fa197d,2026-08-02,Clipping (Rescheduled from 2/12/26),2026-08-04 03:00:00,music,2.12,3,Tuesday,0,6,3,0,5,2.5,0.1666666666666666,0.8333333333333334,5.0,1.0,20.0,Constellation Room,Santa Ana,CA,losangeles,America/Los_Angeles,33.7456,-117.867,US,,,0
68e57a5100fe30f26b55fb51,2026-08-07,Clipping. (Rescheduled from 2/16),2026-08-08 01:00:00,music,1.04,1,Saturday,1,1,1,1,4,4.0,1.0,1.0,,,,,,,,,,,,,,0
68e5967fa8ae775eb2fa7d33,2026-07-17,Jonah Kagen (Rescheduled from 3/25),2026-08-27 01:30:00,music,41.06,1,Thursday,0,1,1,0,8,8.0,1.0,1.0,,,,,,,,,,,,,,0
68e5967fa8ae775eb2fa7d33,2026-07-22,Jonah Kagen (Rescheduled from 3/25),2026-08-27 01:30:00,music,36.06,1,Thursday,0,1,1,0,8,8.0,1.0,1.0,1.0,0.0,0.0,,,,,,,,,,,0
68e5967fa8ae775eb2fa7d33,2026-08-04,Jonah Kagen (Rescheduled from 3/25),2026-08-27 01:30:00,music,23.06,1,Thursday,0,3,1,0,2,2.0,0.0,1.0,1.0,2.0,200.0,,,,,,,,,,,0
68ef26324b8cf1f55d1468ce,2026-07-15,"Drowning Pool (Rescheduled from 12/4/25, 4/17/25)",2026-10-10 00:00:00,music,87.0,0,Saturday,1,1,1,1,4,4.0,1.0,1.0,,,,,,,,,,,,,,0
68ef26324b8cf1f55d1468ce,2026-07-31,"Drowning Pool (Rescheduled from 12/4/25, 4/17/25)",2026-10-10 00:00:00,music,71.0,0,Saturday,1,1,1,1,8,8.0,1.0,1.0,1.0,0.0,0.0,,,,,,,,,,,0
68ef26324b8cf1f55d1468ce,2026-08-11,"Drowning Pool (Rescheduled from 12/4/25, 4/17/25)",2026-10-10 00:00:00,music,60.0,0,Saturday,1,1,1,1,2,2.0,1.0,1.0,1.0,0.0,0.0,,,,,,,,,,,0
68f05736754fe6362dec6119,2026-07-15,Richard Elliot,2026-09-07 23:00:00,music,54.96,23,Monday,0,1,1,0,4,4.0,0.0,1.0,,,,City Winery,Nashville,TN,nashville,America/Chicago,36.1522,-86.7763,US,,,0
68f69abba1df084bdd675179,2026-07-17,Los Angeles Azules (Rescheduled from 2/13),2026-08-23 01:00:00,music,37.04,1,Sunday,1,11,10,3,10,5.0,0.1818181818181818,0.9090909090909092,,,,,,,,,,,,,,1
68f69abba1df084bdd675179,2026-07-18,Los Angeles Azules (Rescheduled from 2/13),2026-08-23 01:00:00,music,36.04,1,Sunday,1,4,3,2,8,5.25,0.0,1.0,11.0,-7.0,-63.63636363636363,,,,,,,,,,,0
68f69abba1df084bdd675179,2026-07-19,Los Angeles Azules (Rescheduled from 2/13),2026-08-23 01:00:00,music,35.04,1,Sunday,1,6,4,2,6,3.5,0.1666666666666666,1.0,4.0,2.0,50.0,,,,,,,,,,,0
68f69abba1df084bdd675179,2026-07-20,Los Angeles Azules (Rescheduled from 2/13),2026-08-23 01:00:00,music,34.04,1,Sunday,1,7,5,2,8,3.7142857142857135,0.2857142857142857,0.8571428571428571,6.0,1.0,16.666666666666664,,,,,,,,,,,0
68f69abba1df084bdd675179,2026-07-22,Los Angeles Azules (Rescheduled from 2/13),2026-08-23 01:00:00,music,32.04,1,Sunday,1,32,19,3,10,4.9375,0.03125,1.0,7.0,25.0,357.1428571428572,,,,,,,,,,,1
68f69abba1df084bdd675179,2026-07-23,Los Angeles Azules (Rescheduled from 2/13),2026-08-23 01:00:00,music,31.04,1,Sunday,1,14,11,3,12,6.214285714285714,0.1428571428571428,0.9285714285714286,32.0,-18.0,-56.25,,,,,,,,,,,0
68f69abba1df084bdd675179,2026-07-24,Los Angeles Azules (Rescheduled from 2/13),2026-08-23 01:00:00,music,30.04,1,Sunday,1,16,11,3,8,3.375,0.125,0.9375,14.0,2.0,14.285714285714285,,,,,,,,,,,0
68f69abba1df084bdd675179,2026-07-31,Los Angeles Azules (Rescheduled from 2/13),2026-08-23 01:00:00,music,23.04,1,Sunday,1,14,11,3,8,3.857142857142857,0.2857142857142857,0.9285714285714286,16.0,-2.0,-12.5,,,,,,,,,,,0
68f69abba1df084bdd675179,2026-08-02,Los Angeles Azules (Rescheduled from 2/13),2026-08-23 01:00:00,music,21.04,1,Sunday,1,19,14,3,8,3.631578947368421,0.2105263157894736,1.0,14.0,5.0,35.714285714285715,,,,,,,,,,,1
68f69abba1df084bdd675179,2026-08-03,Los Angeles Azules (Rescheduled from 2/13),2026-08-23 01:00:00,music,20.04,1,Sunday,1,5,4,2,8,6.0,0.8,0.8,19.0,-14.0,-73.68421052631578,,,,,,,,,,,0
68f69abba1df084bdd675179,2026-08-04,Los Angeles Azules (Rescheduled from 2/13),2026-08-23 01:00:00,music,19.04,1,Sunday,1,27,15,3,12,4.925925925925926,0.1851851851851851,0.9629629629629628,5.0,22.0,440.00000000000006,,,,,,,,,,,0
68f69abba1df084bdd675179,2026-08-05,Los Angeles Azules (Rescheduled from 2/13),2026-08-23 01:00:00,music,18.04,1,Sunday,1,23,16,3,7,3.3043478260869565,0.1304347826086956,1.0,27.0,-4.0,-14.814814814814811,,,,,,,,,,,1
68f69abba1df084bdd675179,2026-08-06,Los Angeles Azules (Rescheduled from 2/13),2026-08-23 01:00:00,music,17.04,1,Sunday,1,8,6,2,8,4.875,0.5,0.75,23.0,-15.0,-65.21739130434783,,,,,,,,,,,0
68f69abba1df084bdd675179,2026-08-07,Los Angeles Azules (Rescheduled from 2/13),2026-08-23 01:00:00,music,16.04,1,Sunday,1,36,18,3,12,4.416666666666667,0.1666666666666666,0.9444444444444444,8.0,28.0,350.0,,,,,,,,,,,0
68f69abba1df084bdd675179,2026-08-08,Los Angeles Azules (Rescheduled from 2/13),2026-08-23 01:00:00,music,15.04,1,Sunday,1,33,21,3,10,4.454545454545454,0.2121212121212121,1.0,36.0,-3.0,-8.333333333333332,,,,,,,,,,,0
68f69abba1df084bdd675179,2026-08-10,Los Angeles Azules (Rescheduled from 2/13),2026-08-23 01:00:00,music,13.04,1,Sunday,1,26,15,3,12,4.038461538461538,0.2692307692307692,0.9615384615384616,33.0,-7.0,-21.21212121212121,,,,,,,,,,,0
68f69abba1df084bdd675179,2026-08-11,Los Angeles Azules (Rescheduled from 2/13),2026-08-23 01:00:00,music,12.04,1,Sunday,1,22,16,3,8,4.681818181818182,0.2272727272727272,1.0,26.0,-4.0,-15.384615384615383,,,,,,,,,,,0
68f69abba1df084bdd675179,2026-08-12,Los Angeles Azules (Rescheduled from 2/13),2026-08-23 01:00:00,music,11.04,1,Sunday,1,35,20,3,11,4.314285714285714,0.2857142857142857,1.0,22.0,13.0,59.09090909090909,,,,,,,,,,,0
68f69abba1df084bdd675179,2026-08-13,Los Angeles Azules (Rescheduled from 2/13),2026-08-23 01:00:00,music,10.04,1,Sunday,1,34,16,3,12,4.794117647058823,0.1764705882352941,0.9705882352941176,35.0,-1.0,-2.857142857142857,,,,,,,,,,,0
68f80b6985db4d8736f82357,2026-07-17,Aaron Lewis and The Stateliners (16+ Event) (Rescheduled from 3/29/26),2026-08-10 03:00:00,music,24.12,3,Monday,0,1,1,1,2,2.0,1.0,1.0,,,,,,,,,,,,,,0
68f80b6985db4d8736f82357,2026-07-18,Aaron Lewis and The Stateliners (16+ Event) (Rescheduled from 3/29/26),2026-08-10 03:00:00,music,23.12,3,Monday,0,1,1,1,2,2.0,1.0,1.0,1.0,0.0,0.0,,,,,,,,,,,0
68f80b6985db4d8736f82357,2026-07-19,Aaron Lewis and The Stateliners (16+ Event) (Rescheduled from 3/29/26),2026-08-10 03:00:00,music,22.12,3,Monday,0,1,1,1,2,2.0,1.0,1.0,1.0,0.0,0.0,,,,,,,,,,,0
68f80b6985db4d8736f82357,2026-07-22,Aaron Lewis and The Stateliners (16+ Event) (Rescheduled from 3/29/26),2026-08-10 03:00:00,music,19.12,3,Monday,0,5,5,1,8,4.4,1.0,1.0,1.0,4.0,400.0,,,,,,,,,,,1
68f80b6985db4d8736f82357,2026-07-24,Aaron Lewis and The Stateliners (16+ Event) (Rescheduled from 3/29/26),2026-08-10 03:00:00,music,17.12,3,Monday,0,1,1,1,2,2.0,1.0,1.0,5.0,-4.0,-80.0,,,,,,,,,,,0
68f80b6985db4d8736f82357,2026-07-31,Aaron Lewis and The Stateliners (16+ Event) (Rescheduled from 3/29/26),2026-08-10 03:00:00,music,10.12,3,Monday,0,2,2,1,2,2.0,1.0,0.0,1.0,1.0,100.0,,,,,,,,,,,0
68f80b6985db4d8736f82357,2026-08-02,Aaron Lewis and The Stateliners (16+ Event) (Rescheduled from 3/29/26),2026-08-10 03:00:00,music,8.12,3,Monday,0,2,1,1,2,2.0,1.0,0.5,2.0,0.0,0.0,,,,,,,,,,,0
68f80b6985db4d8736f82357,2026-08-03,Aaron Lewis and The Stateliners (16+ Event) (Rescheduled from 3/29/26),2026-08-10 03:00:00,music,7.12,3,Monday,0,14,10,1,8,5.0,1.0,0.9285714285714286,2.0,12.0,600.0,,,,,,,,,,,0
68f80b6985db4d8736f82357,2026-08-04,Aaron Lewis and The Stateliners (16+ Event) (Rescheduled from 3/29/26),2026-08-10 03:00:00,music,6.12,3,Monday,0,12,8,1,8,6.166666666666667,0.9166666666666666,0.9166666666666666,14.0,-2.0,-14.285714285714285,,,,,,,,,,,0
68f80b6985db4d8736f82357,2026-08-05,Aaron Lewis and The Stateliners (16+ Event) (Rescheduled from 3/29/26),2026-08-10 03:00:00,music,5.12,3,Monday,0,10,9,1,8,5.6,1.0,1.0,12.0,-2.0,-16.666666666666664,,,,,,,,,,,1
68f80b6985db4d8736f82357,2026-08-06,Aaron Lewis and The Stateliners (16+ Event) (Rescheduled from 3/29/26),2026-08-10 03:00:00,music,4.12,3,Monday,0,6,5,1,8,4.333333333333333,1.0,0.6666666666666666,10.0,-4.0,-40.0,,,,,,,,,,,0
68f80b6985db4d8736f82357,2026-08-07,Aaron Lewis and The Stateliners (16+ Event) (Rescheduled from 3/29/26),2026-08-10 03:00:00,music,3.12,3,Monday,0,13,10,1,8,5.153846153846154,1.0,0.9230769230769232,6.0,7.0,116.66666666666669,,,,,,,,,,,1
68f80b6985db4d8736f82357,2026-08-08,Aaron Lewis and The Stateliners (16+ Event) (Rescheduled from 3/29/26),2026-08-10 03:00:00,music,2.12,3,Monday,0,9,8,1,8,5.0,1.0,0.8888888888888888,13.0,-4.0,-30.76923076923077,,,,,,,,,,,0
68f80b6985db4d8736f82357,2026-08-10,Aaron Lewis and The Stateliners (16+ Event) (Rescheduled from 3/29/26),2026-08-10 03:00:00,music,0.12,3,Monday,0,11,10,1,8,6.545454545454546,1.0,0.9090909090909092,9.0,2.0,22.22222222222222,,,,,,,,,,,0
68f80c2778455775b227e791,2026-07-17,Aaron Lewis and the Stateliners (21+ Event) (Rescheduled from 3/24/26),2026-08-03 03:00:00,music,17.12,3,Monday,0,1,1,1,4,4.0,1.0,1.0,,,,,,,,,,,,,,0
68f80c2778455775b227e791,2026-07-18,Aaron Lewis and the Stateliners (21+ Event) (Rescheduled from 3/24/26),2026-08-03 03:00:00,music,16.12,3,Monday,0,2,2,1,10,8.0,1.0,1.0,1.0,1.0,100.0,,,,,,,,,,,1
68f80c2778455775b227e791,2026-07-19,Aaron Lewis and the Stateliners (21+ Event) (Rescheduled from 3/24/26),2026-08-03 03:00:00,music,15.12,3,Monday,0,1,1,1,4,4.0,1.0,1.0,2.0,-1.0,-50.0,,,,,,,,,,,0
68f80c2778455775b227e791,2026-07-20,Aaron Lewis and the Stateliners (21+ Event) (Rescheduled from 3/24/26),2026-08-03 03:00:00,music,14.12,3,Monday,0,1,1,1,6,6.0,1.0,1.0,1.0,0.0,0.0,,,,,,,,,,,0
68f80c2778455775b227e791,2026-07-22,Aaron Lewis and the Stateliners (21+ Event) (Rescheduled from 3/24/26),2026-08-03 03:00:00,music,12.12,3,Monday,0,4,2,1,10,6.0,1.0,1.0,1.0,3.0,300.0,,,,,,,,,,,0
68f80c2778455775b227e791,2026-07-31,Aaron Lewis and the Stateliners (21+ Event) (Rescheduled from 3/24/26),2026-08-03 03:00:00,music,3.12,3,Monday,0,4,2,1,6,4.0,1.0,1.0,4.0,0.0,0.0,,,,,,,,,,,1
68f80c2778455775b227e791,2026-08-02,Aaron Lewis and the Stateliners (21+ Event) (Rescheduled from 3/24/26),2026-08-03 03:00:00,music,1.12,3,Monday,0,3,3,1,4,2.6666666666666665,1.0,1.0,4.0,-1.0,-25.0,,,,,,,,,,,0
68f90d1ca0ba98513eb1f710,2026-08-01,Rush,2026-09-14 23:30:00,music,44.98,23,Monday,0,7,5,2,8,3.0,0.0,1.0,,,,TD Garden,Boston,MA,boston,America/New_York,42.3653,-71.0618,US,,,0
68fa48b9435db56a5f601af6,2026-08-01,Iron Maiden,2026-09-15 23:00:00,music,45.96,23,Tuesday,0,14,9,2,8,4.357142857142857,0.2857142857142857,0.9285714285714286,,,,,,,,,,,,,,0
68fa75a144c2d436912eadbd,2026-08-01,Foo Fighters,2026-09-15 23:30:00,music,45.98,23,Tuesday,0,13,11,2,8,4.230769230769231,0.1538461538461538,1.0,,,,,,,,,,,,,,0
68fa9473f154587f76906faf,2026-07-15,Walker & Royce (18+ Event) (Rescheduled from 1/23),2026-07-26 02:00:00,music,11.08,2,Sunday,1,4,3,0,6,4.25,0.25,1.0,,,,SILO - Dallas,Dallas,TX,dallas,America/Chicago,32.7767,-96.797,US,,,1
68fa9473f154587f76906faf,2026-07-18,Walker & Royce (18+ Event) (Rescheduled from 1/23),2026-07-26 02:00:00,music,8.08,2,Sunday,1,1,1,0,6,6.0,1.0,1.0,4.0,-3.0,-75.0,SILO - Dallas,Dallas,TX,dallas,America/Chicago,32.7767,-96.797,US,,,0
68fa9473f154587f76906faf,2026-07-20,Walker & Royce (18+ Event) (Rescheduled from 1/23),2026-07-26 02:00:00,music,6.08,2,Sunday,1,1,1,0,7,7.0,1.0,1.0,1.0,0.0,0.0,SILO - Dallas,Dallas,TX,dallas,America/Chicago,32.7767,-96.797,US,,,0
68fa9473f154587f76906faf,2026-07-22,Walker & Royce (18+ Event) (Rescheduled from 1/23),2026-07-26 02:00:00,music,4.08,2,Sunday,1,1,1,0,6,6.0,1.0,1.0,1.0,0.0,0.0,SILO - Dallas,Dallas,TX,dallas,America/Chicago,32.7767,-96.797,US,,,0
68fa9473f154587f76906faf,2026-07-23,Walker & Royce (18+ Event) (Rescheduled from 1/23),2026-07-26 02:00:00,music,3.08,2,Sunday,1,2,2,0,6,5.0,0.5,0.5,1.0,1.0,100.0,SILO - Dallas,Dallas,TX,dallas,America/Chicago,32.7767,-96.797,US,,,1
68fa9473f154587f76906faf,2026-07-24,Walker & Royce (18+ Event) (Rescheduled from 1/23),2026-07-26 02:00:00,music,2.08,2,Sunday,1,1,1,0,4,4.0,1.0,1.0,2.0,-1.0,-50.0,SILO - Dallas,Dallas,TX,dallas,America/Chicago,32.7767,-96.797,US,,,0
68faadf2d25d2b3acf8e793d,2026-08-01,Grand Ole Opry,2026-09-16 00:00:00,music,46.0,0,Wednesday,0,2,2,2,8,5.0,1.0,1.0,,,,Grand Ole Opry House,Nashville,TN,nashville,America/Chicago,36.2069,-86.6921,US,,,0
69027ddc773615b29146a4ea,2026-07-24,Max McNown (Rescheduled from 4/9),2026-10-02 01:30:00,music,70.06,1,Friday,0,1,1,1,2,2.0,1.0,1.0,,,,,,,,,,,,,,0
69027ddc773615b29146a4ea,2026-07-31,Max McNown (Rescheduled from 4/9),2026-10-02 01:30:00,music,63.06,1,Friday,0,1,1,1,6,6.0,1.0,1.0,1.0,0.0,0.0,,,,,,,,,,,0
69027e2b168028b2133774ed,2026-07-17,Dylan Gossett (Rescheduled from 2/13),2026-09-24 02:00:00,music,69.08,2,Thursday,0,1,1,0,11,11.0,0.0,1.0,,,,,,,,,,,,,,0
69027e2b168028b2133774ed,2026-07-20,Dylan Gossett (Rescheduled from 2/13),2026-09-24 02:00:00,music,66.08,2,Thursday,0,1,1,0,12,12.0,0.0,1.0,1.0,0.0,0.0,,,,,,,,,,,0
69027e2b168028b2133774ed,2026-07-24,Dylan Gossett (Rescheduled from 2/13),2026-09-24 02:00:00,music,62.08,2,Thursday,0,1,1,0,12,12.0,0.0,1.0,1.0,0.0,0.0,,,,,,,,,,,0
69027e2b168028b2133774ed,2026-07-31,Dylan Gossett (Rescheduled from 2/13),2026-09-24 02:00:00,music,55.08,2,Thursday,0,1,1,0,10,10.0,0.0,1.0,1.0,0.0,0.0,,,,,,,,,,,0
69027e2b168028b2133774ed,2026-08-07,Dylan Gossett (Rescheduled from 2/13),2026-09-24 02:00:00,music,48.08,2,Thursday,0,4,2,0,2,2.0,0.0,1.0,1.0,3.0,300.0,,,,,,,,,,,1
69027e2b168028b2133774ed,2026-08-10,Dylan Gossett (Rescheduled from 2/13),2026-09-24 02:00:00,music,45.08,2,Thursday,0,1,1,0,12,12.0,0.0,1.0,4.0,-3.0,-75.0,,,,,,,,,,,0
69027e33d37809246688e411,2026-07-18,Dylan Gossett (Rescheduled from 2/17),2026-10-04 00:00:00,music,78.0,0,Sunday,1,1,1,1,4,4.0,1.0,1.0,,,,,,,,,,,,,,0
6903c98e896ac8e72dae3255,2026-08-01,OAR,2026-09-15 22:30:00,music,45.94,22,Tuesday,0,2,2,1,8,5.0,1.0,1.0,,,,,,,,,,,,,,0
6903ca4dd3780924668914cd,2026-07-16,OAR,2026-09-05 23:30:00,music,51.98,23,Saturday,1,14,14,3,12,9.142857142857142,0.4285714285714285,0.9285714285714286,,,,,,,,,,,,,,0
6903ca4dd3780924668914cd,2026-08-09,OAR,2026-09-05 23:30:00,music,27.98,23,Saturday,1,15,15,3,12,7.733333333333333,0.5333333333333333,0.9333333333333332,14.0,1.0,7.142857142857142,,,,,,,,,,,0
690934004554b4c817d285e7,2026-07-23,Mason Jennings (Rescheduled from 2/27),2026-09-26 02:00:00,music,65.08,2,Saturday,1,1,1,0,6,6.0,0.0,1.0,,,,Egyptian Theatre Co.,Park City,UT,saltlakecity,America/Denver,40.6426,-111.495,US,,,0
690934004554b4c817d285e7,2026-08-08,Mason Jennings (Rescheduled from 2/27),2026-09-26 02:00:00,music,49.08,2,Saturday,1,6,3,0,2,2.0,0.0,1.0,1.0,5.0,500.0,Egyptian Theatre Co.,Park City,UT,saltlakecity,America/Denver,40.6426,-111.495,US,,,0
690a4aa0538ffa108948602b,2026-07-21,Marc Anthony,2026-07-25 04:00:00,music,4.17,4,Saturday,1,17,12,5,8,2.588235294117647,0.8235294117647058,0.7058823529411765,,,,,,,,,,,,,,0
690a85cc395aa528b31b4509,2026-07-17,The Robert Cray Band (Rescheduled from 2/25),2026-09-27 23:00:00,music,72.96,23,Sunday,1,2,1,1,8,6.0,1.0,0.5,,,,,,,,,,,,,,0
690a85cc395aa528b31b4509,2026-08-02,The Robert Cray Band (Rescheduled from 2/25),2026-09-27 23:00:00,music,56.96,23,Sunday,1,3,3,2,4,4.0,1.0,1.0,2.0,1.0,50.0,,,,,,,,,,,1
690a85cc395aa528b31b4509,2026-08-08,The Robert Cray Band (Rescheduled from 2/25),2026-09-27 23:00:00,music,50.96,23,Sunday,1,2,2,1,2,2.0,1.0,1.0,3.0,-1.0,-33.33333333333333,,,,,,,,,,,0
690a85cc395aa528b31b4509,2026-08-10,The Robert Cray Band (Rescheduled from 2/25),2026-09-27 23:00:00,music,48.96,23,Sunday,1,2,2,1,2,2.0,1.0,1.0,2.0,0.0,0.0,,,,,,,,,,,0
690a85cc395aa528b31b4509,2026-08-11,The Robert Cray Band (Rescheduled from 2/25),2026-09-27 23:00:00,music,47.96,23,Sunday,1,2,2,1,4,4.0,1.0,1.0,2.0,0.0,0.0,,,,,,,,,,,0
690d2258225d37a3c5922451,2026-07-31,Silversun Pickups (Rescheduled from 3/5/26),2026-09-06 02:30:00,music,37.1,2,Sunday,1,1,1,1,2,2.0,1.0,1.0,,,,McDonald Theatre,Eugene,OR,portland,America/Los_Angeles,44.0486,-123.093,US,,,0
690d2258225d37a3c5922451,2026-08-02,Silversun Pickups (Rescheduled from 3/5/26),2026-09-06 02:30:00,music,35.1,2,Sunday,1,1,1,1,6,6.0,1.0,1.0,1.0,0.0,0.0,McDonald Theatre,Eugene,OR,portland,America/Los_Angeles,44.0486,-123.093,US,,,0
690d2258225d37a3c5922451,2026-08-05,Silversun Pickups (Rescheduled from 3/5/26),2026-09-06 02:30:00,music,32.1,2,Sunday,1,1,1,1,6,6.0,1.0,1.0,1.0,0.0,0.0,McDonald Theatre,Eugene,OR,portland,America/Los_Angeles,44.0486,-123.093,US,,,0
690d2258225d37a3c5922451,2026-08-07,Silversun Pickups (Rescheduled from 3/5/26),2026-09-06 02:30:00,music,30.1,2,Sunday,1,1,1,1,4,4.0,1.0,1.0,1.0,0.0,0.0,McDonald Theatre,Eugene,OR,portland,America/Los_Angeles,44.0486,-123.093,US,,,0
690d2258225d37a3c5922451,2026-08-11,Silversun Pickups (Rescheduled from 3/5/26),2026-09-06 02:30:00,music,26.1,2,Sunday,1,1,1,1,4,4.0,1.0,1.0,1.0,0.0,0.0,McDonald Theatre,Eugene,OR,portland,America/Los_Angeles,44.0486,-123.093,US,,,0
690d240579ecc8af2db4cf3a,2026-07-31,Silversun Pickups (Rescheduled from 3/10),2026-09-08 02:30:00,music,39.1,2,Tuesday,0,1,1,1,3,3.0,1.0,1.0,,,,Fremont Theater,San Luis Obispo,CA,fresno,America/Los_Angeles,35.2819,-120.661,US,,,0
690d240579ecc8af2db4cf3a,2026-08-06,Silversun Pickups (Rescheduled from 3/10),2026-09-08 02:30:00,music,33.1,2,Tuesday,0,1,1,1,5,5.0,1.0,1.0,1.0,0.0,0.0,Fremont Theater,San Luis Obispo,CA,fresno,America/Los_Angeles,35.2819,-120.661,US,,,0
69126d22fcf50d5cd7451759,2026-07-15,Marty Stuart (Rescheduled from 2/6/26),2026-08-09 00:00:00,music,25.0,0,Sunday,1,53,19,0,10,4.716981132075472,0.0188679245283018,0.9245283018867924,,,,,,,,,,,,,,1
69126d22fcf50d5cd7451759,2026-07-17,Marty Stuart (Rescheduled from 2/6/26),2026-08-09 00:00:00,music,23.0,0,Sunday,1,2,1,0,5,3.5,0.0,1.0,53.0,-51.0,-96.22641509433964,,,,,,,,,,,0
69126d22fcf50d5cd7451759,2026-07-18,Marty Stuart (Rescheduled from 2/6/26),2026-08-09 00:00:00,music,22.0,0,Sunday,1,9,5,0,8,5.444444444444445,0.0,1.0,2.0,7.0,350.0,,,,,,,,,,,1
69126d22fcf50d5cd7451759,2026-07-19,Marty Stuart (Rescheduled from 2/6/26),2026-08-09 00:00:00,music,21.0,0,Sunday,1,6,3,0,8,4.5,0.0,1.0,9.0,-3.0,-33.33333333333333,,,,,,,,,,,1
69126d22fcf50d5cd7451759,2026-07-20,Marty Stuart (Rescheduled from 2/6/26),2026-08-09 00:00:00,music,20.0,0,Sunday,1,2,1,0,7,6.5,0.0,1.0,6.0,-4.0,-66.66666666666666,,,,,,,,,,,0
69126d22fcf50d5cd7451759,2026-07-22,Marty Stuart (Rescheduled from 2/6/26),2026-08-09 00:00:00,music,18.0,0,Sunday,1,6,3,0,8,6.0,0.0,1.0,2.0,4.0,200.0,,,,,,,,,,,1
69126d22fcf50d5cd7451759,2026-07-23,Marty Stuart (Rescheduled from 2/6/26),2026-08-09 00:00:00,music,17.0,0,Sunday,1,3,2,0,4,2.6666666666666665,0.0,1.0,6.0,-3.0,-50.0,,,,,,,,,,,0
69126d22fcf50d5cd7451759,2026-07-24,Marty Stuart (Rescheduled from 2/6/26),2026-08-09 00:00:00,music,16.0,0,Sunday,1,7,4,0,7,4.428571428571429,0.0,1.0,3.0,4.0,133.33333333333331,,,,,,,,,,,0
69126d22fcf50d5cd7451759,2026-07-31,Marty Stuart (Rescheduled from 2/6/26),2026-08-09 00:00:00,music,9.0,0,Sunday,1,43,10,0,10,4.0,0.0,0.9302325581395348,7.0,36.0,514.2857142857143,,,,,,,,,,,1
69126d22fcf50d5cd7451759,2026-08-02,Marty Stuart (Rescheduled from 2/6/26),2026-08-09 00:00:00,music,7.0,0,Sunday,1,26,7,0,8,3.730769230769231,0.0,0.9615384615384616,43.0,-17.0,-39.53488372093023,,,,,,,,,,,1
69126d22fcf50d5cd7451759,2026-08-03,Marty Stuart (Rescheduled from 2/6/26),2026-08-09 00:00:00,music,6.0,0,Sunday,1,17,7,0,8,4.117647058823529,0.0,0.8823529411764706,26.0,-9.0,-34.61538461538461,,,,,,,,,,,0
69126d22fcf50d5cd7451759,2026-08-04,Marty Stuart (Rescheduled from 2/6/26),2026-08-09 00:00:00,music,5.0,0,Sunday,1,13,5,0,8,4.6923076923076925,0.0,0.8461538461538461,17.0,-4.0,-23.52941176470588,,,,,,,,,,,1
69126d22fcf50d5cd7451759,2026-08-05,Marty Stuart (Rescheduled from 2/6/26),2026-08-09 00:00:00,music,4.0,0,Sunday,1,2,2,0,2,2.0,0.0,1.0,13.0,-11.0,-84.61538461538461,,,,,,,,,,,0
69126d22fcf50d5cd7451759,2026-08-06,Marty Stuart (Rescheduled from 2/6/26),2026-08-09 00:00:00,music,3.0,0,Sunday,1,4,3,0,5,3.25,0.25,0.75,2.0,2.0,100.0,,,,,,,,,,,0
69126d22fcf50d5cd7451759,2026-08-07,Marty Stuart (Rescheduled from 2/6/26),2026-08-09 00:00:00,music,2.0,0,Sunday,1,13,5,0,8,5.615384615384615,0.0,1.0,4.0,9.0,225.0,,,,,,,,,,,0
69126d22fcf50d5cd7451759,2026-08-08,Marty Stuart (Rescheduled from 2/6/26),2026-08-09 00:00:00,music,1.0,0,Sunday,1,38,6,0,8,6.131578947368421,0.0263157894736842,0.9210526315789472,13.0,25.0,192.30769230769232,,,,,,,,,,,0
6912a56b0f5f7f1349859bf0,2026-07-23,Dan Deacon (Rescheduled from 2/8/26),2026-08-03 00:00:00,music,11.0,0,Monday,0,1,1,1,2,2.0,1.0,1.0,,,,The Sinclair,Cambridge,MA,boston,America/New_York,42.374,-71.1206,US,,,0
6913da5d936788f7132f780a,2026-08-11,Gregory Porter (Rescheduled from 2/19) (Moved from Altria Theater),2026-09-24 23:30:00,music,44.98,23,Thursday,0,1,1,1,2,2.0,1.0,1.0,,,,Carpenter Theatre at Dominion Energy Center,Richmond,VA,richmond,America/New_York,37.5416,-77.437,US,,,0
6913db210f5f7f134985f953,2026-08-02,Eggy - Something In The Air (Rescheduled from 3/6/26),2026-10-19 01:00:00,music,78.04,1,Monday,0,4,3,0,11,7.75,0.25,1.0,,,,High Noon Saloon,Madison,WI,milwaukee,America/Chicago,43.0796,-89.3765,US,,,1
6913db210f5f7f134985f953,2026-08-03,Eggy - Something In The Air (Rescheduled from 3/6/26),2026-10-19 01:00:00,music,77.04,1,Monday,0,1,1,0,2,2.0,0.0,0.0,4.0,-3.0,-75.0,High Noon Saloon,Madison,WI,milwaukee,America/Chicago,43.0796,-89.3765,US,,,0
6913db210f5f7f134985f953,2026-08-06,Eggy - Something In The Air (Rescheduled from 3/6/26),2026-10-19 01:00:00,music,74.04,1,Monday,0,1,1,0,6,6.0,0.0,1.0,1.0,0.0,0.0,High Noon Saloon,Madison,WI,milwaukee,America/Chicago,43.0796,-89.3765,US,,,0
6913db210f5f7f134985f953,2026-08-10,Eggy - Something In The Air (Rescheduled from 3/6/26),2026-10-19 01:00:00,music,70.04,1,Monday,0,1,1,0,4,4.0,0.0,1.0,1.0,0.0,0.0,High Noon Saloon,Madison,WI,milwaukee,America/Chicago,43.0796,-89.3765,US,,,0
6913db210f5f7f134985f953,2026-08-12,Eggy - Something In The Air (Rescheduled from 3/6/26),2026-10-19 01:00:00,music,68.04,1,Monday,0,3,1,0,2,2.0,0.0,1.0,1.0,2.0,200.0,High Noon Saloon,Madison,WI,milwaukee,America/Chicago,43.0796,-89.3765,US,,,0
691ff2ef6d18fb6a95e1bbf0,2026-07-21,DCI - Drum Corps International,2026-07-26 03:59:00,music,5.17,3,Sunday,1,4,2,2,8,3.5,1.0,0.75,,,,,,,,,,,,,,0
69247b0399ac8743f35ba60e,2026-07-16,Guns N Roses,2026-09-06 01:25:00,music,52.06,1,Sunday,1,104,32,1,12,3.740384615384616,0.0673076923076923,0.7596153846153846,,,,,,,,,,,,,,0
69247b0399ac8743f35ba60e,2026-08-09,Guns N Roses,2026-09-06 01:25:00,music,28.06,1,Sunday,1,106,38,2,12,5.19811320754717,0.0754716981132075,0.8867924528301887,104.0,2.0,1.9230769230769231,,,,,,,,,,,0
6925dd119d995599d27a96bc,2026-07-17,Marty Stuart (Rescheduled from 3/20),2026-07-18 00:00:00,music,1.0,0,Saturday,1,1,1,1,6,6.0,1.0,1.0,,,,,,,,,,,,,,0
6925fcc9230b438ae83e838c,2026-08-07,Dwight Yoakam (Rescheduled from 3/5),2026-10-16 00:30:00,music,70.02,0,Friday,0,2,1,0,6,5.0,0.0,1.0,,,,,,,,,,,,,,1
6925fcc9230b438ae83e838c,2026-08-08,Dwight Yoakam (Rescheduled from 3/5),2026-10-16 00:30:00,music,69.02,0,Friday,0,1,1,0,2,2.0,0.0,1.0,2.0,-1.0,-50.0,,,,,,,,,,,0
6925fcc9230b438ae83e838c,2026-08-11,Dwight Yoakam (Rescheduled from 3/5),2026-10-16 00:30:00,music,66.02,0,Friday,0,9,3,0,8,5.555555555555555,0.1111111111111111,1.0,1.0,8.0,800.0,,,,,,,,,,,0
6925fcc9230b438ae83e838c,2026-08-12,Dwight Yoakam (Rescheduled from 3/5),2026-10-16 00:30:00,music,65.02,0,Friday,0,11,2,0,8,4.909090909090909,0.0,1.0,9.0,2.0,22.22222222222222,,,,,,,,,,,0
692dfa299586b57d52a82deb,2026-07-31,Whos Bad - The Ultimate Michael Jackson Experience,2026-08-30 00:00:00,music,30.0,0,Sunday,1,1,1,0,12,12.0,0.0,1.0,,,,,,,,,,,,,,0
692dfa299586b57d52a82deb,2026-08-02,Whos Bad - The Ultimate Michael Jackson Experience,2026-08-30 00:00:00,music,28.0,0,Sunday,1,1,1,0,12,12.0,0.0,1.0,1.0,0.0,0.0,,,,,,,,,,,0
692dfa299586b57d52a82deb,2026-08-05,Whos Bad - The Ultimate Michael Jackson Experience,2026-08-30 00:00:00,music,25.0,0,Sunday,1,1,1,0,12,12.0,0.0,1.0,1.0,0.0,0.0,,,,,,,,,,,0
692dfa299586b57d52a82deb,2026-08-06,Whos Bad - The Ultimate Michael Jackson Experience,2026-08-30 00:00:00,music,24.0,0,Sunday,1,1,1,0,12,12.0,0.0,1.0,1.0,0.0,0.0,,,,,,,,,,,0
692dfa299586b57d52a82deb,2026-08-08,Whos Bad - The Ultimate Michael Jackson Experience,2026-08-30 00:00:00,music,22.0,0,Sunday,1,2,2,0,6,6.0,0.0,1.0,1.0,1.0,100.0,,,,,,,,,,,1
692dfa299586b57d52a82deb,2026-08-10,Whos Bad - The Ultimate Michael Jackson Experience,2026-08-30 00:00:00,music,20.0,0,Sunday,1,1,1,0,12,12.0,1.0,1.0,2.0,-1.0,-50.0,,,,,,,,,,,0
692dfa299586b57d52a82deb,2026-08-11,Whos Bad - The Ultimate Michael Jackson Experience,2026-08-30 00:00:00,music,19.0,0,Sunday,1,1,1,0,12,12.0,1.0,1.0,1.0,0.0,0.0,,,,,,,,,,,0
692dfa299586b57d52a82deb,2026-08-12,Whos Bad - The Ultimate Michael Jackson Experience,2026-08-30 00:00:00,music,18.0,0,Sunday,1,2,1,0,12,9.0,0.5,1.0,1.0,1.0,100.0,,,,,,,,,,,1
692dfa299586b57d52a82deb,2026-08-13,Whos Bad - The Ultimate Michael Jackson Experience,2026-08-30 00:00:00,music,17.0,0,Sunday,1,1,1,0,12,12.0,1.0,1.0,2.0,-1.0,-50.0,,,,,,,,,,,0
692f4eaed10fb49e8d48f22b,2026-07-17,Mammoth (Rescheduled from 3/19),2026-08-01 23:00:00,music,15.96,23,Saturday,1,1,1,0,4,4.0,0.0,1.0,,,,,,,,,,,,,,0
692f4eaed10fb49e8d48f22b,2026-07-18,Mammoth (Rescheduled from 3/19),2026-08-01 23:00:00,music,14.96,23,Saturday,1,1,1,0,4,4.0,0.0,1.0,1.0,0.0,0.0,,,,,,,,,,,0
692f4eaed10fb49e8d48f22b,2026-07-22,Mammoth (Rescheduled from 3/19),2026-08-01 23:00:00,music,10.96,23,Saturday,1,5,3,0,2,2.0,0.2,1.0,1.0,4.0,400.0,,,,,,,,,,,1
692f4eaed10fb49e8d48f22b,2026-07-23,Mammoth (Rescheduled from 3/19),2026-08-01 23:00:00,music,9.96,23,Saturday,1,1,1,0,2,2.0,0.0,1.0,5.0,-4.0,-80.0,,,,,,,,,,,0
692f4eaed10fb49e8d48f22b,2026-07-24,Mammoth (Rescheduled from 3/19),2026-08-01 23:00:00,music,8.96,23,Saturday,1,1,1,0,6,6.0,0.0,1.0,1.0,0.0,0.0,,,,,,,,,,,0
692f4eaed10fb49e8d48f22b,2026-07-31,Mammoth (Rescheduled from 3/19),2026-08-01 23:00:00,music,1.96,23,Saturday,1,4,3,0,4,2.5,0.25,0.75,1.0,3.0,300.0,,,,,,,,,,,0
692f52716d38d96a83e64a9a,2026-07-17,Mammoth (Rescheduled from 3/18),2026-08-02 23:00:00,music,16.96,23,Sunday,1,1,1,0,2,2.0,0.0,0.0,,,,,,,,,,,,,,0
692f52716d38d96a83e64a9a,2026-07-22,Mammoth (Rescheduled from 3/18),2026-08-02 23:00:00,music,11.96,23,Sunday,1,1,1,0,2,2.0,0.0,0.0,1.0,0.0,0.0,,,,,,,,,,,0
692f52716d38d96a83e64a9a,2026-07-31,Mammoth (Rescheduled from 3/18),2026-08-02 23:00:00,music,2.96,23,Sunday,1,1,1,0,4,4.0,0.0,1.0,1.0,0.0,0.0,,,,,,,,,,,0
692f52716d38d96a83e64a9a,2026-08-02,Mammoth (Rescheduled from 3/18),2026-08-02 23:00:00,music,0.96,23,Sunday,1,6,2,0,2,2.0,0.0,0.6666666666666666,1.0,5.0,500.0,,,,,,,,,,,0
69320b7b18f984723551fdb2,2026-07-18,Houndmouth (Rescheduled from 3/19),2026-10-10 00:30:00,music,84.02,0,Saturday,1,1,1,1,2,2.0,1.0,1.0,,,,Cain's Ballroom,Tulsa,OK,oklahomacity,America/Chicago,36.161,-95.9949,US,,,0
69320b7b18f984723551fdb2,2026-08-04,Houndmouth (Rescheduled from 3/19),2026-10-10 00:30:00,music,67.02,0,Saturday,1,1,1,1,8,8.0,1.0,1.0,1.0,0.0,0.0,Cain's Ballroom,Tulsa,OK,oklahomacity,America/Chicago,36.161,-95.9949,US,,,0
69320b7b18f984723551fdb2,2026-08-07,Houndmouth (Rescheduled from 3/19),2026-10-10 00:30:00,music,64.02,0,Saturday,1,1,1,1,4,4.0,1.0,1.0,1.0,0.0,0.0,Cain's Ballroom,Tulsa,OK,oklahomacity,America/Chicago,36.161,-95.9949,US,,,0
69320b7b18f984723551fdb2,2026-08-10,Houndmouth (Rescheduled from 3/19),2026-10-10 00:30:00,music,61.02,0,Saturday,1,1,1,1,6,6.0,1.0,1.0,1.0,0.0,0.0,Cain's Ballroom,Tulsa,OK,oklahomacity,America/Chicago,36.161,-95.9949,US,,,0
69322eaf5c52bbb3188af92d,2026-07-22,Houndmouth (Rescheduled from 3/20),2026-10-09 01:00:00,music,79.04,1,Friday,0,1,1,1,4,4.0,1.0,0.0,,,,Ozark Music Hall,Fayetteville,AR,oklahomacity,America/Chicago,36.1173,-94.1572,US,,,0
69322eaf5c52bbb3188af92d,2026-07-24,Houndmouth (Rescheduled from 3/20),2026-10-09 01:00:00,music,77.04,1,Friday,0,1,1,1,2,2.0,1.0,0.0,1.0,0.0,0.0,Ozark Music Hall,Fayetteville,AR,oklahomacity,America/Chicago,36.1173,-94.1572,US,,,0
693735e5cba2f285be870462,2026-08-01,Alison Krauss,2026-09-16 00:30:00,music,46.02,0,Wednesday,0,5,2,0,8,6.6,0.0,1.0,,,,,,,,,,,,,,0
693750ac3760ce8f17bd4124,2026-07-17,Codiciado (Rescheduled from 2/27/26),2026-08-30 01:00:00,music,44.04,1,Sunday,1,3,3,2,8,5.0,0.0,1.0,,,,The Pavilion at Toyota Music Factory,Irving,TX,dallas,America/Chicago,32.8752,-96.9439,US,,,0
693750ac3760ce8f17bd4124,2026-07-18,Codiciado (Rescheduled from 2/27/26),2026-08-30 01:00:00,music,43.04,1,Sunday,1,12,5,2,9,6.416666666666667,0.3333333333333333,1.0,3.0,9.0,300.0,The Pavilion at Toyota Music Factory,Irving,TX,dallas,America/Chicago,32.8752,-96.9439,US,,,1
693750ac3760ce8f17bd4124,2026-07-19,Codiciado (Rescheduled from 2/27/26),2026-08-30 01:00:00,music,42.04,1,Sunday,1,2,2,1,8,7.5,0.0,1.0,12.0,-10.0,-83.33333333333334,The Pavilion at Toyota Music Factory,Irving,TX,dallas,America/Chicago,32.8752,-96.9439,US,,,0
693750ac3760ce8f17bd4124,2026-07-20,Codiciado (Rescheduled from 2/27/26),2026-08-30 01:00:00,music,41.04,1,Sunday,1,6,4,1,12,12.0,0.5,1.0,2.0,4.0,200.0,The Pavilion at Toyota Music Factory,Irving,TX,dallas,America/Chicago,32.8752,-96.9439,US,,,0
693750ac3760ce8f17bd4124,2026-07-22,Codiciado (Rescheduled from 2/27/26),2026-08-30 01:00:00,music,39.04,1,Sunday,1,5,5,3,8,6.6,0.6,1.0,6.0,-1.0,-16.666666666666664,The Pavilion at Toyota Music Factory,Irving,TX,dallas,America/Chicago,32.8752,-96.9439,US,,,1
693750ac3760ce8f17bd4124,2026-07-23,Codiciado (Rescheduled from 2/27/26),2026-08-30 01:00:00,music,38.04,1,Sunday,1,3,2,2,8,4.666666666666667,0.3333333333333333,0.6666666666666666,5.0,-2.0,-40.0,The Pavilion at Toyota Music Factory,Irving,TX,dallas,America/Chicago,32.8752,-96.9439,US,,,0
693750ac3760ce8f17bd4124,2026-07-24,Codiciado (Rescheduled from 2/27/26),2026-08-30 01:00:00,music,37.04,1,Sunday,1,4,3,2,6,4.5,0.75,1.0,3.0,1.0,33.33333333333333,The Pavilion at Toyota Music Factory,Irving,TX,dallas,America/Chicago,32.8752,-96.9439,US,,,0
693750ac3760ce8f17bd4124,2026-07-31,Codiciado (Rescheduled from 2/27/26),2026-08-30 01:00:00,music,30.04,1,Sunday,1,10,6,2,10,5.2,0.5,1.0,4.0,6.0,150.0,The Pavilion at Toyota Music Factory,Irving,TX,dallas,America/Chicago,32.8752,-96.9439,US,,,0
693750ac3760ce8f17bd4124,2026-08-02,Codiciado (Rescheduled from 2/27/26),2026-08-30 01:00:00,music,28.04,1,Sunday,1,12,6,2,12,6.083333333333333,0.5,1.0,10.0,2.0,20.0,The Pavilion at Toyota Music Factory,Irving,TX,dallas,America/Chicago,32.8752,-96.9439,US,,,1
693750ac3760ce8f17bd4124,2026-08-03,Codiciado (Rescheduled from 2/27/26),2026-08-30 01:00:00,music,27.04,1,Sunday,1,7,4,2,10,6.0,0.2857142857142857,1.0,12.0,-5.0,-41.66666666666667,The Pavilion at Toyota Music Factory,Irving,TX,dallas,America/Chicago,32.8752,-96.9439,US,,,0
693750ac3760ce8f17bd4124,2026-08-04,Codiciado (Rescheduled from 2/27/26),2026-08-30 01:00:00,music,26.04,1,Sunday,1,14,9,3,8,7.0,0.6428571428571429,1.0,7.0,7.0,100.0,The Pavilion at Toyota Music Factory,Irving,TX,dallas,America/Chicago,32.8752,-96.9439,US,,,1
693750ac3760ce8f17bd4124,2026-08-05,Codiciado (Rescheduled from 2/27/26),2026-08-30 01:00:00,music,25.04,1,Sunday,1,6,4,2,8,6.333333333333333,0.3333333333333333,1.0,14.0,-8.0,-57.14285714285714,The Pavilion at Toyota Music Factory,Irving,TX,dallas,America/Chicago,32.8752,-96.9439,US,,,1
693750ac3760ce8f17bd4124,2026-08-06,Codiciado (Rescheduled from 2/27/26),2026-08-30 01:00:00,music,24.04,1,Sunday,1,2,2,1,8,7.5,1.0,1.0,6.0,-4.0,-66.66666666666666,The Pavilion at Toyota Music Factory,Irving,TX,dallas,America/Chicago,32.8752,-96.9439,US,,,0
693750ac3760ce8f17bd4124,2026-08-07,Codiciado (Rescheduled from 2/27/26),2026-08-30 01:00:00,music,23.04,1,Sunday,1,8,7,2,8,5.625,0.75,1.0,2.0,6.0,300.0,The Pavilion at Toyota Music Factory,Irving,TX,dallas,America/Chicago,32.8752,-96.9439,US,,,0
693750ac3760ce8f17bd4124,2026-08-08,Codiciado (Rescheduled from 2/27/26),2026-08-30 01:00:00,music,22.04,1,Sunday,1,7,6,3,8,6.428571428571429,1.0,0.8571428571428571,8.0,-1.0,-12.5,The Pavilion at Toyota Music Factory,Irving,TX,dallas,America/Chicago,32.8752,-96.9439,US,,,1
693750ac3760ce8f17bd4124,2026-08-10,Codiciado (Rescheduled from 2/27/26),2026-08-30 01:00:00,music,20.04,1,Sunday,1,2,2,1,8,8.0,1.0,1.0,7.0,-5.0,-71.42857142857143,The Pavilion at Toyota Music Factory,Irving,TX,dallas,America/Chicago,32.8752,-96.9439,US,,,0
693750cbc7267e811be6350b,2026-07-17,Codiciado (Rescheduled from 3/7/26),2026-09-27 03:00:00,music,72.12,3,Sunday,1,9,4,2,8,3.888888888888889,0.3333333333333333,1.0,,,,Arizona Financial Theatre,Phoenix,AZ,phoenix,America/Phoenix,33.4489,-112.079,US,,,0
693750cbc7267e811be6350b,2026-07-18,Codiciado (Rescheduled from 3/7/26),2026-09-27 03:00:00,music,71.12,3,Sunday,1,11,9,3,8,5.181818181818182,0.4545454545454545,0.9090909090909092,9.0,2.0,22.22222222222222,Arizona Financial Theatre,Phoenix,AZ,phoenix,America/Phoenix,33.4489,-112.079,US,,,1
693750cbc7267e811be6350b,2026-07-20,Codiciado (Rescheduled from 3/7/26),2026-09-27 03:00:00,music,69.12,3,Sunday,1,3,3,1,6,4.666666666666667,0.6666666666666666,1.0,11.0,-8.0,-72.72727272727273,Arizona Financial Theatre,Phoenix,AZ,phoenix,America/Phoenix,33.4489,-112.079,US,,,0
693750cbc7267e811be6350b,2026-07-22,Codiciado (Rescheduled from 3/7/26),2026-09-27 03:00:00,music,67.12,3,Sunday,1,4,3,2,8,4.5,0.0,1.0,3.0,1.0,33.33333333333333,Arizona Financial Theatre,Phoenix,AZ,phoenix,America/Phoenix,33.4489,-112.079,US,,,0
693750cbc7267e811be6350b,2026-07-23,Codiciado (Rescheduled from 3/7/26),2026-09-27 03:00:00,music,66.12,3,Sunday,1,6,5,2,8,4.333333333333333,0.3333333333333333,1.0,4.0,2.0,50.0,Arizona Financial Theatre,Phoenix,AZ,phoenix,America/Phoenix,33.4489,-112.079,US,,,0
693750cbc7267e811be6350b,2026-07-24,Codiciado (Rescheduled from 3/7/26),2026-09-27 03:00:00,music,65.12,3,Sunday,1,7,6,3,8,4.571428571428571,0.5714285714285714,1.0,6.0,1.0,16.666666666666664,Arizona Financial Theatre,Phoenix,AZ,phoenix,America/Phoenix,33.4489,-112.079,US,,,0
693750cbc7267e811be6350b,2026-07-31,Codiciado (Rescheduled from 3/7/26),2026-09-27 03:00:00,music,58.12,3,Sunday,1,6,6,2,4,3.1666666666666665,0.0,1.0,7.0,-1.0,-14.285714285714285,Arizona Financial Theatre,Phoenix,AZ,phoenix,America/Phoenix,33.4489,-112.079,US,,,0
693750cbc7267e811be6350b,2026-08-02,Codiciado (Rescheduled from 3/7/26),2026-09-27 03:00:00,music,56.12,3,Sunday,1,27,10,2,8,5.296296296296297,0.2592592592592592,1.0,6.0,21.0,350.0,Arizona Financial Theatre,Phoenix,AZ,phoenix,America/Phoenix,33.4489,-112.079,US,,,1
693750cbc7267e811be6350b,2026-08-03,Codiciado (Rescheduled from 3/7/26),2026-09-27 03:00:00,music,55.12,3,Sunday,1,5,4,2,8,4.8,0.6,1.0,27.0,-22.0,-81.48148148148148,Arizona Financial Theatre,Phoenix,AZ,phoenix,America/Phoenix,33.4489,-112.079,US,,,1
693750cbc7267e811be6350b,2026-08-04,Codiciado (Rescheduled from 3/7/26),2026-09-27 03:00:00,music,54.12,3,Sunday,1,2,1,1,4,3.0,0.0,1.0,5.0,-3.0,-60.0,Arizona Financial Theatre,Phoenix,AZ,phoenix,America/Phoenix,33.4489,-112.079,US,,,1
693750cbc7267e811be6350b,2026-08-05,Codiciado (Rescheduled from 3/7/26),2026-09-27 03:00:00,music,53.12,3,Sunday,1,1,1,1,2,2.0,0.0,1.0,2.0,-1.0,-50.0,Arizona Financial Theatre,Phoenix,AZ,phoenix,America/Phoenix,33.4489,-112.079,US,,,0
693750cbc7267e811be6350b,2026-08-06,Codiciado (Rescheduled from 3/7/26),2026-09-27 03:00:00,music,52.12,3,Sunday,1,7,5,2,8,4.285714285714286,0.5714285714285714,1.0,1.0,6.0,600.0,Arizona Financial Theatre,Phoenix,AZ,phoenix,America/Phoenix,33.4489,-112.079,US,,,0
693750cbc7267e811be6350b,2026-08-07,Codiciado (Rescheduled from 3/7/26),2026-09-27 03:00:00,music,51.12,3,Sunday,1,14,8,2,8,4.142857142857143,0.7142857142857143,1.0,7.0,7.0,100.0,Arizona Financial Theatre,Phoenix,AZ,phoenix,America/Phoenix,33.4489,-112.079,US,,,0
693750cbc7267e811be6350b,2026-08-08,Codiciado (Rescheduled from 3/7/26),2026-09-27 03:00:00,music,50.12,3,Sunday,1,28,12,2,4,3.2142857142857144,0.6071428571428571,1.0,14.0,14.0,100.0,Arizona Financial Theatre,Phoenix,AZ,phoenix,America/Phoenix,33.4489,-112.079,US,,,1
693750cbc7267e811be6350b,2026-08-11,Codiciado (Rescheduled from 3/7/26),2026-09-27 03:00:00,music,47.12,3,Sunday,1,9,9,2,4,2.6666666666666665,0.8888888888888888,1.0,28.0,-19.0,-67.85714285714286,Arizona Financial Theatre,Phoenix,AZ,phoenix,America/Phoenix,33.4489,-112.079,US,,,0
69375163bf16b1e2aa80d798,2026-07-17,Codiciado (Rescheduled from 4/3/26),2026-09-12 03:00:00,music,57.12,3,Saturday,1,14,10,3,8,5.5,0.2857142857142857,1.0,,,,San Jose Civic,San Jose,CA,sanfrancisco,America/Los_Angeles,37.3308,-121.89,US,,,0
69375163bf16b1e2aa80d798,2026-07-18,Codiciado (Rescheduled from 4/3/26),2026-09-12 03:00:00,music,56.12,3,Saturday,1,31,20,3,8,4.354838709677419,0.3548387096774194,1.0,14.0,17.0,121.42857142857142,San Jose Civic,San Jose,CA,sanfrancisco,America/Los_Angeles,37.3308,-121.89,US,,,1
69375163bf16b1e2aa80d798,2026-07-19,Codiciado (Rescheduled from 4/3/26),2026-09-12 03:00:00,music,55.12,3,Saturday,1,7,7,2,8,5.142857142857143,0.1428571428571428,1.0,31.0,-24.0,-77.41935483870968,San Jose Civic,San Jose,CA,sanfrancisco,America/Los_Angeles,37.3308,-121.89,US,,,1
69375163bf16b1e2aa80d798,2026-07-20,Codiciado (Rescheduled from 4/3/26),2026-09-12 03:00:00,music,54.12,3,Saturday,1,1,1,1,4,4.0,0.0,1.0,7.0,-6.0,-85.71428571428571,San Jose Civic,San Jose,CA,sanfrancisco,America/Los_Angeles,37.3308,-121.89,US,,,0
69375163bf16b1e2aa80d798,2026-07-22,Codiciado (Rescheduled from 4/3/26),2026-09-12 03:00:00,music,52.12,3,Saturday,1,3,3,1,5,4.0,0.3333333333333333,1.0,1.0,2.0,200.0,San Jose Civic,San Jose,CA,sanfrancisco,America/Los_Angeles,37.3308,-121.89,US,,,1
69375163bf16b1e2aa80d798,2026-07-23,Codiciado (Rescheduled from 4/3/26),2026-09-12 03:00:00,music,51.12,3,Saturday,1,1,1,1,2,2.0,1.0,1.0,3.0,-2.0,-66.66666666666666,San Jose Civic,San Jose,CA,sanfrancisco,America/Los_Angeles,37.3308,-121.89,US,,,0
69375163bf16b1e2aa80d798,2026-07-24,Codiciado (Rescheduled from 4/3/26),2026-09-12 03:00:00,music,50.12,3,Saturday,1,5,5,3,8,5.2,0.4,0.8,1.0,4.0,400.0,San Jose Civic,San Jose,CA,sanfrancisco,America/Los_Angeles,37.3308,-121.89,US,,,0
69375163bf16b1e2aa80d798,2026-07-31,Codiciado (Rescheduled from 4/3/26),2026-09-12 03:00:00,music,43.12,3,Saturday,1,5,5,3,6,5.2,0.6,1.0,5.0,0.0,0.0,San Jose Civic,San Jose,CA,sanfrancisco,America/Los_Angeles,37.3308,-121.89,US,,,1
69375163bf16b1e2aa80d798,2026-08-02,Codiciado (Rescheduled from 4/3/26),2026-09-12 03:00:00,music,41.12,3,Saturday,1,1,1,1,6,6.0,1.0,1.0,5.0,-4.0,-80.0,San Jose Civic,San Jose,CA,sanfrancisco,America/Los_Angeles,37.3308,-121.89,US,,,0
69375163bf16b1e2aa80d798,2026-08-04,Codiciado (Rescheduled from 4/3/26),2026-09-12 03:00:00,music,39.12,3,Saturday,1,9,8,2,4,3.888888888888889,0.1111111111111111,1.0,1.0,8.0,800.0,San Jose Civic,San Jose,CA,sanfrancisco,America/Los_Angeles,37.3308,-121.89,US,,,1
69375163bf16b1e2aa80d798,2026-08-05,Codiciado (Rescheduled from 4/3/26),2026-09-12 03:00:00,music,38.12,3,Saturday,1,3,3,1,4,4.0,0.0,1.0,9.0,-6.0,-66.66666666666666,San Jose Civic,San Jose,CA,sanfrancisco,America/Los_Angeles,37.3308,-121.89,US,,,1
69375163bf16b1e2aa80d798,2026-08-06,Codiciado (Rescheduled from 4/3/26),2026-09-12 03:00:00,music,37.12,3,Saturday,1,1,1,1,6,6.0,0.0,1.0,3.0,-2.0,-66.66666666666666,San Jose Civic,San Jose,CA,sanfrancisco,America/Los_Angeles,37.3308,-121.89,US,,,0
69375163bf16b1e2aa80d798,2026-08-07,Codiciado (Rescheduled from 4/3/26),2026-09-12 03:00:00,music,36.12,3,Saturday,1,15,9,2,7,3.8,0.3333333333333333,1.0,1.0,14.0,1400.0,San Jose Civic,San Jose,CA,sanfrancisco,America/Los_Angeles,37.3308,-121.89,US,,,1
69375163bf16b1e2aa80d798,2026-08-08,Codiciado (Rescheduled from 4/3/26),2026-09-12 03:00:00,music,35.12,3,Saturday,1,7,7,2,4,3.7142857142857135,0.0,1.0,15.0,-8.0,-53.333333333333336,San Jose Civic,San Jose,CA,sanfrancisco,America/Los_Angeles,37.3308,-121.89,US,,,1
69375163bf16b1e2aa80d798,2026-08-10,Codiciado (Rescheduled from 4/3/26),2026-09-12 03:00:00,music,33.12,3,Saturday,1,1,1,1,4,4.0,0.0,1.0,7.0,-6.0,-85.71428571428571,San Jose Civic,San Jose,CA,sanfrancisco,America/Los_Angeles,37.3308,-121.89,US,,,0
69375163bf16b1e2aa80d798,2026-08-11,Codiciado (Rescheduled from 4/3/26),2026-09-12 03:00:00,music,32.12,3,Saturday,1,9,7,2,4,2.4444444444444446,0.4444444444444444,1.0,1.0,8.0,800.0,San Jose Civic,San Jose,CA,sanfrancisco,America/Los_Angeles,37.3308,-121.89,US,,,1
69375163bf16b1e2aa80d798,2026-08-12,Codiciado (Rescheduled from 4/3/26),2026-09-12 03:00:00,music,31.12,3,Saturday,1,2,2,2,5,3.5,0.5,1.0,9.0,-7.0,-77.77777777777779,San Jose Civic,San Jose,CA,sanfrancisco,America/Los_Angeles,37.3308,-121.89,US,,,0
69375163bf16b1e2aa80d798,2026-08-13,Codiciado (Rescheduled from 4/3/26),2026-09-12 03:00:00,music,30.12,3,Saturday,1,17,14,3,8,3.823529411764706,0.3529411764705882,1.0,2.0,15.0,750.0,San Jose Civic,San Jose,CA,sanfrancisco,America/Los_Angeles,37.3308,-121.89,US,,,0
6937519f568b632a74e42cff,2026-07-18,Codiciado (Rescheduled from 3/14/26),2026-10-10 01:00:00,music,84.04,1,Saturday,1,63,23,3,8,4.841269841269841,0.3333333333333333,0.8412698412698413,,,,Rosemont Theatre,Rosemont,IL,chicago,America/Chicago,41.9917,-87.8749,US,,,1
6937519f568b632a74e42cff,2026-07-19,Codiciado (Rescheduled from 3/14/26),2026-10-10 01:00:00,music,83.04,1,Saturday,1,1,1,1,8,8.0,0.0,1.0,63.0,-62.0,-98.4126984126984,Rosemont Theatre,Rosemont,IL,chicago,America/Chicago,41.9917,-87.8749,US,,,0
6937519f568b632a74e42cff,2026-07-20,Codiciado (Rescheduled from 3/14/26),2026-10-10 01:00:00,music,82.04,1,Saturday,1,14,11,2,6,4.0,0.1428571428571428,0.9285714285714286,1.0,13.0,1300.0,Rosemont Theatre,Rosemont,IL,chicago,America/Chicago,41.9917,-87.8749,US,,,1
6937519f568b632a74e42cff,2026-07-22,Codiciado (Rescheduled from 3/14/26),2026-10-10 01:00:00,music,80.04,1,Saturday,1,7,6,2,6,4.285714285714286,0.2857142857142857,0.7142857142857143,14.0,-7.0,-50.0,Rosemont Theatre,Rosemont,IL,chicago,America/Chicago,41.9917,-87.8749,US,,,0
6937519f568b632a74e42cff,2026-07-23,Codiciado (Rescheduled from 3/14/26),2026-10-10 01:00:00,music,79.04,1,Saturday,1,16,14,2,8,6.625,0.25,1.0,7.0,9.0,128.57142857142858,Rosemont Theatre,Rosemont,IL,chicago,America/Chicago,41.9917,-87.8749,US,,,1
6937519f568b632a74e42cff,2026-07-24,Codiciado (Rescheduled from 3/14/26),2026-10-10 01:00:00,music,78.04,1,Saturday,1,2,2,1,4,3.0,0.5,0.0,16.0,-14.0,-87.5,Rosemont Theatre,Rosemont,IL,chicago,America/Chicago,41.9917,-87.8749,US,,,0
6937519f568b632a74e42cff,2026-07-31,Codiciado (Rescheduled from 3/14/26),2026-10-10 01:00:00,music,71.04,1,Saturday,1,13,9,3,4,3.8461538461538463,0.1538461538461538,1.0,2.0,11.0,550.0,Rosemont Theatre,Rosemont,IL,chicago,America/Chicago,41.9917,-87.8749,US,,,1
6937519f568b632a74e42cff,2026-08-02,Codiciado (Rescheduled from 3/14/26),2026-10-10 01:00:00,music,69.04,1,Saturday,1,8,7,1,4,4.0,0.0,1.0,13.0,-5.0,-38.46153846153847,Rosemont Theatre,Rosemont,IL,chicago,America/Chicago,41.9917,-87.8749,US,,,1
6937519f568b632a74e42cff,2026-08-03,Codiciado (Rescheduled from 3/14/26),2026-10-10 01:00:00,music,68.04,1,Saturday,1,1,1,1,8,8.0,0.0,1.0,8.0,-7.0,-87.5,Rosemont Theatre,Rosemont,IL,chicago,America/Chicago,41.9917,-87.8749,US,,,0
6937519f568b632a74e42cff,2026-08-04,Codiciado (Rescheduled from 3/14/26),2026-10-10 01:00:00,music,67.04,1,Saturday,1,26,18,2,8,6.461538461538462,0.4230769230769231,1.0,1.0,25.0,2500.0,Rosemont Theatre,Rosemont,IL,chicago,America/Chicago,41.9917,-87.8749,US,,,0
6937519f568b632a74e42cff,2026-08-05,Codiciado (Rescheduled from 3/14/26),2026-10-10 01:00:00,music,66.04,1,Saturday,1,23,18,2,8,7.0,0.0869565217391304,1.0,26.0,-3.0,-11.538461538461538,Rosemont Theatre,Rosemont,IL,chicago,America/Chicago,41.9917,-87.8749,US,,,1
6937519f568b632a74e42cff,2026-08-06,Codiciado (Rescheduled from 3/14/26),2026-10-10 01:00:00,music,65.04,1,Saturday,1,1,1,1,6,6.0,0.0,1.0,23.0,-22.0,-95.65217391304348,Rosemont Theatre,Rosemont,IL,chicago,America/Chicago,41.9917,-87.8749,US,,,0
6937519f568b632a74e42cff,2026-08-07,Codiciado (Rescheduled from 3/14/26),2026-10-10 01:00:00,music,64.04,1,Saturday,1,37,24,3,8,6.1891891891891895,0.4324324324324324,1.0,1.0,36.0,3600.0,Rosemont Theatre,Rosemont,IL,chicago,America/Chicago,41.9917,-87.8749,US,,,1
6937519f568b632a74e42cff,2026-08-08,Codiciado (Rescheduled from 3/14/26),2026-10-10 01:00:00,music,63.04,1,Saturday,1,20,15,3,8,4.85,0.3,1.0,37.0,-17.0,-45.94594594594595,Rosemont Theatre,Rosemont,IL,chicago,America/Chicago,41.9917,-87.8749,US,,,1
6937519f568b632a74e42cff,2026-08-10,Codiciado (Rescheduled from 3/14/26),2026-10-10 01:00:00,music,61.04,1,Saturday,1,11,11,2,4,3.727272727272727,0.9090909090909092,0.9090909090909092,20.0,-9.0,-45.0,Rosemont Theatre,Rosemont,IL,chicago,America/Chicago,41.9917,-87.8749,US,,,0
6937519f568b632a74e42cff,2026-08-11,Codiciado (Rescheduled from 3/14/26),2026-10-10 01:00:00,music,60.04,1,Saturday,1,13,13,2,4,3.923076923076923,0.8461538461538461,0.7692307692307693,11.0,2.0,18.181818181818183,Rosemont Theatre,Rosemont,IL,chicago,America/Chicago,41.9917,-87.8749,US,,,1
6937519f568b632a74e42cff,2026-08-12,Codiciado (Rescheduled from 3/14/26),2026-10-10 01:00:00,music,59.04,1,Saturday,1,7,7,2,4,4.0,0.5714285714285714,1.0,13.0,-6.0,-46.15384615384615,Rosemont Theatre,Rosemont,IL,chicago,America/Chicago,41.9917,-87.8749,US,,,0
693751e4568b632a74e42d5b,2026-07-17,Codiciado (Rescheduled from 2/26/26),2026-08-29 01:00:00,music,43.04,1,Saturday,1,11,9,2,6,4.909090909090909,0.7272727272727273,1.0,,,,,,,,,,,,,,1
693751e4568b632a74e42d5b,2026-07-18,Codiciado (Rescheduled from 2/26/26),2026-08-29 01:00:00,music,42.04,1,Saturday,1,6,5,3,6,4.333333333333333,0.8333333333333334,1.0,11.0,-5.0,-45.45454545454545,,,,,,,,,,,1
693751e4568b632a74e42d5b,2026-07-20,Codiciado (Rescheduled from 2/26/26),2026-08-29 01:00:00,music,40.04,1,Saturday,1,1,1,1,4,4.0,1.0,1.0,6.0,-5.0,-83.33333333333334,,,,,,,,,,,0
693751e4568b632a74e42d5b,2026-07-23,Codiciado (Rescheduled from 2/26/26),2026-08-29 01:00:00,music,37.04,1,Saturday,1,2,2,2,6,5.0,1.0,1.0,1.0,1.0,100.0,,,,,,,,,,,0
693751e4568b632a74e42d5b,2026-07-24,Codiciado (Rescheduled from 2/26/26),2026-08-29 01:00:00,music,36.04,1,Saturday,1,3,3,1,6,4.0,1.0,1.0,2.0,1.0,50.0,,,,,,,,,,,0
693751e4568b632a74e42d5b,2026-07-31,Codiciado (Rescheduled from 2/26/26),2026-08-29 01:00:00,music,29.04,1,Saturday,1,4,3,2,8,5.5,0.75,1.0,3.0,1.0,33.33333333333333,,,,,,,,,,,0
693751e4568b632a74e42d5b,2026-08-02,Codiciado (Rescheduled from 2/26/26),2026-08-29 01:00:00,music,27.04,1,Saturday,1,7,6,2,8,7.0,0.5714285714285714,1.0,4.0,3.0,75.0,,,,,,,,,,,0
693751e4568b632a74e42d5b,2026-08-04,Codiciado (Rescheduled from 2/26/26),2026-08-29 01:00:00,music,25.04,1,Saturday,1,13,9,2,8,6.538461538461538,0.8461538461538461,1.0,7.0,6.0,85.71428571428571,,,,,,,,,,,1
693751e4568b632a74e42d5b,2026-08-05,Codiciado (Rescheduled from 2/26/26),2026-08-29 01:00:00,music,24.04,1,Saturday,1,2,1,1,8,6.0,0.5,1.0,13.0,-11.0,-84.61538461538461,,,,,,,,,,,0
693751e4568b632a74e42d5b,2026-08-06,Codiciado (Rescheduled from 2/26/26),2026-08-29 01:00:00,music,23.04,1,Saturday,1,2,2,1,6,5.0,0.0,1.0,2.0,0.0,0.0,,,,,,,,,,,0
693751e4568b632a74e42d5b,2026-08-07,Codiciado (Rescheduled from 2/26/26),2026-08-29 01:00:00,music,22.04,1,Saturday,1,9,7,2,8,6.333333333333333,0.5555555555555556,1.0,2.0,7.0,350.0,,,,,,,,,,,1
693751e4568b632a74e42d5b,2026-08-08,Codiciado (Rescheduled from 2/26/26),2026-08-29 01:00:00,music,21.04,1,Saturday,1,2,2,2,4,3.5,1.0,0.5,9.0,-7.0,-77.77777777777779,,,,,,,,,,,0
69375219cd07d4e1c49cc94f,2026-07-17,Patti LaBelle (Rescheduled from 3/7),2026-09-18 01:00:00,music,63.04,1,Friday,0,17,6,0,7,5.823529411764706,0.0,0.8823529411764706,,,,,,,,,,,,,,1
69375219cd07d4e1c49cc94f,2026-07-18,Patti LaBelle (Rescheduled from 3/7),2026-09-18 01:00:00,music,62.04,1,Friday,0,1,1,0,4,4.0,0.0,1.0,17.0,-16.0,-94.11764705882352,,,,,,,,,,,0
69375219cd07d4e1c49cc94f,2026-07-20,Patti LaBelle (Rescheduled from 3/7),2026-09-18 01:00:00,music,60.04,1,Friday,0,1,1,0,4,4.0,0.0,1.0,1.0,0.0,0.0,,,,,,,,,,,0
69375219cd07d4e1c49cc94f,2026-07-23,Patti LaBelle (Rescheduled from 3/7),2026-09-18 01:00:00,music,57.04,1,Friday,0,12,5,0,8,8.0,0.0,1.0,1.0,11.0,1100.0,,,,,,,,,,,1
69375219cd07d4e1c49cc94f,2026-07-24,Patti LaBelle (Rescheduled from 3/7),2026-09-18 01:00:00,music,56.04,1,Friday,0,4,3,0,4,4.0,0.0,0.0,12.0,-8.0,-66.66666666666666,,,,,,,,,,,1
69375219cd07d4e1c49cc94f,2026-08-02,Patti LaBelle (Rescheduled from 3/7),2026-09-18 01:00:00,music,47.04,1,Friday,0,1,1,0,8,8.0,0.0,1.0,4.0,-3.0,-75.0,,,,,,,,,,,0
69375219cd07d4e1c49cc94f,2026-08-03,Patti LaBelle (Rescheduled from 3/7),2026-09-18 01:00:00,music,46.04,1,Friday,0,1,1,0,4,4.0,0.0,1.0,1.0,0.0,0.0,,,,,,,,,,,0
69375219cd07d4e1c49cc94f,2026-08-04,Patti LaBelle (Rescheduled from 3/7),2026-09-18 01:00:00,music,45.04,1,Friday,0,31,8,0,10,8.32258064516129,0.0,1.0,1.0,30.0,3000.0,,,,,,,,,,,1
69375219cd07d4e1c49cc94f,2026-08-05,Patti LaBelle (Rescheduled from 3/7),2026-09-18 01:00:00,music,44.04,1,Friday,0,1,1,0,6,6.0,0.0,1.0,31.0,-30.0,-96.7741935483871,,,,,,,,,,,0
69375219cd07d4e1c49cc94f,2026-08-06,Patti LaBelle (Rescheduled from 3/7),2026-09-18 01:00:00,music,43.04,1,Friday,0,36,8,0,8,6.5,0.0277777777777777,1.0,1.0,35.0,3500.0,,,,,,,,,,,1
69375219cd07d4e1c49cc94f,2026-08-07,Patti LaBelle (Rescheduled from 3/7),2026-09-18 01:00:00,music,42.04,1,Friday,0,1,1,0,4,4.0,0.0,1.0,36.0,-35.0,-97.2222222222222,,,,,,,,,,,0
69375219cd07d4e1c49cc94f,2026-08-08,Patti LaBelle (Rescheduled from 3/7),2026-09-18 01:00:00,music,41.04,1,Friday,0,1,1,0,4,4.0,0.0,1.0,1.0,0.0,0.0,,,,,,,,,,,0
69375219cd07d4e1c49cc94f,2026-08-10,Patti LaBelle (Rescheduled from 3/7),2026-09-18 01:00:00,music,39.04,1,Friday,0,8,2,0,6,5.0,0.0,1.0,1.0,7.0,700.0,,,,,,,,,,,0
69375219cd07d4e1c49cc94f,2026-08-11,Patti LaBelle (Rescheduled from 3/7),2026-09-18 01:00:00,music,38.04,1,Friday,0,9,5,0,10,6.444444444444445,0.0,1.0,8.0,1.0,12.5,,,,,,,,,,,1
69375219cd07d4e1c49cc94f,2026-08-12,Patti LaBelle (Rescheduled from 3/7),2026-09-18 01:00:00,music,37.04,1,Friday,0,1,1,0,4,4.0,0.0,1.0,9.0,-8.0,-88.88888888888889,,,,,,,,,,,0
693752a2754dd3549b55eebe,2026-07-17,Codiciado (Rescheduled from 3/28/26),2026-10-03 03:00:00,music,78.12,3,Saturday,1,7,7,3,10,6.285714285714286,0.0,0.8571428571428571,,,,Toyota Arena,Ontario,CA,losangeles,America/Los_Angeles,34.0729,-117.566,US,,,0
693752a2754dd3549b55eebe,2026-07-18,Codiciado (Rescheduled from 3/28/26),2026-10-03 03:00:00,music,77.12,3,Saturday,1,10,10,3,6,3.8,0.0,0.9,7.0,3.0,42.85714285714285,Toyota Arena,Ontario,CA,losangeles,America/Los_Angeles,34.0729,-117.566,US,,,0
693752a2754dd3549b55eebe,2026-07-20,Codiciado (Rescheduled from 3/28/26),2026-10-03 03:00:00,music,75.12,3,Saturday,1,11,9,3,7,4.090909090909091,0.1818181818181818,0.9090909090909092,10.0,1.0,10.0,Toyota Arena,Ontario,CA,losangeles,America/Los_Angeles,34.0729,-117.566,US,,,1
693752a2754dd3549b55eebe,2026-07-22,Codiciado (Rescheduled from 3/28/26),2026-10-03 03:00:00,music,73.12,3,Saturday,1,4,4,2,8,6.0,0.0,1.0,11.0,-7.0,-63.63636363636363,Toyota Arena,Ontario,CA,losangeles,America/Los_Angeles,34.0729,-117.566,US,,,0
693752a2754dd3549b55eebe,2026-07-23,Codiciado (Rescheduled from 3/28/26),2026-10-03 03:00:00,music,72.12,3,Saturday,1,4,4,3,9,8.25,0.0,1.0,4.0,0.0,0.0,Toyota Arena,Ontario,CA,losangeles,America/Los_Angeles,34.0729,-117.566,US,,,0
693752a2754dd3549b55eebe,2026-07-31,Codiciado (Rescheduled from 3/28/26),2026-10-03 03:00:00,music,64.12,3,Saturday,1,16,12,3,9,6.1875,0.0625,1.0,4.0,12.0,300.0,Toyota Arena,Ontario,CA,losangeles,America/Los_Angeles,34.0729,-117.566,US,,,0
693752a2754dd3549b55eebe,2026-08-02,Codiciado (Rescheduled from 3/28/26),2026-10-03 03:00:00,music,62.12,3,Saturday,1,62,33,3,10,6.145161290322581,0.3387096774193548,1.0,16.0,46.0,287.5,Toyota Arena,Ontario,CA,losangeles,America/Los_Angeles,34.0729,-117.566,US,,,1
693752a2754dd3549b55eebe,2026-08-03,Codiciado (Rescheduled from 3/28/26),2026-10-03 03:00:00,music,61.12,3,Saturday,1,2,2,1,8,5.0,0.5,0.5,62.0,-60.0,-96.7741935483871,Toyota Arena,Ontario,CA,losangeles,America/Los_Angeles,34.0729,-117.566,US,,,0
693752a2754dd3549b55eebe,2026-08-04,Codiciado (Rescheduled from 3/28/26),2026-10-03 03:00:00,music,60.12,3,Saturday,1,56,33,3,8,6.178571428571429,0.3571428571428571,1.0,2.0,54.0,2700.0,Toyota Arena,Ontario,CA,losangeles,America/Los_Angeles,34.0729,-117.566,US,,,1
693752a2754dd3549b55eebe,2026-08-05,Codiciado (Rescheduled from 3/28/26),2026-10-03 03:00:00,music,59.12,3,Saturday,1,4,4,2,4,4.0,0.0,1.0,56.0,-52.0,-92.85714285714286,Toyota Arena,Ontario,CA,losangeles,America/Los_Angeles,34.0729,-117.566,US,,,1
693752a2754dd3549b55eebe,2026-08-06,Codiciado (Rescheduled from 3/28/26),2026-10-03 03:00:00,music,58.12,3,Saturday,1,3,3,3,8,5.333333333333333,0.3333333333333333,1.0,4.0,-1.0,-25.0,Toyota Arena,Ontario,CA,losangeles,America/Los_Angeles,34.0729,-117.566,US,,,0
693752a2754dd3549b55eebe,2026-08-07,Codiciado (Rescheduled from 3/28/26),2026-10-03 03:00:00,music,57.12,3,Saturday,1,50,33,3,10,6.46,0.38,1.0,3.0,47.0,1566.6666666666663,Toyota Arena,Ontario,CA,losangeles,America/Los_Angeles,34.0729,-117.566,US,,,1
693752a2754dd3549b55eebe,2026-08-08,Codiciado (Rescheduled from 3/28/26),2026-10-03 03:00:00,music,56.12,3,Saturday,1,15,11,3,9,5.133333333333334,0.1333333333333333,1.0,50.0,-35.0,-70.0,Toyota Arena,Ontario,CA,losangeles,America/Los_Angeles,34.0729,-117.566,US,,,1
693752a2754dd3549b55eebe,2026-08-10,Codiciado (Rescheduled from 3/28/26),2026-10-03 03:00:00,music,54.12,3,Saturday,1,7,6,2,10,4.0,0.1428571428571428,1.0,15.0,-8.0,-53.333333333333336,Toyota Arena,Ontario,CA,losangeles,America/Los_Angeles,34.0729,-117.566,US,,,0
693752a2754dd3549b55eebe,2026-08-11,Codiciado (Rescheduled from 3/28/26),2026-10-03 03:00:00,music,53.12,3,Saturday,1,50,33,3,8,6.28,0.42,1.0,7.0,43.0,614.2857142857143,Toyota Arena,Ontario,CA,losangeles,America/Los_Angeles,34.0729,-117.566,US,,,1
693752a2754dd3549b55eebe,2026-08-12,Codiciado (Rescheduled from 3/28/26),2026-10-03 03:00:00,music,52.12,3,Saturday,1,4,4,3,9,5.75,0.5,1.0,50.0,-46.0,-92.0,Toyota Arena,Ontario,CA,losangeles,America/Los_Angeles,34.0729,-117.566,US,,,1
693752a2754dd3549b55eebe,2026-08-13,Codiciado (Rescheduled from 3/28/26),2026-10-03 03:00:00,music,51.12,3,Saturday,1,3,3,1,8,5.333333333333333,0.3333333333333333,1.0,4.0,-1.0,-25.0,Toyota Arena,Ontario,CA,losangeles,America/Los_Angeles,34.0729,-117.566,US,,,0
693755296d38d96a83e8eb86,2026-07-17,Codiciado (Rescheduled from 3/21/26),2026-09-20 03:00:00,music,65.12,3,Sunday,1,4,4,2,6,5.0,1.0,1.0,,,,,,,,,,,,,,1
693755296d38d96a83e8eb86,2026-07-18,Codiciado (Rescheduled from 3/21/26),2026-09-20 03:00:00,music,64.12,3,Sunday,1,3,2,2,8,4.666666666666667,0.6666666666666666,0.6666666666666666,4.0,-1.0,-25.0,,,,,,,,,,,0
693755296d38d96a83e8eb86,2026-07-19,Codiciado (Rescheduled from 3/21/26),2026-09-20 03:00:00,music,63.12,3,Sunday,1,3,3,2,8,4.666666666666667,1.0,1.0,3.0,0.0,0.0,,,,,,,,,,,1
693755296d38d96a83e8eb86,2026-07-20,Codiciado (Rescheduled from 3/21/26),2026-09-20 03:00:00,music,62.12,3,Sunday,1,1,1,1,2,2.0,1.0,1.0,3.0,-2.0,-66.66666666666666,,,,,,,,,,,0
693755296d38d96a83e8eb86,2026-07-22,Codiciado (Rescheduled from 3/21/26),2026-09-20 03:00:00,music,60.12,3,Sunday,1,1,1,1,2,2.0,1.0,1.0,1.0,0.0,0.0,,,,,,,,,,,0
693755296d38d96a83e8eb86,2026-07-23,Codiciado (Rescheduled from 3/21/26),2026-09-20 03:00:00,music,59.12,3,Sunday,1,12,7,3,8,6.083333333333333,1.0,1.0,1.0,11.0,1100.0,,,,,,,,,,,1
693755296d38d96a83e8eb86,2026-07-24,Codiciado (Rescheduled from 3/21/26),2026-09-20 03:00:00,music,58.12,3,Sunday,1,2,2,2,8,6.0,1.0,0.5,12.0,-10.0,-83.33333333333334,,,,,,,,,,,0
693755296d38d96a83e8eb86,2026-07-31,Codiciado (Rescheduled from 3/21/26),2026-09-20 03:00:00,music,51.12,3,Sunday,1,3,2,1,8,4.666666666666667,1.0,0.6666666666666666,2.0,1.0,50.0,,,,,,,,,,,0
693755296d38d96a83e8eb86,2026-08-05,Codiciado (Rescheduled from 3/21/26),2026-09-20 03:00:00,music,46.12,3,Sunday,1,3,3,2,8,6.666666666666667,1.0,1.0,3.0,0.0,0.0,,,,,,,,,,,1
693755296d38d96a83e8eb86,2026-08-06,Codiciado (Rescheduled from 3/21/26),2026-09-20 03:00:00,music,45.12,3,Sunday,1,1,1,1,2,2.0,1.0,1.0,3.0,-2.0,-66.66666666666666,,,,,,,,,,,0
693755296d38d96a83e8eb86,2026-08-07,Codiciado (Rescheduled from 3/21/26),2026-09-20 03:00:00,music,44.12,3,Sunday,1,8,7,3,8,5.875,1.0,0.875,1.0,7.0,700.0,,,,,,,,,,,1
693755296d38d96a83e8eb86,2026-08-08,Codiciado (Rescheduled from 3/21/26),2026-09-20 03:00:00,music,43.12,3,Sunday,1,4,4,2,8,5.5,1.0,1.0,8.0,-4.0,-50.0,,,,,,,,,,,1
693755296d38d96a83e8eb86,2026-08-10,Codiciado (Rescheduled from 3/21/26),2026-09-20 03:00:00,music,41.12,3,Sunday,1,2,2,2,7,6.5,1.0,1.0,4.0,-2.0,-50.0,,,,,,,,,,,0
693755296d38d96a83e8eb86,2026-08-11,Codiciado (Rescheduled from 3/21/26),2026-09-20 03:00:00,music,40.12,3,Sunday,1,5,4,3,8,5.4,1.0,1.0,2.0,3.0,150.0,,,,,,,,,,,0
693755296d38d96a83e8eb86,2026-08-12,Codiciado (Rescheduled from 3/21/26),2026-09-20 03:00:00,music,39.12,3,Sunday,1,6,5,3,8,4.5,1.0,1.0,5.0,1.0,20.0,,,,,,,,,,,1
693755296d38d96a83e8eb86,2026-08-13,Codiciado (Rescheduled from 3/21/26),2026-09-20 03:00:00,music,38.12,3,Sunday,1,1,1,1,8,8.0,1.0,1.0,6.0,-5.0,-83.33333333333334,,,,,,,,,,,0
69375825abcf240fe63e134b,2026-07-17,Codiciado (Rescheduled from 3/27/26),2026-09-26 03:00:00,music,71.12,3,Saturday,1,14,10,3,10,5.571428571428571,0.4285714285714285,1.0,,,,Cal Open Air Theatre,San Diego,CA,sandiego,America/Los_Angeles,32.772,-117.073,US,,,1
69375825abcf240fe63e134b,2026-07-18,Codiciado (Rescheduled from 3/27/26),2026-09-26 03:00:00,music,70.12,3,Saturday,1,1,1,1,8,8.0,0.0,1.0,14.0,-13.0,-92.85714285714286,Cal Open Air Theatre,San Diego,CA,sandiego,America/Los_Angeles,32.772,-117.073,US,,,0
69375825abcf240fe63e134b,2026-07-19,Codiciado (Rescheduled from 3/27/26),2026-09-26 03:00:00,music,69.12,3,Saturday,1,2,2,2,8,5.0,0.5,1.0,1.0,1.0,100.0,Cal Open Air Theatre,San Diego,CA,sandiego,America/Los_Angeles,32.772,-117.073,US,,,0
69375825abcf240fe63e134b,2026-07-20,Codiciado (Rescheduled from 3/27/26),2026-09-26 03:00:00,music,68.12,3,Saturday,1,14,10,3,12,8.571428571428571,0.4285714285714285,1.0,2.0,12.0,600.0,Cal Open Air Theatre,San Diego,CA,sandiego,America/Los_Angeles,32.772,-117.073,US,,,1
69375825abcf240fe63e134b,2026-07-22,Codiciado (Rescheduled from 3/27/26),2026-09-26 03:00:00,music,66.12,3,Saturday,1,2,2,1,12,9.0,0.5,1.0,14.0,-12.0,-85.71428571428571,Cal Open Air Theatre,San Diego,CA,sandiego,America/Los_Angeles,32.772,-117.073,US,,,0
69375825abcf240fe63e134b,2026-07-23,Codiciado (Rescheduled from 3/27/26),2026-09-26 03:00:00,music,65.12,3,Saturday,1,8,7,2,12,6.0,0.75,1.0,2.0,6.0,300.0,Cal Open Air Theatre,San Diego,CA,sandiego,America/Los_Angeles,32.772,-117.073,US,,,0
69375825abcf240fe63e134b,2026-07-24,Codiciado (Rescheduled from 3/27/26),2026-09-26 03:00:00,music,64.12,3,Saturday,1,8,7,3,8,5.0,0.5,1.0,8.0,0.0,0.0,Cal Open Air Theatre,San Diego,CA,sandiego,America/Los_Angeles,32.772,-117.073,US,,,0
69375825abcf240fe63e134b,2026-07-31,Codiciado (Rescheduled from 3/27/26),2026-09-26 03:00:00,music,57.12,3,Saturday,1,7,6,3,9,5.428571428571429,0.5714285714285714,1.0,8.0,-1.0,-12.5,Cal Open Air Theatre,San Diego,CA,sandiego,America/Los_Angeles,32.772,-117.073,US,,,0
69375825abcf240fe63e134b,2026-08-02,Codiciado (Rescheduled from 3/27/26),2026-09-26 03:00:00,music,55.12,3,Saturday,1,12,9,3,8,6.416666666666667,0.4166666666666667,0.9166666666666666,7.0,5.0,71.42857142857143,Cal Open Air Theatre,San Diego,CA,sandiego,America/Los_Angeles,32.772,-117.073,US,,,0
69375825abcf240fe63e134b,2026-08-04,Codiciado (Rescheduled from 3/27/26),2026-09-26 03:00:00,music,53.12,3,Saturday,1,17,12,3,8,6.941176470588236,0.4705882352941176,1.0,12.0,5.0,41.66666666666667,Cal Open Air Theatre,San Diego,CA,sandiego,America/Los_Angeles,32.772,-117.073,US,,,1
69375825abcf240fe63e134b,2026-08-05,Codiciado (Rescheduled from 3/27/26),2026-09-26 03:00:00,music,52.12,3,Saturday,1,1,1,1,4,4.0,0.0,1.0,17.0,-16.0,-94.11764705882352,Cal Open Air Theatre,San Diego,CA,sandiego,America/Los_Angeles,32.772,-117.073,US,,,0
69375825abcf240fe63e134b,2026-08-06,Codiciado (Rescheduled from 3/27/26),2026-09-26 03:00:00,music,51.12,3,Saturday,1,7,6,1,12,6.428571428571429,0.8571428571428571,0.8571428571428571,1.0,6.0,600.0,Cal Open Air Theatre,San Diego,CA,sandiego,America/Los_Angeles,32.772,-117.073,US,,,0
69375825abcf240fe63e134b,2026-08-07,Codiciado (Rescheduled from 3/27/26),2026-09-26 03:00:00,music,50.12,3,Saturday,1,10,7,3,8,6.6,0.7,1.0,7.0,3.0,42.85714285714285,Cal Open Air Theatre,San Diego,CA,sandiego,America/Los_Angeles,32.772,-117.073,US,,,1
69375825abcf240fe63e134b,2026-08-08,Codiciado (Rescheduled from 3/27/26),2026-09-26 03:00:00,music,49.12,3,Saturday,1,4,2,1,8,7.75,0.0,1.0,10.0,-6.0,-60.0,Cal Open Air Theatre,San Diego,CA,sandiego,America/Los_Angeles,32.772,-117.073,US,,,0
69375825abcf240fe63e134b,2026-08-10,Codiciado (Rescheduled from 3/27/26),2026-09-26 03:00:00,music,47.12,3,Saturday,1,15,11,3,12,8.933333333333334,0.5333333333333333,1.0,4.0,11.0,275.0,Cal Open Air Theatre,San Diego,CA,sandiego,America/Los_Angeles,32.772,-117.073,US,,,0
69375825abcf240fe63e134b,2026-08-11,Codiciado (Rescheduled from 3/27/26),2026-09-26 03:00:00,music,46.12,3,Saturday,1,15,9,3,12,7.466666666666667,0.6,0.9333333333333332,15.0,0.0,0.0,Cal Open Air Theatre,San Diego,CA,sandiego,America/Los_Angeles,32.772,-117.073,US,,,1
69375825abcf240fe63e134b,2026-08-13,Codiciado (Rescheduled from 3/27/26),2026-09-26 03:00:00,music,44.12,3,Saturday,1,2,2,2,8,7.0,0.0,1.0,15.0,-13.0,-86.66666666666667,Cal Open Air Theatre,San Diego,CA,sandiego,America/Los_Angeles,32.772,-117.073,US,,,0
6938a2aac9a311c0791d3084,2026-07-22,Our Lady Peace (Rescheduled from 3/24/26),2026-09-30 00:00:00,music,70.0,0,Wednesday,0,1,1,1,4,4.0,1.0,1.0,,,,The Paramount,Huntington,NY,newyork,America/New_York,40.8696,-73.4261,US,,,0
6938db7764be9fa558d2487d,2026-07-19,Fey (Rescheduled from 6/6/26),2026-10-11 02:30:00,music,84.1,2,Sunday,1,35,8,1,9,4.885714285714286,0.6,1.0,,,,Warnors Theatre,Fresno,CA,fresno,America/Los_Angeles,36.7382,-119.795,US,,,1
6938db7764be9fa558d2487d,2026-07-20,Fey (Rescheduled from 6/6/26),2026-10-11 02:30:00,music,83.1,2,Sunday,1,14,6,1,9,6.357142857142857,0.6428571428571429,1.0,35.0,-21.0,-60.0,Warnors Theatre,Fresno,CA,fresno,America/Los_Angeles,36.7382,-119.795,US,,,0
6938db7764be9fa558d2487d,2026-07-22,Fey (Rescheduled from 6/6/26),2026-10-11 02:30:00,music,81.1,2,Sunday,1,13,5,1,8,5.538461538461538,0.5384615384615384,1.0,14.0,-1.0,-7.142857142857142,Warnors Theatre,Fresno,CA,fresno,America/Los_Angeles,36.7382,-119.795,US,,,1
6938db7764be9fa558d2487d,2026-07-31,Fey (Rescheduled from 6/6/26),2026-10-11 02:30:00,music,72.1,2,Sunday,1,1,1,1,2,2.0,1.0,1.0,13.0,-12.0,-92.3076923076923,Warnors Theatre,Fresno,CA,fresno,America/Los_Angeles,36.7382,-119.795,US,,,0
6938db7764be9fa558d2487d,2026-08-02,Fey (Rescheduled from 6/6/26),2026-10-11 02:30:00,music,70.1,2,Sunday,1,3,2,1,8,5.0,0.6666666666666666,1.0,1.0,2.0,200.0,Warnors Theatre,Fresno,CA,fresno,America/Los_Angeles,36.7382,-119.795,US,,,0
6938db7764be9fa558d2487d,2026-08-03,Fey (Rescheduled from 6/6/26),2026-10-11 02:30:00,music,69.1,2,Sunday,1,3,3,1,4,3.333333333333333,0.6666666666666666,1.0,3.0,0.0,0.0,Warnors Theatre,Fresno,CA,fresno,America/Los_Angeles,36.7382,-119.795,US,,,0
6938db7764be9fa558d2487d,2026-08-04,Fey (Rescheduled from 6/6/26),2026-10-11 02:30:00,music,68.1,2,Sunday,1,6,4,1,7,4.333333333333333,0.3333333333333333,1.0,3.0,3.0,100.0,Warnors Theatre,Fresno,CA,fresno,America/Los_Angeles,36.7382,-119.795,US,,,0
693967bc2eb8712c4375e887,2026-07-17,Myriam Hernandez (Rescheduled from 2/21),2026-08-29 00:00:00,music,43.0,0,Saturday,1,7,6,3,8,4.857142857142857,0.5714285714285714,1.0,,,,,,,,,,,,,,1
693967bc2eb8712c4375e887,2026-07-18,Myriam Hernandez (Rescheduled from 2/21),2026-08-29 00:00:00,music,42.0,0,Saturday,1,3,3,2,6,3.6666666666666665,0.0,1.0,7.0,-4.0,-57.14285714285714,,,,,,,,,,,0
693967bc2eb8712c4375e887,2026-07-19,Myriam Hernandez (Rescheduled from 2/21),2026-08-29 00:00:00,music,41.0,0,Saturday,1,4,3,2,6,4.0,0.25,1.0,3.0,1.0,33.33333333333333,,,,,,,,,,,0
693967bc2eb8712c4375e887,2026-07-20,Myriam Hernandez (Rescheduled from 2/21),2026-08-29 00:00:00,music,40.0,0,Saturday,1,5,4,3,8,4.8,0.4,1.0,4.0,1.0,25.0,,,,,,,,,,,0
693967bc2eb8712c4375e887,2026-07-22,Myriam Hernandez (Rescheduled from 2/21),2026-08-29 00:00:00,music,38.0,0,Saturday,1,7,5,3,8,4.285714285714286,0.7142857142857143,1.0,5.0,2.0,40.0,,,,,,,,,,,0
693967bc2eb8712c4375e887,2026-07-23,Myriam Hernandez (Rescheduled from 2/21),2026-08-29 00:00:00,music,37.0,0,Saturday,1,7,6,3,8,4.285714285714286,0.2857142857142857,1.0,7.0,0.0,0.0,,,,,,,,,,,0
693967bc2eb8712c4375e887,2026-07-24,Myriam Hernandez (Rescheduled from 2/21),2026-08-29 00:00:00,music,36.0,0,Saturday,1,12,7,2,7,3.8333333333333335,0.4166666666666667,1.0,7.0,5.0,71.42857142857143,,,,,,,,,,,1
693967bc2eb8712c4375e887,2026-07-31,Myriam Hernandez (Rescheduled from 2/21),2026-08-29 00:00:00,music,29.0,0,Saturday,1,7,6,3,6,4.142857142857143,0.4285714285714285,1.0,12.0,-5.0,-41.66666666666667,,,,,,,,,,,0
693967bc2eb8712c4375e887,2026-08-02,Myriam Hernandez (Rescheduled from 2/21),2026-08-29 00:00:00,music,27.0,0,Saturday,1,10,8,4,8,4.6,0.5,1.0,7.0,3.0,42.85714285714285,,,,,,,,,,,1
693967bc2eb8712c4375e887,2026-08-03,Myriam Hernandez (Rescheduled from 2/21),2026-08-29 00:00:00,music,26.0,0,Saturday,1,4,4,2,4,3.0,0.5,1.0,10.0,-6.0,-60.0,,,,,,,,,,,0
693967bc2eb8712c4375e887,2026-08-04,Myriam Hernandez (Rescheduled from 2/21),2026-08-29 00:00:00,music,25.0,0,Saturday,1,9,7,3,8,4.666666666666667,0.5555555555555556,0.8888888888888888,4.0,5.0,125.0,,,,,,,,,,,0
693967bc2eb8712c4375e887,2026-08-05,Myriam Hernandez (Rescheduled from 2/21),2026-08-29 00:00:00,music,24.0,0,Saturday,1,16,9,4,8,4.75,0.375,1.0,9.0,7.0,77.77777777777779,,,,,,,,,,,1
693967bc2eb8712c4375e887,2026-08-06,Myriam Hernandez (Rescheduled from 2/21),2026-08-29 00:00:00,music,23.0,0,Saturday,1,9,6,3,8,4.111111111111111,0.2222222222222222,1.0,16.0,-7.0,-43.75,,,,,,,,,,,0
693967bc2eb8712c4375e887,2026-08-07,Myriam Hernandez (Rescheduled from 2/21),2026-08-29 00:00:00,music,22.0,0,Saturday,1,7,5,2,8,4.428571428571429,0.4285714285714285,1.0,9.0,-2.0,-22.22222222222222,,,,,,,,,,,0
693967bc2eb8712c4375e887,2026-08-08,Myriam Hernandez (Rescheduled from 2/21),2026-08-29 00:00:00,music,21.0,0,Saturday,1,7,6,2,8,5.428571428571429,0.2857142857142857,1.0,7.0,0.0,0.0,,,,,,,,,,,0
693967bc2eb8712c4375e887,2026-08-10,Myriam Hernandez (Rescheduled from 2/21),2026-08-29 00:00:00,music,19.0,0,Saturday,1,11,7,3,6,3.363636363636364,0.4545454545454545,1.0,7.0,4.0,57.14285714285714,,,,,,,,,,,0
693967bc2eb8712c4375e887,2026-08-11,Myriam Hernandez (Rescheduled from 2/21),2026-08-29 00:00:00,music,18.0,0,Saturday,1,12,9,4,8,4.0,0.5833333333333334,0.9166666666666666,11.0,1.0,9.090909090909092,,,,,,,,,,,0
693967bc2eb8712c4375e887,2026-08-12,Myriam Hernandez (Rescheduled from 2/21),2026-08-29 00:00:00,music,17.0,0,Saturday,1,13,7,3,8,4.461538461538462,0.3846153846153846,1.0,12.0,1.0,8.333333333333332,,,,,,,,,,,0
693967bc2eb8712c4375e887,2026-08-13,Myriam Hernandez (Rescheduled from 2/21),2026-08-29 00:00:00,music,16.0,0,Saturday,1,13,8,3,8,4.153846153846154,0.6153846153846154,1.0,13.0,0.0,0.0,,,,,,,,,,,0
6941f941e80a98768eda0937,2026-07-31,Infinity Song (Rescheduled from 4/3/26),2026-10-07 23:00:00,music,68.96,23,Wednesday,0,1,1,1,12,12.0,1.0,1.0,,,,,,,,,,,,,,0
6941f941e80a98768eda0937,2026-08-10,Infinity Song (Rescheduled from 4/3/26),2026-10-07 23:00:00,music,58.96,23,Wednesday,0,1,1,1,12,12.0,1.0,1.0,1.0,0.0,0.0,,,,,,,,,,,0
6941fdebdb878dc1544da753,2026-07-19,Infinity Song (Rescheduled from 3/26/26),2026-10-01 00:00:00,music,74.0,0,Thursday,0,1,1,0,4,4.0,0.0,1.0,,,,"Jefferson Theater - Charlottesville, VA",Charlottesville,VA,richmond,America/New_York,38.0306,-78.4812,US,,,0
6941fdebdb878dc1544da753,2026-07-20,Infinity Song (Rescheduled from 3/26/26),2026-10-01 00:00:00,music,73.0,0,Thursday,0,1,1,0,4,4.0,0.0,1.0,1.0,0.0,0.0,"Jefferson Theater - Charlottesville, VA",Charlottesville,VA,richmond,America/New_York,38.0306,-78.4812,US,,,0
6941fdebdb878dc1544da753,2026-07-22,Infinity Song (Rescheduled from 3/26/26),2026-10-01 00:00:00,music,71.0,0,Thursday,0,1,1,0,4,4.0,0.0,1.0,1.0,0.0,0.0,"Jefferson Theater - Charlottesville, VA",Charlottesville,VA,richmond,America/New_York,38.0306,-78.4812,US,,,0
6941fdebdb878dc1544da753,2026-07-23,Infinity Song (Rescheduled from 3/26/26),2026-10-01 00:00:00,music,70.0,0,Thursday,0,1,1,0,4,4.0,0.0,1.0,1.0,0.0,0.0,"Jefferson Theater - Charlottesville, VA",Charlottesville,VA,richmond,America/New_York,38.0306,-78.4812,US,,,0
6941fdebdb878dc1544da753,2026-07-24,Infinity Song (Rescheduled from 3/26/26),2026-10-01 00:00:00,music,69.0,0,Thursday,0,1,1,0,4,4.0,0.0,1.0,1.0,0.0,0.0,"Jefferson Theater - Charlottesville, VA",Charlottesville,VA,richmond,America/New_York,38.0306,-78.4812,US,,,0
6941fdebdb878dc1544da753,2026-07-31,Infinity Song (Rescheduled from 3/26/26),2026-10-01 00:00:00,music,62.0,0,Thursday,0,2,2,0,12,7.0,0.0,1.0,1.0,1.0,100.0,"Jefferson Theater - Charlottesville, VA",Charlottesville,VA,richmond,America/New_York,38.0306,-78.4812,US,,,0
6941fdebdb878dc1544da753,2026-08-10,Infinity Song (Rescheduled from 3/26/26),2026-10-01 00:00:00,music,52.0,0,Thursday,0,7,3,0,12,3.4285714285714284,0.1428571428571428,1.0,2.0,5.0,250.0,"Jefferson Theater - Charlottesville, VA",Charlottesville,VA,richmond,America/New_York,38.0306,-78.4812,US,,,0
6941ff470f62684c194e7682,2026-07-23,Infinity Song (Rescheduled from 3/30/26),2026-10-04 00:00:00,music,73.0,0,Sunday,1,1,1,0,8,8.0,1.0,1.0,,,,Music Farm,Charleston,SC,columbia,America/New_York,32.7902,-79.9383,US,,,0
6941ff470f62684c194e7682,2026-08-07,Infinity Song (Rescheduled from 3/30/26),2026-10-04 00:00:00,music,58.0,0,Sunday,1,2,2,0,10,8.0,0.5,1.0,1.0,1.0,100.0,Music Farm,Charleston,SC,columbia,America/New_York,32.7902,-79.9383,US,,,0
6941ff470f62684c194e7682,2026-08-11,Infinity Song (Rescheduled from 3/30/26),2026-10-04 00:00:00,music,54.0,0,Sunday,1,3,1,0,2,2.0,0.0,1.0,2.0,1.0,50.0,Music Farm,Charleston,SC,columbia,America/New_York,32.7902,-79.9383,US,,,0
69423071d314619d19198d7d,2026-07-19,Moein (Rescheduled from 6/27/26),2026-10-11 01:30:00,music,84.06,1,Sunday,1,27,9,3,8,4.37037037037037,0.6666666666666666,0.925925925925926,,,,Hobby Center,Houston,TX,houston,America/Chicago,29.7609,-95.3694,US,,,1
69423071d314619d19198d7d,2026-07-20,Moein (Rescheduled from 6/27/26),2026-10-11 01:30:00,music,83.06,1,Sunday,1,5,5,3,7,4.4,0.8,1.0,27.0,-22.0,-81.48148148148148,Hobby Center,Houston,TX,houston,America/Chicago,29.7609,-95.3694,US,,,1
69423071d314619d19198d7d,2026-07-22,Moein (Rescheduled from 6/27/26),2026-10-11 01:30:00,music,81.06,1,Sunday,1,2,1,1,3,2.5,1.0,1.0,5.0,-3.0,-60.0,Hobby Center,Houston,TX,houston,America/Chicago,29.7609,-95.3694,US,,,0
69423071d314619d19198d7d,2026-07-23,Moein (Rescheduled from 6/27/26),2026-10-11 01:30:00,music,80.06,1,Sunday,1,2,2,1,6,6.0,0.0,1.0,2.0,0.0,0.0,Hobby Center,Houston,TX,houston,America/Chicago,29.7609,-95.3694,US,,,0
69423071d314619d19198d7d,2026-07-31,Moein (Rescheduled from 6/27/26),2026-10-11 01:30:00,music,72.06,1,Sunday,1,7,4,2,5,3.142857142857143,0.7142857142857143,1.0,2.0,5.0,250.0,Hobby Center,Houston,TX,houston,America/Chicago,29.7609,-95.3694,US,,,1
69423071d314619d19198d7d,2026-08-04,Moein (Rescheduled from 6/27/26),2026-10-11 01:30:00,music,68.06,1,Sunday,1,1,1,1,4,4.0,1.0,1.0,7.0,-6.0,-85.71428571428571,Hobby Center,Houston,TX,houston,America/Chicago,29.7609,-95.3694,US,,,0
69423071d314619d19198d7d,2026-08-05,Moein (Rescheduled from 6/27/26),2026-10-11 01:30:00,music,67.06,1,Sunday,1,5,4,3,8,6.2,0.0,1.0,1.0,4.0,400.0,Hobby Center,Houston,TX,houston,America/Chicago,29.7609,-95.3694,US,,,1
69423071d314619d19198d7d,2026-08-06,Moein (Rescheduled from 6/27/26),2026-10-11 01:30:00,music,66.06,1,Sunday,1,1,1,1,2,2.0,0.0,0.0,5.0,-4.0,-80.0,Hobby Center,Houston,TX,houston,America/Chicago,29.7609,-95.3694,US,,,0
69423071d314619d19198d7d,2026-08-08,Moein (Rescheduled from 6/27/26),2026-10-11 01:30:00,music,64.06,1,Sunday,1,7,6,2,8,5.571428571428571,0.1428571428571428,1.0,1.0,6.0,600.0,Hobby Center,Houston,TX,houston,America/Chicago,29.7609,-95.3694,US,,,0
69423071d314619d19198d7d,2026-08-11,Moein (Rescheduled from 6/27/26),2026-10-11 01:30:00,music,61.06,1,Sunday,1,7,6,3,8,6.285714285714286,0.1428571428571428,1.0,7.0,0.0,0.0,Hobby Center,Houston,TX,houston,America/Chicago,29.7609,-95.3694,US,,,1
69423071d314619d19198d7d,2026-08-12,Moein (Rescheduled from 6/27/26),2026-10-11 01:30:00,music,60.06,1,Sunday,1,2,2,2,8,8.0,0.5,1.0,7.0,-5.0,-71.42857142857143,Hobby Center,Houston,TX,houston,America/Chicago,29.7609,-95.3694,US,,,0
69423071d314619d19198d7d,2026-08-13,Moein (Rescheduled from 6/27/26),2026-10-11 01:30:00,music,59.06,1,Sunday,1,20,9,3,8,5.6,0.6,1.0,2.0,18.0,900.0,Hobby Center,Houston,TX,houston,America/Chicago,29.7609,-95.3694,US,,,0
696681240866b8f0534bfa5d,2026-08-01,James Taylor and His All-Star Band,2026-09-15 23:30:00,music,45.98,23,Tuesday,0,1,1,1,2,2.0,1.0,1.0,,,,,,,,,,,,,,0
6969174cb0fc312c146897d3,2026-08-01,Aldous Harding,2026-09-15 00:00:00,music,45.0,0,Tuesday,0,1,1,1,4,4.0,1.0,1.0,,,,The Sinclair,Cambridge,MA,boston,America/New_York,42.374,-71.1206,US,,,0
69696cd55343b91efcf462d2,2026-07-16,Rob Zombie and Marilyn Manson,2026-09-05 23:15:00,music,51.97,23,Saturday,1,19,11,3,12,5.842105263157895,0.3684210526315789,0.6842105263157895,,,,,,,,,,,,,,1
69696cd55343b91efcf462d2,2026-08-09,Rob Zombie and Marilyn Manson,2026-09-05 23:15:00,music,27.97,23,Saturday,1,10,7,2,8,4.3,0.2,1.0,19.0,-9.0,-47.368421052631575,,,,,,,,,,,0
696d60711be69d90f74dad40,2026-07-21,Deadmau5,2026-07-25 05:30:00,music,4.23,5,Saturday,1,2,2,0,10,10.0,0.0,1.0,,,,,,,,,,,,,,0
696fae864a780db1d4f256bd,2026-08-09,ASAP Rocky,2026-09-05 22:30:00,music,27.94,22,Saturday,1,1,1,1,6,6.0,1.0,0.0,,,,Co-Op Live,Manchester,,international,America/New_York,53.4865,-2.20008,GB,,,0
696fe43ea590240b0293894d,2026-08-01,Blues Traveler with Gin Blossoms,2026-09-15 23:00:00,music,45.96,23,Tuesday,0,1,1,1,2,2.0,1.0,0.0,,,,,,,,,,,,,,0
6979072d60b5f17899b71113,2026-07-21,NeYo with Akon,2026-07-25 00:00:00,music,4.0,0,Saturday,1,45,21,6,8,4.222222222222222,0.3555555555555555,0.7111111111111111,,,,,,,,,,,,,,0
697d121a842bd8f2db85c4f2,2026-07-21,Keith Sweat,2026-07-26 00:00:00,music,5.0,0,Sunday,1,27,21,5,8,5.25925925925926,0.1851851851851851,0.925925925925926,,,,Barclays Center,Brooklyn,NY,newyork,America/New_York,40.6827,-73.9753,US,,,0
69817b5f8d8cb3b45d5e4f1d,2026-08-01,Godsmack,2026-09-16 02:00:00,music,46.08,2,Wednesday,0,7,5,2,10,8.857142857142858,0.0,1.0,,,,,,,,,,,,,,0
69817b6a37d36be3f69c58fb,2026-07-21,Brit Floyd - Pink Floyd Tribute,2026-07-25 00:00:00,music,4.0,0,Saturday,1,22,10,0,8,5.681818181818182,0.0454545454545454,0.9090909090909092,,,,,,,,,,,,,,0
69817bbd122694f519391999,2026-07-21,Chris Botti,2026-07-25 00:00:00,music,4.0,0,Saturday,1,3,2,1,5,4.0,1.0,1.0,,,,,,,,,,,,,,0
698bb56362266bf36e9d126b,2026-07-21,Buddy Guy,2026-07-25 01:00:00,music,4.04,1,Saturday,1,8,7,2,6,4.25,0.5,0.875,,,,The Factory STL,Chesterfield,MO,stlouis,America/Chicago,38.6714,-90.5919,US,,,0
698bd2ab62266bf36e9d24f0,2026-07-21,The Philadelphia Orchestra - Star Wars - The Empire Strikes Back In Concert,2026-07-25 00:00:00,music,4.0,0,Saturday,1,9,6,6,8,6.0,1.0,0.8888888888888888,,,,,,,,,,,,,,0
698defda443f74e43a3ac6c6,2026-08-01,Tame Impala,2026-09-15 02:00:00,music,45.08,2,Tuesday,0,5,4,2,4,2.4,0.6,1.0,,,,Mortgage Matchup Center,Phoenix,AZ,phoenix,America/Phoenix,33.4459070921707,-112.0,US,,,0
698e89b0058380a3f885a13d,2026-07-21,Of Montreal,2026-07-25 02:00:00,music,4.08,2,Saturday,1,1,1,1,8,8.0,1.0,1.0,,,,,,,,,,,,,,0
69939897a38a8fd815684397,2026-08-01,J Cole,2026-09-15 01:00:00,music,45.04,1,Tuesday,0,17,11,2,6,2.7058823529411766,0.2352941176470588,0.2941176470588235,,,,Moody Center ATX,Austin,TX,austin,America/Chicago,30.2805,-97.7318,US,,,0
6994c1d8794bf7c95c29805e,2026-07-21,Backstreet Boys,2026-07-25 03:00:00,music,4.12,3,Saturday,1,37,26,2,6,2.5405405405405403,0.2432432432432432,0.5405405405405406,,,,Sphere,Las Vegas,NV,lasvegas,America/Los_Angeles,36.1207,-115.164,US,,,0
699505a9794bf7c95c29a322,2026-08-01,Breaking Benjamin,2026-09-15 22:00:00,music,45.92,22,Tuesday,0,11,6,2,10,4.818181818181818,0.3636363636363636,1.0,,,,,,,,,,,,,,0
69950b32bf0d897cc8133b0e,2026-07-21,Gene Simmons Band,2026-07-25 00:00:00,music,4.0,0,Saturday,1,1,1,1,2,2.0,1.0,1.0,,,,Xcite Center at Parx Casino,Bensalem,PA,philadelphia,America/New_York,40.1191,-74.9529,US,,,0
69950b89a52b757a21a379ad,2026-08-01,Thee Sacred Souls with LA LOM,2026-09-15 22:30:00,music,45.94,22,Tuesday,0,1,1,1,2,2.0,1.0,1.0,,,,,,,,,,,,,,0
69950c8f0b385355094a60b1,2026-07-21,Get The Led Out - A Tribute to Led Zeppelin,2026-07-25 00:00:00,music,4.0,0,Saturday,1,2,2,2,6,4.0,1.0,1.0,,,,The Paramount,Huntington,NY,newyork,America/New_York,40.8696,-73.4261,US,,,0
699d963a18e82d9e339b12df,2026-07-21,Happy Together Tour,2026-07-25 03:00:00,music,4.12,3,Saturday,1,16,5,0,8,3.9375,0.0,1.0,,,,,,,,,,,,,,0
699e5bfb12c013fa8c0cc8dc,2026-07-21,Cat Power,2026-07-25 00:00:00,music,4.0,0,Saturday,1,2,2,0,2,2.0,0.0,0.5,,,,,,,,,,,,,,0
699e5c531cd40bb0bd7b30d8,2026-07-21,Blackberry Smoke,2026-07-25 01:00:00,music,4.04,1,Saturday,1,1,1,1,2,2.0,1.0,1.0,,,,Ryman Auditorium,Nashville,TN,nashville,America/Chicago,36.1612,-86.7785,US,,,0
699e5e7215e13cab1a9a0eb0,2026-07-16,"Earth, Wind and Fire",2026-09-06 01:30:00,music,52.06,1,Sunday,1,1,1,1,8,8.0,1.0,1.0,,,,,,,,,,,,,,0
699e5e7215e13cab1a9a0eb0,2026-08-09,"Earth, Wind and Fire",2026-09-06 01:30:00,music,28.06,1,Sunday,1,1,1,1,2,2.0,1.0,1.0,1.0,0.0,0.0,,,,,,,,,,,0
699f2294706fb45056224d7a,2026-07-25,Metallica,2026-10-16 03:30:00,music,83.15,3,Friday,0,110,41,5,6,2.7,0.2909090909090909,0.7090909090909091,,,,Sphere,Las Vegas,NV,lasvegas,America/Los_Angeles,36.1207,-115.164,US,,,0
69a09340691e51dd746aa194,2026-08-09,Koe Wetzel,2026-09-05 23:45:00,music,27.99,23,Saturday,1,2,2,1,6,5.0,0.5,1.0,,,,,,,,,,,,,,0
69a234fdb30731ab40ce962e,2026-07-29,Ohana Festival - Sunday (Pearl Jam),2026-09-27 19:00:00,music,60.79,19,Sunday,1,1,1,1,4,4.0,1.0,1.0,,,,,,,,,,,,,,0
69a2a5108f90e02eb2c777dc,2026-08-01,Social Distortion,2026-09-15 22:30:00,music,45.94,22,Tuesday,0,1,1,1,10,10.0,1.0,1.0,,,,History,Toronto,ON,toronto,America/New_York,43.6668,-79.3135,CA,,,0
69a612ffaac40370263c0dc2,2026-08-01,Herb Alpert,2026-09-14 23:30:00,music,44.98,23,Monday,0,2,2,2,6,5.0,1.0,1.0,,,,,,,,,,,,,,0
69a64a84f5ed06b6ebca254c,2026-07-21,KC and The Sunshine Band,2026-07-25 03:00:00,music,4.12,3,Saturday,1,8,5,2,10,7.375,1.0,0.875,,,,,,,,,,,,,,0
69a779963f2fa16073689356,2026-08-01,Charley Crockett,2026-09-15 00:00:00,music,45.0,0,Tuesday,0,1,1,1,6,6.0,1.0,1.0,,,,,,,,,,,,,,0
69a8d248bc473963abdb947c,2026-07-21,The Tea Party,2026-07-25 00:00:00,music,4.0,0,Saturday,1,3,2,1,6,4.666666666666667,1.0,1.0,,,,,,,,,,,,,,0
69a8e9d3e79c2333def0cc83,2026-07-21,Bruce Hornsby & The Noisemakers,2026-07-25 00:00:00,music,4.0,0,Saturday,1,1,1,1,2,2.0,1.0,1.0,,,,Mayo Performing Arts Center,Morristown,NJ,newyork,America/New_York,40.7944,-74.4779,US,,,0
69af2369d28b962add8d8fcd,2026-07-21,Jill Scott,2026-07-24 23:30:00,music,3.98,23,Friday,0,16,14,5,6,2.375,0.625,0.5,,,,The Met Philadelphia,Philadelphia,PA,philadelphia,America/New_York,39.9699,-75.1603,US,,,0
69af2b77ffe032e335f45690,2026-07-21,The Stray Cats,2026-07-25 03:00:00,music,4.12,3,Saturday,1,13,11,3,8,3.692307692307693,1.0,0.9230769230769232,,,,The Chelsea at the Cosmopolitan,Las Vegas,NV,lasvegas,America/Los_Angeles,36.1098,-115.174,US,,,0
69af31368316f79434ee8fb5,2026-07-21,Grupo Frontera,2026-07-25 01:00:00,music,4.04,1,Saturday,1,108,50,4,8,3.9722222222222223,0.0925925925925925,0.8518518518518519,,,,,,,,,,,,,,0
69b1798808e8c6c16739c0ac,2026-07-21,Collie Buddz,2026-07-25 01:00:00,music,4.04,1,Saturday,1,1,1,0,2,2.0,1.0,1.0,,,,,,,,,,,,,,0
69b31ff344be5dd4efa937ee,2026-07-21,Chicago Symphony Orchestra,2026-07-25 01:00:00,music,4.04,1,Saturday,1,1,1,1,10,10.0,1.0,1.0,,,,,,,,,,,,,,0
69b32734f05aa5e27317374c,2026-07-21,Rick Ross and the Renaissance Orchestra,2026-07-25 00:00:00,music,4.0,0,Saturday,1,22,10,10,10,5.818181818181818,1.0,0.9545454545454546,,,,Dr. Phillips Center For Performing Arts,Orlando,FL,orlando,America/New_York,28.5373,-81.3783,US,,,0
69b712f43e999b8c79e9ceab,2026-08-01,NEEDTOBREATHE,2026-09-15 01:00:00,music,45.04,1,Tuesday,0,3,3,3,8,5.333333333333333,0.6666666666666666,0.3333333333333333,,,,Red Rocks Amphitheatre,Morrison,CO,colorado,America/Denver,39.6752,-105.203,US,,,0
69b86b87406a82ff724f23ad,2026-07-21,The Coral Reefer Band,2026-07-25 01:00:00,music,4.04,1,Saturday,1,21,10,2,8,6.238095238095238,0.3809523809523809,0.9047619047619048,,,,,,,,,,,,,,0
69b86c9b3e30bf26f5d1b0d8,2026-07-21,Harry Connick Jr,2026-07-25 00:00:00,music,4.0,0,Saturday,1,8,4,2,8,4.0,0.875,0.875,,,,,,,,,,,,,,0
69b8c0ebadb7c4b16b684c95,2026-07-29,Colorado Symphony Orchestra - Rachmaninoff's 3rd Piano Concerto with Garrick Ohlsson & Rune Bergmann,2026-09-27 19:00:00,music,60.79,19,Sunday,1,8,6,0,8,6.125,0.125,0.875,,,,Boettcher Concert Hall,Denver,CO,colorado,America/Denver,39.7441,-104.999,US,,,0
69b9bd3d229a6eabf851c528,2026-08-01,Minus The Bear,2026-09-14 23:00:00,music,44.96,23,Monday,0,1,1,0,4,4.0,1.0,1.0,,,,Town Ballroom,Buffalo,NY,buffalo,America/New_York,42.8924,-78.8716,US,,,0
69b9bd4cd40a28f4c61a83d4,2026-07-21,St. Vincent,2026-07-25 01:00:00,music,4.04,1,Saturday,1,35,14,0,8,3.4571428571428573,0.0285714285714285,1.0,,,,,,,,,,,,,,0
69b9d4cfedb6fee4943f7da3,2026-07-21,Widespread Panic,2026-07-25 03:00:00,music,4.12,3,Saturday,1,3,2,2,4,2.6666666666666665,1.0,0.6666666666666666,,,,Orpheum Theatre,Los Angeles,CA,losangeles,America/Los_Angeles,34.0426,-118.256,US,,,0
69b9d7709744236cc1812214,2026-07-21,Wunderhorse,2026-07-25 00:00:00,music,4.0,0,Saturday,1,1,1,1,8,8.0,1.0,1.0,,,,Union Transfer,Philadelphia,PA,philadelphia,America/New_York,39.9614,-75.1553,US,,,0
69b9d8278180451a257c5381,2026-07-21,Ella Mai,2026-07-25 03:00:00,music,4.12,3,Saturday,1,6,5,2,8,4.166666666666667,1.0,1.0,,,,,,,,,,,,,,0
69ba2e3109d34c520d8bc387,2026-07-21,Daniel Donato's Cosmic Country,2026-07-25 02:00:00,music,4.08,2,Saturday,1,1,1,0,6,6.0,1.0,1.0,,,,,,,,,,,,,,0
69bb4726ec55c28db15592ee,2026-07-21,Boot Scootin' Boogie Nights,2026-07-25 00:00:00,music,4.0,0,Saturday,1,2,2,0,5,4.5,0.0,1.0,,,,,,,,,,,,,,0
69bc44ef52f2b00ab8aa6baf,2026-07-21,Branford Marsalis Quartet,2026-07-25 00:00:00,music,4.0,0,Saturday,1,3,2,0,4,2.6666666666666665,0.0,1.0,,,,Mahaiwe Performing Arts Center,Great Barrington,MA,boston,America/New_York,42.210316354,-73.354066516,US,,,0
69bc76e3d358805c635677d8,2026-07-21,Max Dean b2b Luke Dean (21+ Event),2026-07-25 02:00:00,music,4.08,2,Saturday,1,1,1,1,4,4.0,1.0,1.0,,,,Brooklyn Storehouse at Brooklyn Navy Yard,Brooklyn,NY,newyork,America/New_York,40.6985,-73.9778,US,,,0
69c1a6bb5f8257e5ae15f4ea,2026-07-21,CA7RIEL & Paco Amoroso,2026-07-25 03:00:00,music,4.12,3,Saturday,1,19,11,3,8,5.105263157894737,0.3684210526315789,0.9473684210526316,,,,Arizona Financial Theatre,Phoenix,AZ,phoenix,America/Phoenix,33.4489,-112.079,US,,,0
69c2f10bbd4aaf0276f8981e,2026-08-01,Little Feat,2026-09-14 23:30:00,music,44.98,23,Monday,0,4,3,2,8,3.5,1.0,1.0,,,,Charleston Music Hall,Charleston,SC,charlotte,America/New_York,32.7885,-79.9369,US,,,0
69c2f2dd4be9023a0587c41c,2026-07-21,Say Anything - Film,2026-07-25 00:00:00,music,4.0,0,Saturday,1,4,2,2,4,3.5,1.0,1.0,,,,Capital One Hall,Tysons,VA,washingtondc,America/New_York,38.9254,-77.2113,US,,,0
69c2f7a12719909ada8aa7a9,2026-07-21,Mon Laferte,2026-07-25 00:00:00,music,4.0,0,Saturday,1,30,10,2,8,5.133333333333334,0.2666666666666666,0.9666666666666668,,,,Place Bell,Laval,QC,montreal,America/New_York,45.5564,-73.7224,CA,,,0
69c2f8bcec5fd961a535a893,2026-07-21,Ja Rule,2026-07-25 03:00:00,music,4.12,3,Saturday,1,6,5,0,10,8.333333333333334,0.1666666666666666,1.0,,,,,,,,,,,,,,0
69c3578d0690bd5f30407ac8,2026-07-21,Matt Maeson,2026-07-25 00:00:00,music,4.0,0,Saturday,1,1,1,1,3,3.0,1.0,1.0,,,,The National,Richmond,VA,richmond,America/New_York,37.5419,-77.4352,US,,,0
69c56eb52b7b76f2b674d652,2026-08-01,Weezer,2026-09-16 01:00:00,music,46.04,1,Wednesday,0,18,13,2,10,3.7222222222222223,0.2222222222222222,0.9444444444444444,,,,,,,,,,,,,,0
69c6d05f59ef0dfdcf0c0e25,2026-07-21,Mita Gami,2026-07-25 02:00:00,music,4.08,2,Saturday,1,2,2,0,6,5.0,0.5,0.5,,,,SILO - Dallas,Dallas,TX,dallas,America/Chicago,32.7767,-96.797,US,,,0
69c6ed9ee9333704d34b221b,2026-07-21,Zedd,2026-07-25 01:00:00,music,4.04,1,Saturday,1,5,5,0,8,5.6,0.0,0.6,,,,,,,,,,,,,,0
69c9a89e57fc37c3ae876b38,2026-07-21,Benson Boone,2026-07-25 01:00:00,music,4.04,1,Saturday,1,27,16,2,8,2.962962962962963,0.4074074074074074,0.7037037037037037,,,,,,,,,,,,,,0
69cae1ab0c40c3b79ef113c5,2026-08-01,PRESIDENT - Band,2026-09-15 23:00:00,music,45.96,23,Tuesday,0,1,1,1,2,2.0,1.0,1.0,,,,Theatre of Living Arts,Philadelphia,PA,philadelphia,America/New_York,39.9414,-75.1487,US,,,0
69cafd056ac7b91b3666f792,2026-07-21,Anthony Hamilton,2026-07-25 00:00:00,music,4.0,0,Saturday,1,10,7,3,8,4.0,1.0,0.4,,,,The Theater at MGM National Harbor,Oxon Hill,MD,washingtondc,America/New_York,38.7962,-77.0074,US,,,0
69cc124802e3e0723c646c5a,2026-08-01,Babymetal,2026-09-15 23:20:00,music,45.97,23,Tuesday,0,29,12,4,10,7.551724137931035,0.3103448275862069,1.0,,,,,,,,,,,,,,0
69cc484f3f00af7d933cfa43,2026-08-01,Suicideboys,2026-09-15 22:30:00,music,45.94,22,Tuesday,0,10,9,6,8,4.5,0.4,0.9,,,,,,,,,,,,,,0
69cc491e67e6a381847de91e,2026-07-16,Suicideboys,2026-09-05 22:30:00,music,51.94,22,Saturday,1,15,9,4,12,6.066666666666666,0.4,0.8666666666666667,,,,,,,,,,,,,,0
69cc491e67e6a381847de91e,2026-08-09,Suicideboys,2026-09-05 22:30:00,music,27.94,22,Saturday,1,14,9,2,12,5.785714285714286,0.7142857142857143,0.6428571428571429,15.0,-1.0,-6.666666666666667,,,,,,,,,,,0
69d470bdead8a3249102e1c1,2026-07-21,Sebastian Bach,2026-07-25 01:00:00,music,4.04,1,Saturday,1,7,5,0,8,7.142857142857143,0.0,0.8571428571428571,,,,,,,,,,,,,,0
69d5872c298b95f6adb3921b,2026-07-21,Art Garfunkel,2026-07-25 01:00:00,music,4.04,1,Saturday,1,6,3,2,10,4.0,1.0,1.0,,,,The Palladium at Center for the Performing Arts,Carmel,IN,indianapolis,America/Chicago,39.9695,-86.1304,US,,,0
69d5a59339501228557e139c,2026-07-21,Congress the Band,2026-07-25 00:00:00,music,4.0,0,Saturday,1,1,1,1,2,2.0,1.0,1.0,,,,9:30 Club,Washington,DC,washingtondc,America/New_York,38.918,-77.0237,US,,,0
69d5bcf5c94c6cd0044d8fdb,2026-07-21,Nick Shoulders,2026-07-25 02:00:00,music,4.08,2,Saturday,1,1,1,0,8,8.0,0.0,1.0,,,,,,,,,,,,,,0
69d6f0733dcc5b72b14e1c97,2026-07-21,Nine Vicious,2026-07-25 01:00:00,music,4.04,1,Saturday,1,1,1,1,5,5.0,1.0,1.0,,,,Park West,Chicago,IL,chicago,America/Chicago,41.9186,-87.6375,US,,,0
69d6f5efdca705abb79e1668,2026-08-01,Tinariwen,2026-09-15 00:00:00,music,45.0,0,Tuesday,0,1,1,1,12,12.0,1.0,1.0,,,,,,,,,,,,,,0
69d6f61c46045f67dc4be6a8,2026-08-01,Sam Barber,2026-09-15 23:00:00,music,45.96,23,Tuesday,0,1,1,1,5,5.0,1.0,1.0,,,,,,,,,,,,,,0
69dd543f900ab3fc1da7b297,2026-07-21,Loverboy,2026-07-25 01:00:00,music,4.04,1,Saturday,1,4,4,2,4,2.5,1.0,1.0,,,,Casino Rama Resort,Rama,ON,toronto,America/New_York,44.6479,-79.3447,CA,,,0
69dd71ee5beecedd1cca1801,2026-07-21,Little Stranger,2026-07-25 00:00:00,music,4.0,0,Saturday,1,1,1,1,2,2.0,1.0,1.0,,,,,,,,,,,,,,0
69ddc32ef449ee8ebe04bc90,2026-07-21,Dustin Lynch,2026-07-25 01:00:00,music,4.04,1,Saturday,1,38,7,0,10,9.263157894736842,0.0,0.9736842105263158,,,,,,,,,,,,,,0
69dea3a324de36c49a8dc999,2026-07-21,Niko Moon,2026-07-25 01:00:00,music,4.04,1,Saturday,1,8,6,2,7,3.0,0.75,1.0,,,,,,,,,,,,,,0
69ded993f5b4fc7ff426d444,2026-07-21,Queensryche,2026-07-25 03:00:00,music,4.12,3,Saturday,1,5,4,2,5,3.2,1.0,1.0,,,,,,,,,,,,,,0
69e53b86d2d65408693f2275,2026-07-21,Eli Brown,2026-07-25 05:00:00,music,4.21,5,Saturday,1,1,1,0,4,4.0,1.0,0.0,,,,,,,,,,,,,,0
69e548109053ee03e2a196a0,2026-07-21,Johnny Manchild and the Poor Bastards,2026-07-25 01:00:00,music,4.04,1,Saturday,1,1,1,0,6,6.0,0.0,1.0,,,,Beer City Music Hall,Oklahoma City,OK,oklahomacity,America/Chicago,35.4703,-97.532,US,,,0
69e54c37cffd3e1dc67fa85d,2026-07-21,Mike Love,2026-07-25 01:00:00,music,4.04,1,Saturday,1,1,1,0,4,4.0,0.0,0.0,,,,Beat Kitchen,Chicago,IL,chicago,America/Chicago,41.9396,-87.681,US,,,0
69e7c196adafea900a6ffc42,2026-07-25,Level Up,2026-10-16 05:30:00,music,83.23,5,Friday,0,6,2,0,7,5.5,0.1666666666666666,0.6666666666666666,,,,,,,,,,,,,,0
69e7c67313cab34e0087ed27,2026-07-21,Billy Ray Cyrus,2026-07-25 00:00:00,music,4.0,0,Saturday,1,6,4,0,8,4.666666666666667,0.0,0.8333333333333334,,,,,,,,,,,,,,0
69e7ca128cf7a844f3388175,2026-07-21,Palomazo Norteno,2026-07-25 03:00:00,music,4.12,3,Saturday,1,2,1,1,4,3.0,0.0,1.0,,,,ShoWare Center,Kent,WA,seattle,America/Los_Angeles,47.387,-122.24,US,,,0
69e7cffa827a894f19241686,2026-07-21,The Molly Ringwalds,2026-07-25 01:00:00,music,4.04,1,Saturday,1,1,1,1,5,5.0,1.0,1.0,,,,Mars Music Hall,Huntsville,AL,birmingham,America/Chicago,34.728,-86.5902,US,,,0
69eaa135145da0953937c4af,2026-07-21,Dirt Monkey,2026-07-25 03:00:00,music,4.12,3,Saturday,1,1,1,0,2,2.0,0.0,1.0,,,,,,,,,,,,,,0
69efecef0426fd3a487825f2,2026-08-01,Logic and G-Eazy,2026-09-16 00:00:00,music,46.0,0,Wednesday,0,27,16,2,8,3.0,0.0,0.9629629629629628,,,,Morton Amphitheater,Riverside,MO,kansascity,America/Chicago,39.1629,-94.6368,US,,,0
69efff6f477f0263e5fb73fc,2026-07-21,Jeezy,2026-07-25 03:00:00,music,4.12,3,Saturday,1,30,15,5,11,5.0,0.6,0.8333333333333334,,,,,,,,,,,,,,0
69f13463e7bec54e303443c1,2026-08-01,Liz Phair with Sleater-Kinney,2026-09-15 01:00:00,music,45.04,1,Tuesday,0,1,1,1,6,6.0,1.0,1.0,,,,Fillmore Auditorium,Denver,CO,colorado,America/Denver,39.7406,-104.977,US,,,0
69f164808bdc6fabba426a71,2026-07-21,Bop To The Top (18+ Event),2026-07-25 03:15:00,music,4.14,3,Saturday,1,1,1,1,8,8.0,1.0,1.0,,,,Observatory North Park,San Diego,CA,sandiego,America/Los_Angeles,32.7482,-117.131,US,,,0
69f29583b18e9f37d3eb01e0,2026-08-01,Bear McCreary,2026-09-16 02:00:00,music,46.08,2,Wednesday,0,1,1,1,6,6.0,1.0,1.0,,,,,,,,,,,,,,0
69f4014c35c3de5b2e7df78f,2026-07-21,Drew Baldridge,2026-07-25 01:00:00,music,4.04,1,Saturday,1,1,1,0,4,4.0,0.0,1.0,,,,The Heights Theater - Houston,Houston,TX,houston,America/Chicago,29.8032,-95.4028,US,,,0
69f8c10d1db1248308664da1,2026-07-29,"2026 All Things Go Festival DC - Sunday (Brandi Carlile, Lola Young, Sienna Spiro)",2026-09-27 16:00:00,music,60.67,16,Sunday,1,2,2,2,8,8.0,1.0,1.0,,,,,,,,,,,,,,0
69fa935da2bcbfc40cd632b9,2026-08-01,Squeeze,2026-09-16 02:00:00,music,46.08,2,Wednesday,0,1,1,1,2,2.0,1.0,1.0,,,,The Warfield,San Francisco,CA,sanfrancisco,America/Los_Angeles,37.7827,-122.41,US,,,0
69fa945faf534104152d99af,2026-08-01,Brenn!,2026-09-15 23:30:00,music,45.98,23,Tuesday,0,2,2,0,12,8.0,0.0,1.0,,,,,,,,,,,,,,0
69fa98db5ab28fdc0e620623,2026-08-01,Theory of a Deadman,2026-09-16 01:00:00,music,46.04,1,Wednesday,0,2,2,0,4,4.0,0.0,1.0,,,,,,,,,,,,,,0
69fa9b129d2b37148dcb2b0b,2026-08-01,The Carolina Opry,2026-09-15 23:00:00,music,45.96,23,Tuesday,0,1,1,1,4,4.0,1.0,1.0,,,,The Carolina Opry,Myrtle Beach,SC,charlotte,America/New_York,33.7652,-78.8074,US,,,0
69fab9319d2b37148dcb2b4b,2026-07-25,Bumpin Uglies,2026-10-16 04:00:00,music,83.17,4,Friday,0,1,1,1,6,6.0,1.0,1.0,,,,,,,,,,,,,,0
69fd0eadce0b22ca8ee03c3b,2026-08-01,Hayley Williams,2026-09-14 23:00:00,music,44.96,23,Monday,0,5,5,3,6,3.6,0.8,0.8,,,,,,,,,,,,,,0
6a023a01bee6e02f19f808ae,2026-08-01,Anne Wilson,2026-09-16 01:00:00,music,46.04,1,Wednesday,0,1,1,0,4,4.0,0.0,1.0,,,,,,,,,,,,,,0
6a02485924660f247c7daff7,2026-08-01,ANEES,2026-09-15 00:00:00,music,45.0,0,Tuesday,0,1,1,0,6,6.0,1.0,1.0,,,,,,,,,,,,,,0
6a0249655e6f5bb289f49330,2026-08-01,ANEES,2026-09-15 23:00:00,music,45.96,23,Tuesday,0,1,1,1,10,10.0,1.0,1.0,,,,,,,,,,,,,,0
6a0370042053ee4e5626126c,2026-08-01,Journey,2026-09-15 02:30:00,music,45.1,2,Tuesday,0,3,3,2,4,2.6666666666666665,0.3333333333333333,1.0,,,,,,,,,,,,,,0
6a0376259c6b6db2d6e97431,2026-07-25,Musiq Soulchild,2026-10-16 04:30:00,music,83.19,4,Friday,0,1,1,1,4,4.0,1.0,1.0,,,,,,,,,,,,,,0
6a04738fbf6018ef0964df1e,2026-08-01,Devon Gilfillian,2026-09-15 00:00:00,music,45.0,0,Tuesday,0,1,1,0,2,2.0,0.0,0.0,,,,Cat's Cradle,Carrboro,NC,raleigh,America/New_York,35.9098,-79.0689,US,,,0
6a0b8933e4a7bd4502e182b6,2026-07-16,Jack Harlow,2026-09-05 22:30:00,music,51.94,22,Saturday,1,1,1,1,10,10.0,1.0,1.0,,,,House of Blues,Orlando,FL,orlando,America/New_York,28.3684,-81.5224,US,,,0
6a0cc8922c93a4596c314ade,2026-08-01,Laundry Day,2026-09-14 23:00:00,music,44.96,23,Monday,0,1,1,1,4,4.0,1.0,1.0,,,,,,,,,,,,,,0
6a15df021aa068c2562aa31e,2026-08-01,Kehlani,2026-09-15 23:00:00,music,45.96,23,Tuesday,0,22,12,3,14,5.545454545454546,0.4090909090909091,0.9545454545454546,,,,,,,,,,,,,,0
6a160c6dc2fb5cd8e12e1d58,2026-08-01,Adela,2026-09-15 00:00:00,music,45.0,0,Tuesday,0,1,1,1,4,4.0,1.0,1.0,,,,Royale,Boston,MA,boston,America/New_York,42.35,-71.0656,US,,,0
6a180a723411e146c2db509b,2026-07-16,Anirudh Ravichander,2026-09-05 22:30:00,music,51.94,22,Saturday,1,2,2,1,8,6.0,0.0,1.0,,,,,,,,,,,,,,0
6a180a723411e146c2db509b,2026-08-09,Anirudh Ravichander,2026-09-05 22:30:00,music,27.94,22,Saturday,1,4,4,2,6,3.75,1.0,1.0,2.0,2.0,100.0,,,,,,,,,,,0
6a1df4a93e64325f50b629ba,2026-08-01,Gary Clark Jr.,2026-09-14 23:30:00,music,44.98,23,Monday,0,2,2,1,8,8.0,0.0,1.0,,,,,,,,,,,,,,0
6a1f9f9041de8b584eb8d232,2026-07-29,2026 CRSSD Fest - Sunday (21+ Event),2026-09-27 20:00:00,music,60.83,20,Sunday,1,1,1,1,6,6.0,1.0,1.0,,,,,,,,,,,,,,0
6a26c88fc88db4c685fabd4a,2026-08-01,Charli XCX,2026-09-14 23:30:00,music,44.98,23,Monday,0,7,6,3,6,4.142857142857143,0.1428571428571428,0.8571428571428571,,,,Barclays Center,Brooklyn,NY,newyork,America/New_York,40.6827,-73.9753,US,,,0
6a26dd8a152a33e7b6ed5d39,2026-08-01,Phoebe Bridgers,2026-09-14 23:30:00,music,44.98,23,Monday,0,7,5,2,2,2.0,0.2857142857142857,0.0,,,,Gainbridge Fieldhouse,Indianapolis,IN,indianapolis,America/New_York,39.764,-86.1556,US,,,0
6a2834a3d83620696887958a,2026-07-25,Allan Rayman,2026-10-16 04:30:00,music,83.19,4,Friday,0,1,1,1,4,4.0,1.0,1.0,,,,The Moroccan Lounge,Los Angeles,CA,losangeles,America/Los_Angeles,33.7673,-118.182,US,Allan Rayman,rock,0
6a2875c4f4eab729e0a360e7,2026-07-25,Boy Harsher,2026-10-16 03:00:00,music,83.12,3,Friday,0,6,4,4,8,5.5,1.0,1.0,,,,Fox Theater,Oakland,CA,sanfrancisco,America/Los_Angeles,37.808,-122.27,US,Boy Harsher,electronic,0
6a287763877dd424dab128f0,2026-08-01,Peaches,2026-09-15 23:00:00,music,45.96,23,Tuesday,0,1,1,0,6,6.0,0.0,0.0,,,,,,,,,,,,,,0
6a28a0437b68efe85deefe2d,2026-07-25,The Toxhards,2026-10-16 00:00:00,music,83.0,0,Friday,0,1,1,1,2,2.0,1.0,1.0,,,,Blind Pig,Ann Arbor,MI,detroit,America/New_York,42.2802,-83.7513,US,,,0
6a28e96203ea4ca66fae24ab,2026-07-25,Kansas,2026-10-16 02:00:00,music,83.08,2,Friday,0,60,21,0,8,4.166666666666667,0.0166666666666666,0.8333333333333334,,,,,,,,,,,,Kansas,classic-rock,0
6a2a0c140dd83c51327fa7d3,2026-08-01,Acid Bath and Ministry,2026-09-16 01:00:00,music,46.04,1,Wednesday,0,1,1,1,2,2.0,1.0,1.0,,,,Red Rocks Amphitheatre,Morrison,CO,colorado,America/Denver,39.6752,-105.203,US,,,0
6a2a0f329f42deca50f57191,2026-07-25,Epik High,2026-10-16 03:00:00,music,83.12,3,Friday,0,2,2,2,8,5.0,1.0,1.0,,,,The Novo,Los Angeles,CA,losangeles,America/Los_Angeles,34.0449,-118.265,US,,,0
6a2c68a97adda9013f008804,2026-07-29,Lenny Pearce,2026-09-27 16:30:00,music,60.69,16,Sunday,1,9,7,7,6,2.888888888888889,0.5555555555555556,1.0,,,,,,,,,,,,,,0
6a2d8802fd37f8aee5373f46,2026-08-01,Ryan Beatty,2026-09-16 02:00:00,music,46.08,2,Wednesday,0,1,1,1,2,2.0,1.0,1.0,,,,Observatory North Park,San Diego,CA,sandiego,America/Los_Angeles,32.7482,-117.131,US,,,0
6a2dac4650f6075157d7be0e,2026-07-25,Yousuke Yukimatsu,2026-10-16 01:30:00,music,83.06,1,Friday,0,1,1,1,2,2.0,1.0,1.0,,,,,,,,,,,,Yousuke Yukimatsu,electronic,0
6a2eda8b559740e1f49753ad,2026-07-25,Live Dead and Brothers - Grateful Dead and Allman Bros Tribute,2026-10-16 03:00:00,music,83.12,3,Friday,0,1,1,1,4,4.0,1.0,1.0,,,,Coach House - Capistrano,San Juan Capistrano,CA,losangeles,America/Los_Angeles,33.4819,-117.671,US,Live Dead & Brothers Tribute,classic-rock,0
6a306b1a63a201600e1e03be,2026-07-25,Hazlett,2026-10-16 03:00:00,music,83.12,3,Friday,0,2,2,2,8,7.0,1.0,1.0,,,,Neptune Theatre,Seattle,WA,seattle,America/Los_Angeles,47.6613,-122.314,US,,,0
6a306b7a91aac270adcd4233,2026-07-25,The Brook and The Bluff,2026-10-16 00:00:00,music,83.0,0,Friday,0,1,1,1,2,2.0,1.0,1.0,,,,Thunderbird Cafe,Pittsburgh,PA,pittsburgh,America/New_York,40.47,-79.96,US,The Brook & The Bluff,rock,0
6a318256389622bbc39b8508,2026-07-25,Jason Isbell and the 400 Unit,2026-10-16 01:00:00,music,83.04,1,Friday,0,42,16,2,12,3.7142857142857135,0.5476190476190477,0.9285714285714286,,,,Ryman Auditorium,Nashville,TN,nashville,America/Chicago,36.1612,-86.7785,US,Jason Isbell,rock,0
6a31b5dcbacf9d2e0c5efd56,2026-07-25,Daughtry,2026-10-16 00:00:00,music,83.0,0,Friday,0,108,36,3,12,6.083333333333333,0.1018518518518518,0.9722222222222222,,,,,,,,,,,,Daughtry,rock,0
6a31b616c918add374a69ed6,2026-08-01,Isaiah Rashad,2026-09-14 23:00:00,music,44.96,23,Monday,0,2,2,2,10,6.0,1.0,1.0,,,,House of Blues,Orlando,FL,orlando,America/New_York,28.3684,-81.5224,US,,,0
6a31f1c87fbb77f3eab9ba08,2026-07-16,Hugel (18+ Event),2026-09-05 22:30:00,music,51.94,22,Saturday,1,1,1,1,2,2.0,1.0,1.0,,,,Echostage,Washington,DC,washingtondc,America/New_York,38.9199,-76.9724,US,,,0
6a32ef11ad015ef9009ad8cb,2026-07-25,Great Lake Swimmers,2026-10-16 00:00:00,music,83.0,0,Friday,0,1,1,1,8,8.0,1.0,1.0,,,,Vinyl,Atlanta,GA,atlanta,America/New_York,33.7921,-84.3877,US,,,0
6a32f25b70b45918ef9447c3,2026-07-25,LaMP,2026-10-16 00:00:00,music,83.0,0,Friday,0,1,1,1,4,4.0,1.0,1.0,,,,Lincoln Theatre - NC,Raleigh,NC,raleigh,America/New_York,35.7739,-78.6374,US,,,0
6a330a8a9ae9dbbcfacf6826,2026-07-25,Subtronics,2026-10-16 02:00:00,music,83.08,2,Friday,0,1,1,1,2,2.0,1.0,1.0,,,,,,,,,,,,,,0
6a345447cf7abdc737451578,2026-07-25,Role Model,2026-10-16 03:00:00,music,83.12,3,Friday,0,62,25,21,10,3.645161290322581,0.4032258064516129,0.6129032258064516,,,,Greek Theatre,Los Angeles,CA,losangeles,America/Los_Angeles,34.1205,-118.297,US,,,0
6a39abf3b5a86593a5c0be06,2026-07-25,Odd Mob,2026-10-16 05:30:00,music,83.23,5,Friday,0,8,6,0,8,7.125,0.125,0.625,,,,,,,,,,,,Odd Mob,electronic,0
6a3c33c3c034455525e4f4e4,2026-07-25,Linea Personal,2026-10-16 01:00:00,music,83.04,1,Friday,0,7,3,3,12,8.714285714285714,1.0,1.0,,,,Aztec Theatre,San Antonio,TX,sanantonio,America/Chicago,29.4247,-98.4911,US,,,0
6a3c347d1c3e66fa45122799,2026-07-29,Carly Pearce,2026-09-27 07:00:00,music,60.29,7,Sunday,1,1,1,1,6,6.0,1.0,1.0,,,,,,,,,,,,,,0
6a3c39560a295169615841be,2026-07-25,Isaiah Falls,2026-10-16 00:00:00,music,83.0,0,Friday,0,2,2,1,4,3.0,1.0,1.0,,,,Center Stage Theater,Atlanta,GA,atlanta,America/New_York,33.7922,-84.3883,US,,,0
6a3c3a7a6baebca1157c9c17,2026-08-01,The Fixx,2026-09-15 23:30:00,music,45.98,23,Tuesday,0,1,1,1,11,11.0,1.0,1.0,,,,,,,,,,,,,,0
6a3c3c0762a6b8e4ef4edbed,2026-07-25,Arms Length,2026-10-16 00:00:00,music,83.0,0,Friday,0,5,5,1,8,4.8,1.0,0.8,,,,Roxian Theatre,McKees Rocks,PA,pittsburgh,America/New_York,40.4646,-80.059,US,,,0
6a3c3c0ff5e9b5238c3b2795,2026-08-01,Turnstile (Outdoors),2026-09-15 04:00:00,music,45.17,4,Tuesday,0,1,1,1,2,2.0,1.0,1.0,,,,Stage AE,Pittsburgh,PA,pittsburgh,America/New_York,40.4461,-80.0123,US,,,0
6a3c3d20f2fc88cb55be8d54,2026-07-25,DVBBS,2026-10-16 03:00:00,music,83.12,3,Friday,0,4,2,0,8,6.0,0.25,1.0,,,,,,,,,,,,Dvbbs,electronic,0
6a3c45f2d86c9a2334f9aaeb,2026-07-25,Romance Planet,2026-10-16 03:00:00,music,83.12,3,Friday,0,1,1,1,8,8.0,1.0,1.0,,,,Roxy Theatre,West Hollywood,CA,losangeles,America/Los_Angeles,34.0908,-118.388,US,,,0
6a3c46aeefab5e53d072c995,2026-07-25,The Blasting Company,2026-10-16 03:00:00,music,83.12,3,Friday,0,1,1,1,3,3.0,1.0,1.0,,,,Regency Ballroom,San Francisco,CA,sanfrancisco,America/Los_Angeles,37.7878,-122.421,US,,,0
6a3c49efa6254330ee3ac2e3,2026-07-25,Danielle Nicole,2026-10-16 01:00:00,music,83.04,1,Friday,0,43,28,0,12,5.046511627906977,0.0232558139534883,1.0,,,,,,,,,,,,,,0
6a3c6b251c3e66fa45122870,2026-08-01,Brandon Flowers,2026-09-16 00:00:00,music,46.0,0,Wednesday,0,2,2,2,4,3.0,1.0,1.0,,,,Palace Theatre,St. Paul,MN,minneapolis,America/Chicago,44.9471,-93.0965,US,,,0
6a3c6c5f5721b1a6dab31192,2026-07-25,Jai'Len Josey,2026-10-16 01:30:00,music,83.06,1,Friday,0,1,1,1,4,4.0,1.0,1.0,,,,Baby's All Right,Brooklyn,NY,newyork,America/New_York,40.71,-73.9635,US,,,0
6a3cbf8856a0ded026677434,2026-07-25,The Gringos,2026-10-16 01:00:00,music,83.04,1,Friday,0,1,1,1,4,4.0,1.0,1.0,,,,,,,,,,,,,,0
6a3cc17bd86c9a2334f9abee,2026-07-25,Zack Fox (DJ Set),2026-10-16 02:00:00,music,83.08,2,Friday,0,1,1,1,2,2.0,1.0,1.0,,,,First Avenue,Minneapolis,MN,minneapolis,America/Chicago,44.9785,-93.276,US,,,0
6a3df62e9f35ac0936dd84c4,2026-07-25,Colby Acuff,2026-10-16 00:00:00,music,83.0,0,Friday,0,2,2,0,8,7.0,0.5,1.0,,,,A and R Music Bar,Columbus,OH,columbus,America/New_York,39.9612,-82.9988,US,,,0
6a42b08199a947a059baf2b9,2026-07-25,Edgehill,2026-10-16 03:00:00,music,83.12,3,Friday,0,1,1,1,4,4.0,1.0,1.0,,,,Brick & Mortar Music Hall,San Francisco,CA,sanfrancisco,America/Los_Angeles,37.7697,-122.42,US,,,0
6a43adf6208fc0455efb99d8,2026-07-25,Dylan Scott,2026-10-16 01:00:00,music,83.04,1,Friday,0,2,2,2,8,5.0,1.0,1.0,,,,,,,,,,,,,,0
6a43b2d61176fbe1d25950f0,2026-07-25,Rin,2026-10-16 03:00:00,music,83.12,3,Friday,0,4,4,0,6,5.5,0.0,1.0,,,,Polaris Hall,Portland,OR,portland,America/Los_Angeles,45.5621,-122.674,US,,,0
6a43cbb2dbe778966b9cc3bd,2026-07-25,Nelly,2026-10-16 03:00:00,music,83.12,3,Friday,0,33,19,3,8,3.5454545454545454,0.6666666666666666,0.7878787878787878,,,,Yaamava' Theater,Highland,CA,losangeles,America/Los_Angeles,34.1506,-117.229,US,Nelly,hip-hop,0
6a44070a73908aeca513e20b,2026-07-25,Bunt,2026-10-16 00:00:00,music,83.0,0,Friday,0,10,10,4,8,3.0,1.0,1.0,,,,History,Toronto,ON,toronto,America/New_York,43.6668,-79.3135,CA,,,0
6a4473fdbe404d0f38553bfd,2026-07-25,Steep Canyon Rangers,2026-10-16 03:00:00,music,83.12,3,Friday,0,33,8,0,10,5.515151515151516,0.0303030303030303,0.8181818181818182,,,,Golden State Theatre Monterey,Monterey,CA,sanfrancisco,America/Los_Angeles,36.5996,-121.894,US,Steep Canyon Rangers,country,0
6a4555b2742de04a1badc6e2,2026-07-25,Yheti,2026-10-16 04:00:00,music,83.17,4,Friday,0,1,1,0,4,4.0,1.0,1.0,,,,,,,,,,,,,,0
6a4c07a8e704f7c52759f615,2026-07-25,Eli Young Band,2026-10-16 02:00:00,music,83.08,2,Friday,0,9,8,0,12,5.777777777777778,0.1111111111111111,0.8888888888888888,,,,,,,,,,,,,,0
6a4c0ce4ee15f640c41521b0,2026-08-01,Danny Elfman,2026-09-15 00:30:00,music,45.02,0,Tuesday,0,1,1,1,8,8.0,1.0,1.0,,,,The Fillmore Silver Spring,Silver Spring,MD,washingtondc,America/New_York,38.9974,-77.0276,US,,,0
6a4c149d1c794edcc286d32b,2026-08-01,Chief Keef,2026-09-15 00:00:00,music,45.0,0,Tuesday,0,13,12,5,10,6.153846153846154,0.6153846153846154,1.0,,,,The Fillmore,Detroit,MI,detroit,America/New_York,42.3378,-83.0515,US,,,0
6a4c15d39fcfe69765247f36,2026-07-25,Jim Messina,2026-10-16 00:00:00,music,83.0,0,Friday,0,6,4,0,12,7.0,0.1666666666666666,0.8333333333333334,,,,,,,,,,,,,,0
6a4c52fecd6a95f181422735,2026-08-01,Cheerleader Roadkill,2026-09-16 01:00:00,music,46.04,1,Wednesday,0,1,1,1,12,12.0,1.0,1.0,,,,Summit Music Hall,Denver,CO,colorado,America/Denver,39.7533,-104.995,US,,,0
6a4d957c6afea82401edfb06,2026-07-25,Ray Volpe,2026-10-16 03:00:00,music,83.12,3,Friday,0,1,1,1,4,4.0,1.0,1.0,,,,,,,,,,,,Ray Volpe,electronic,0
6a4d95c6aa7ef1643cb8769f,2026-08-01,Wade Forster,2026-09-16 00:00:00,music,46.0,0,Wednesday,0,3,3,0,6,4.0,0.0,1.0,,,,,,,,,,,,,,0
6a4d9699c6c28f86f8892617,2026-07-25,Rico Nasty,2026-10-16 02:00:00,music,83.08,2,Friday,0,14,9,0,10,4.285714285714286,0.0714285714285714,0.9285714285714286,,,,Tannahills Tavern and Music Hall,Fort Worth,TX,dallas,America/Chicago,32.7885,-97.3477,US,,,0
6a4d9777ca77c7c1cf7c739e,2026-07-25,The Infamous Stringdusters,2026-10-16 00:00:00,music,83.0,0,Friday,0,9,7,0,12,6.222222222222222,0.1111111111111111,0.7777777777777778,,,,,,,,,,,,,,0
6a4de53a3ba36e9a9f4a09db,2026-07-25,Arelys Henao,2026-10-16 01:00:00,music,83.04,1,Friday,0,1,1,1,6,6.0,1.0,1.0,,,,,,,,,,,,,,0
6a4e3911c6c28f86f8892717,2026-07-25,Cortisa Star,2026-10-16 00:00:00,music,83.0,0,Friday,0,1,1,1,6,6.0,1.0,1.0,,,,DC9 Nightclub,Washington,DC,washingtondc,America/New_York,38.9167,-77.0243,US,Cortisa Star,pop,0
6a4ecbc67d247547fec9eed0,2026-08-01,Bayside,2026-09-16 00:30:00,music,46.02,0,Wednesday,0,1,1,1,4,4.0,1.0,1.0,,,,,,,,,,,,,,0
6a53c88c6a0f8191312f3d4f,2026-07-24,Beltran,2026-09-06 02:00:00,music,44.08,2,Sunday,1,1,1,0,8,8.0,0.0,0.0,,,,,,,,,,,,,,0
6a5531b9a67b355142ea0116,2026-07-25,Saint Levant,2026-10-16 03:00:00,music,83.12,3,Friday,0,1,1,1,6,6.0,1.0,1.0,,,,Soma,San Diego,CA,sandiego,America/Los_Angeles,32.7532,-117.209,US,,,0
6a5537b19b3341ed5852b4c1,2026-08-01,Saint Levant,2026-09-14 23:00:00,music,44.96,23,Monday,0,1,1,1,2,2.0,1.0,1.0,,,,Brooklyn Paramount Theatre,Brooklyn,NY,newyork,America/New_York,40.6905,-73.9809,US,,,0
6a55728aa67b355142ea0194,2026-07-25,City of the Sun,2026-10-16 03:00:00,music,83.12,3,Friday,0,1,1,1,8,8.0,1.0,1.0,,,,The Crocodile,Seattle,WA,seattle,America/Los_Angeles,47.6135,-122.344,US,City of the Sun,rock,0
6a566b23af6c873ce89d4789,2026-08-01,Snow Strippers,2026-09-15 23:00:00,music,45.96,23,Tuesday,0,3,2,0,4,2.6666666666666665,0.6666666666666666,0.0,,,,,,,,,,,,,,0
6a5683bc53dbb8991406fb6f,2026-08-01,Slaughter to Prevail,2026-09-16 02:00:00,music,46.08,2,Wednesday,0,1,1,1,2,2.0,1.0,1.0,,,,House of Blues,Anaheim,CA,losangeles,America/Los_Angeles,33.8058,-117.911,US,,,0
6a568919fad530d966f5ed0f,2026-08-01,Slaughter To Prevail,2026-09-15 02:30:00,music,45.1,2,Tuesday,0,2,2,1,8,5.0,1.0,1.0,,,,Arizona Financial Theatre,Phoenix,AZ,phoenix,America/Phoenix,33.4489,-112.079,US,,,0
6a568de0422171c9e2ba7613,2026-07-25,Thundercat,2026-10-16 00:00:00,music,83.0,0,Friday,0,1,1,1,6,6.0,1.0,1.0,,,,The Fillmore,Charlotte,NC,charlotte,America/New_York,35.2024,-80.8432,US,,,0
6a5918d3179ff4e271589ea8,2026-07-25,Jerry's Middle Finger,2026-10-16 00:00:00,music,83.0,0,Friday,0,1,1,1,8,8.0,1.0,1.0,,,,,,,,,,,,,,0
6a591a0227775603178460d8,2026-07-25,Sunn O))),2026-10-16 00:00:00,music,83.0,0,Friday,0,1,1,1,8,8.0,1.0,1.0,,,,Music Farm,Charleston,SC,columbia,America/New_York,32.7902,-79.9383,US,Sunn O))),hard-rock,0
6a591e506a9e336ce1dd3538,2026-07-25,DOMi and JD BECK,2026-10-16 02:00:00,music,83.08,2,Friday,0,1,1,0,2,2.0,1.0,1.0,,,,,,,,,,,,,,0
6a59204964293906560f8fd5,2026-07-24,DJ Diesel (18+ Event),2026-09-20 02:00:00,music,58.08,2,Sunday,1,1,1,0,5,5.0,1.0,0.0,,,,,,,,,,,,,,0
6a5e0b03a4d8b5d7c01ac959,2026-07-25,Joon,2026-10-16 00:00:00,music,83.0,0,Friday,0,1,1,1,2,2.0,1.0,1.0,,,,Smiths Olde Bar,Atlanta,GA,atlanta,America/New_York,33.7976,-84.3688,US,,,0
6a5ef16399d126c052c5e53b,2026-07-25,After - Band,2026-10-16 01:00:00,music,83.04,1,Friday,0,1,1,1,6,6.0,1.0,1.0,,,,The Parish,Austin,TX,austin,America/Chicago,30.2648,-97.734,US,After,rock,0
6a5ef7cb845610ba957a5af8,2026-07-25,Josiah and the Bonnevilles,2026-10-16 00:00:00,music,83.0,0,Friday,0,5,2,0,6,4.8,0.0,0.8,,,,The Burl,Lexington,KY,lexington,America/New_York,38.0573,0.0,US,,,0
6a60434f75753352d3ae7634,2026-07-25,Sylvan Esso,2026-10-16 00:00:00,music,83.0,0,Friday,0,7,4,2,6,3.7142857142857135,1.0,0.8571428571428571,,,,,,,,,,,,Sylvan Esso,pop,0
6a6060c5335bb220ec1d7ee0,2026-07-25,Marc Scibilia,2026-10-16 03:00:00,music,83.12,3,Friday,0,1,1,1,6,6.0,1.0,1.0,,,,,,,,,,,,,,0
6a62a97419f04001328acde4,2026-07-24,Franky Rizardo,2026-09-27 03:00:00,music,65.12,3,Sunday,1,2,2,1,6,4.0,1.0,1.0,,,,,,,,,,,,,,0
6a62ac9ce66bd63637863792,2026-07-24,Sullivan King (18+ Event),2026-08-23 03:00:00,music,30.12,3,Sunday,1,1,1,1,6,6.0,1.0,1.0,,,,The Palladium,Worcester,MA,boston,America/New_York,42.2667,-71.8008,US,,,0
6a62acca0fe663af33ee0b44,2026-07-24,Gillian Welch and David Rawlings,2026-10-03 03:00:00,music,71.12,3,Saturday,1,1,1,1,3,3.0,1.0,1.0,,,,The Fillmore,San Francisco,CA,sanfrancisco,America/Los_Angeles,37.784,-122.433,US,Gillian Welch and David Rawlings,rock,0
6a62b1f4029fe111e2f20eed,2026-07-24,Marilyn Manson,2026-10-15 00:00:00,music,83.0,0,Thursday,0,1,1,1,4,4.0,1.0,1.0,,,,,,,,,,,,,,0
6a635c33c524853202f97ee3,2026-07-24,Fast Times,2026-09-20 04:00:00,music,58.17,4,Sunday,1,49,39,0,6,4.8979591836734695,0.0,1.0,,,,,,,,,,,,,,0
6a63c8f07243387ef48d07c6,2026-07-24,Couch Dog,2026-08-16 03:00:00,music,23.12,3,Sunday,1,1,1,1,6,6.0,1.0,1.0,,,,,,,,,,,,,,0
6a6a7b8120f41374d497c341,2026-07-30,Bingo Loco,2026-09-12 23:00:00,music,44.96,23,Saturday,1,3,3,1,4,3.333333333333333,1.0,0.0,,,,,,,,,,,,Bingo Loco,pop,0
6a6a91fb9337d243f888c505,2026-07-30,TVBOO,2026-10-18 01:00:00,music,80.04,1,Sunday,1,1,1,1,6,6.0,1.0,1.0,,,,,,,,,,,,,,0
6a6ab2dfd3ba58e6ab500532,2026-07-30,Bella White,2026-09-29 01:30:00,music,61.06,1,Tuesday,0,1,1,1,6,6.0,1.0,1.0,,,,The Moroccan Lounge,Los Angeles,CA,losangeles,America/Los_Angeles,33.7673,-118.182,US,,,0
6a6aecb3f041935637c3e438,2026-07-30,Rachel Chinouriri,2026-08-27 03:00:00,music,28.12,3,Thursday,0,1,1,1,2,2.0,1.0,1.0,,,,,,,,,,,,,,0
6a6aecfacb814b7ed1d378b6,2026-07-30,Chris Botti,2026-10-18 01:30:00,music,80.06,1,Sunday,1,1,1,0,2,2.0,1.0,1.0,,,,City Winery - Chicago,Chicago,IL,chicago,America/Chicago,41.8846,-87.6571,US,Chris Botti,jazz,0
6a6b3b025424d073a46b9318,2026-07-30,Rachel Chinouriri,2026-08-31 23:00:00,music,32.96,23,Monday,0,1,1,1,2,2.0,1.0,1.0,,,,Bowery Ballroom,New York,NY,newyork,America/New_York,40.7204,-73.9934,US,,,0
6a6b3b6a6d73e55842bdd063,2026-07-30,Earlybirds Club (21+ Event),2026-10-03 23:00:00,music,65.96,23,Saturday,1,1,1,1,6,6.0,1.0,1.0,,,,The Studio at the Factory,Dallas,TX,dallas,America/Chicago,32.7825,-96.7833,US,Earlybirds Club,electronic,0
6a6b3c120c197b3ae7aacb30,2026-07-30,Tanner Usrey,2026-09-27 00:00:00,music,59.0,0,Sunday,1,1,1,0,8,8.0,0.0,0.0,,,,,,,,,,,,,,0
6a6b3c122c9e66f995cc32c2,2026-07-30,Kylie Morgan,2026-10-06 00:00:00,music,68.0,0,Tuesday,0,1,1,0,10,10.0,1.0,1.0,,,,,,,,,,,,,,0
6a6b4e246bc5e4e9dd253a80,2026-07-30,2026 Lollapalooza - 2 Day Pass (Thursday 7/30 & Sunday 8/2),2026-07-31 04:59:00,music,1.21,4,Friday,0,2,2,2,8,8.0,1.0,1.0,,,,,,,,,,,,,,0
