eventId,snapshot_date,eventName,event_datetime,eventCategory,days_until_event,event_hour,day_of_week,is_weekend,listing_count,section_count,section_group_count,max_available_lot,avg_max_available_lot,deal_rate,ga_listing_rate,listing_count_prev,listing_change,listing_change_pct,venue_name,city,state,metro,timezone,latitude,longitude,addressCountryCode,performer_name,primary_genre,high_demand_next_snapshot
67db14e20a9ac35ebea470d8,2026-07-15,Minus the Bear (Rescheduled from 11/19/2025),2026-09-12 01:00:00,music,59.04,1,Saturday,1,1,1,1,3,3.0,1.0,1.0,,,,,,,,,,,,,,0
67db14e20a9ac35ebea470d8,2026-07-31,Minus the Bear (Rescheduled from 11/19/2025),2026-09-12 01:00:00,music,43.04,1,Saturday,1,1,1,1,4,4.0,1.0,1.0,1.0,0.0,0.0,,,,,,,,,,,0
67db14e20a9ac35ebea470d8,2026-08-06,Minus the Bear (Rescheduled from 11/19/2025),2026-09-12 01:00:00,music,37.04,1,Saturday,1,1,1,1,2,2.0,1.0,1.0,1.0,0.0,0.0,,,,,,,,,,,0
68375c4722078c7143b1bd23,2026-07-15,Los Tucanes De Tijuana (Rescheduled from 11/21/2025),2026-08-16 00:00:00,music,32.0,0,Sunday,1,79,23,3,10,6.620253164556962,0.379746835443038,1.0,,,,Gas South Arena,Duluth,GA,atlanta,America/New_York,33.9915,-84.0906,US,,,1
68375c4722078c7143b1bd23,2026-07-17,Los Tucanes De Tijuana (Rescheduled from 11/21/2025),2026-08-16 00:00:00,music,30.0,0,Sunday,1,7,7,3,12,10.0,0.1428571428571428,1.0,79.0,-72.0,-91.13924050632912,Gas South Arena,Duluth,GA,atlanta,America/New_York,33.9915,-84.0906,US,,,1
68375c4722078c7143b1bd23,2026-07-18,Los Tucanes De Tijuana (Rescheduled from 11/21/2025),2026-08-16 00:00:00,music,29.0,0,Sunday,1,3,3,2,8,5.0,0.3333333333333333,1.0,7.0,-4.0,-57.14285714285714,Gas South Arena,Duluth,GA,atlanta,America/New_York,33.9915,-84.0906,US,,,0
68375c4722078c7143b1bd23,2026-07-19,Los Tucanes De Tijuana (Rescheduled from 11/21/2025),2026-08-16 00:00:00,music,28.0,0,Sunday,1,3,3,2,4,3.6666666666666665,0.6666666666666666,1.0,3.0,0.0,0.0,Gas South Arena,Duluth,GA,atlanta,America/New_York,33.9915,-84.0906,US,,,0
68375c4722078c7143b1bd23,2026-07-20,Los Tucanes De Tijuana (Rescheduled from 11/21/2025),2026-08-16 00:00:00,music,27.0,0,Sunday,1,3,2,2,10,6.333333333333333,0.6666666666666666,1.0,3.0,0.0,0.0,Gas South Arena,Duluth,GA,atlanta,America/New_York,33.9915,-84.0906,US,,,0
68375c4722078c7143b1bd23,2026-07-22,Los Tucanes De Tijuana (Rescheduled from 11/21/2025),2026-08-16 00:00:00,music,25.0,0,Sunday,1,30,12,3,10,8.033333333333333,0.0666666666666666,1.0,3.0,27.0,900.0,Gas South Arena,Duluth,GA,atlanta,America/New_York,33.9915,-84.0906,US,,,0
68375c4722078c7143b1bd23,2026-07-23,Los Tucanes De Tijuana (Rescheduled from 11/21/2025),2026-08-16 00:00:00,music,24.0,0,Sunday,1,30,16,3,10,7.233333333333333,0.2,0.9666666666666668,30.0,0.0,0.0,Gas South Arena,Duluth,GA,atlanta,America/New_York,33.9915,-84.0906,US,,,1
68375c4722078c7143b1bd23,2026-07-24,Los Tucanes De Tijuana (Rescheduled from 11/21/2025),2026-08-16 00:00:00,music,23.0,0,Sunday,1,15,9,3,12,7.6,0.0666666666666666,1.0,30.0,-15.0,-50.0,Gas South Arena,Duluth,GA,atlanta,America/New_York,33.9915,-84.0906,US,,,0
68375c4722078c7143b1bd23,2026-07-31,Los Tucanes De Tijuana (Rescheduled from 11/21/2025),2026-08-16 00:00:00,music,16.0,0,Sunday,1,24,15,3,12,5.583333333333333,0.2083333333333333,0.9583333333333334,15.0,9.0,60.0,Gas South Arena,Duluth,GA,atlanta,America/New_York,33.9915,-84.0906,US,,,0
68375c4722078c7143b1bd23,2026-08-02,Los Tucanes De Tijuana (Rescheduled from 11/21/2025),2026-08-16 00:00:00,music,14.0,0,Sunday,1,32,18,3,10,5.28125,0.25,1.0,24.0,8.0,33.33333333333333,Gas South Arena,Duluth,GA,atlanta,America/New_York,33.9915,-84.0906,US,,,1
68375c4722078c7143b1bd23,2026-08-03,Los Tucanes De Tijuana (Rescheduled from 11/21/2025),2026-08-16 00:00:00,music,13.0,0,Sunday,1,16,14,3,10,5.1875,0.375,1.0,32.0,-16.0,-50.0,Gas South Arena,Duluth,GA,atlanta,America/New_York,33.9915,-84.0906,US,,,0
68375c4722078c7143b1bd23,2026-08-04,Los Tucanes De Tijuana (Rescheduled from 11/21/2025),2026-08-16 00:00:00,music,12.0,0,Sunday,1,52,18,3,8,4.423076923076923,0.4230769230769231,1.0,16.0,36.0,225.0,Gas South Arena,Duluth,GA,atlanta,America/New_York,33.9915,-84.0906,US,,,1
68375c4722078c7143b1bd23,2026-08-05,Los Tucanes De Tijuana (Rescheduled from 11/21/2025),2026-08-16 00:00:00,music,11.0,0,Sunday,1,33,12,2,8,3.484848484848485,0.5151515151515151,1.0,52.0,-19.0,-36.53846153846153,Gas South Arena,Duluth,GA,atlanta,America/New_York,33.9915,-84.0906,US,,,1
68375c4722078c7143b1bd23,2026-08-06,Los Tucanes De Tijuana (Rescheduled from 11/21/2025),2026-08-16 00:00:00,music,10.0,0,Sunday,1,23,11,2,8,3.8260869565217392,0.5217391304347826,1.0,33.0,-10.0,-30.303030303030305,Gas South Arena,Duluth,GA,atlanta,America/New_York,33.9915,-84.0906,US,,,0
68375c4722078c7143b1bd23,2026-08-07,Los Tucanes De Tijuana (Rescheduled from 11/21/2025),2026-08-16 00:00:00,music,9.0,0,Sunday,1,26,12,2,8,3.923076923076923,0.7692307692307693,1.0,23.0,3.0,13.043478260869565,Gas South Arena,Duluth,GA,atlanta,America/New_York,33.9915,-84.0906,US,,,0
68375c4722078c7143b1bd23,2026-08-08,Los Tucanes De Tijuana (Rescheduled from 11/21/2025),2026-08-16 00:00:00,music,8.0,0,Sunday,1,37,13,2,8,3.5675675675675675,0.5135135135135135,0.972972972972973,26.0,11.0,42.30769230769231,Gas South Arena,Duluth,GA,atlanta,America/New_York,33.9915,-84.0906,US,,,0
68375c4722078c7143b1bd23,2026-08-10,Los Tucanes De Tijuana (Rescheduled from 11/21/2025),2026-08-16 00:00:00,music,6.0,0,Sunday,1,35,12,2,8,3.1142857142857143,0.4571428571428571,0.9714285714285714,37.0,-2.0,-5.405405405405405,Gas South Arena,Duluth,GA,atlanta,America/New_York,33.9915,-84.0906,US,,,0
68375c4722078c7143b1bd23,2026-08-11,Los Tucanes De Tijuana (Rescheduled from 11/21/2025),2026-08-16 00:00:00,music,5.0,0,Sunday,1,36,12,2,8,3.5,0.5277777777777778,0.9722222222222222,35.0,1.0,2.857142857142857,Gas South Arena,Duluth,GA,atlanta,America/New_York,33.9915,-84.0906,US,,,1
68375c4722078c7143b1bd23,2026-08-12,Los Tucanes De Tijuana (Rescheduled from 11/21/2025),2026-08-16 00:00:00,music,4.0,0,Sunday,1,22,9,1,8,3.5,0.6818181818181818,1.0,36.0,-14.0,-38.88888888888889,Gas South Arena,Duluth,GA,atlanta,America/New_York,33.9915,-84.0906,US,,,0
68408d3f367fc71acaee0d13,2026-07-17,"Myriam Hernandez (Rescheduled from 10/04/2025, 2/20/2026)",2026-09-06 00:00:00,music,51.0,0,Sunday,1,19,13,3,8,4.842105263157895,0.4210526315789473,1.0,,,,,,,,,,,,,,1
68408d3f367fc71acaee0d13,2026-07-18,"Myriam Hernandez (Rescheduled from 10/04/2025, 2/20/2026)",2026-09-06 00:00:00,music,50.0,0,Sunday,1,10,7,3,8,4.8,0.4,1.0,19.0,-9.0,-47.368421052631575,,,,,,,,,,,0
68408d3f367fc71acaee0d13,2026-07-19,"Myriam Hernandez (Rescheduled from 10/04/2025, 2/20/2026)",2026-09-06 00:00:00,music,49.0,0,Sunday,1,9,7,3,8,4.555555555555555,0.5555555555555556,1.0,10.0,-1.0,-10.0,,,,,,,,,,,0
68408d3f367fc71acaee0d13,2026-07-20,"Myriam Hernandez (Rescheduled from 10/04/2025, 2/20/2026)",2026-09-06 00:00:00,music,48.0,0,Sunday,1,13,12,3,8,5.076923076923077,0.3846153846153846,0.9230769230769232,9.0,4.0,44.44444444444444,,,,,,,,,,,0
68408d3f367fc71acaee0d13,2026-07-22,"Myriam Hernandez (Rescheduled from 10/04/2025, 2/20/2026)",2026-09-06 00:00:00,music,46.0,0,Sunday,1,13,10,3,8,6.153846153846154,0.5384615384615384,1.0,13.0,0.0,0.0,,,,,,,,,,,1
68408d3f367fc71acaee0d13,2026-07-23,"Myriam Hernandez (Rescheduled from 10/04/2025, 2/20/2026)",2026-09-06 00:00:00,music,45.0,0,Sunday,1,9,8,3,10,4.777777777777778,0.5555555555555556,1.0,13.0,-4.0,-30.76923076923077,,,,,,,,,,,0
68408d3f367fc71acaee0d13,2026-07-24,"Myriam Hernandez (Rescheduled from 10/04/2025, 2/20/2026)",2026-09-06 00:00:00,music,44.0,0,Sunday,1,17,11,3,8,4.529411764705882,0.4705882352941176,1.0,9.0,8.0,88.88888888888889,,,,,,,,,,,1
68408d3f367fc71acaee0d13,2026-07-31,"Myriam Hernandez (Rescheduled from 10/04/2025, 2/20/2026)",2026-09-06 00:00:00,music,37.0,0,Sunday,1,6,5,3,8,3.6666666666666665,0.3333333333333333,0.8333333333333334,17.0,-11.0,-64.70588235294117,,,,,,,,,,,0
68408d3f367fc71acaee0d13,2026-08-02,"Myriam Hernandez (Rescheduled from 10/04/2025, 2/20/2026)",2026-09-06 00:00:00,music,35.0,0,Sunday,1,10,9,3,8,4.4,0.5,1.0,6.0,4.0,66.66666666666666,,,,,,,,,,,1
68408d3f367fc71acaee0d13,2026-08-03,"Myriam Hernandez (Rescheduled from 10/04/2025, 2/20/2026)",2026-09-06 00:00:00,music,34.0,0,Sunday,1,6,5,2,8,5.833333333333333,0.1666666666666666,1.0,10.0,-4.0,-40.0,,,,,,,,,,,0
68408d3f367fc71acaee0d13,2026-08-04,"Myriam Hernandez (Rescheduled from 10/04/2025, 2/20/2026)",2026-09-06 00:00:00,music,33.0,0,Sunday,1,18,10,3,8,4.888888888888889,0.5555555555555556,0.9444444444444444,6.0,12.0,200.0,,,,,,,,,,,1
68408d3f367fc71acaee0d13,2026-08-05,"Myriam Hernandez (Rescheduled from 10/04/2025, 2/20/2026)",2026-09-06 00:00:00,music,32.0,0,Sunday,1,12,12,3,8,3.6666666666666665,0.4166666666666667,0.9166666666666666,18.0,-6.0,-33.33333333333333,,,,,,,,,,,0
68408d3f367fc71acaee0d13,2026-08-06,"Myriam Hernandez (Rescheduled from 10/04/2025, 2/20/2026)",2026-09-06 00:00:00,music,31.0,0,Sunday,1,13,11,3,8,4.230769230769231,0.7692307692307693,0.9230769230769232,12.0,1.0,8.333333333333332,,,,,,,,,,,0
68408d3f367fc71acaee0d13,2026-08-07,"Myriam Hernandez (Rescheduled from 10/04/2025, 2/20/2026)",2026-09-06 00:00:00,music,30.0,0,Sunday,1,17,13,3,8,4.529411764705882,0.5294117647058824,0.8235294117647058,13.0,4.0,30.76923076923077,,,,,,,,,,,1
68408d3f367fc71acaee0d13,2026-08-08,"Myriam Hernandez (Rescheduled from 10/04/2025, 2/20/2026)",2026-09-06 00:00:00,music,29.0,0,Sunday,1,8,8,2,8,4.375,0.625,1.0,17.0,-9.0,-52.94117647058824,,,,,,,,,,,0
68408d3f367fc71acaee0d13,2026-08-10,"Myriam Hernandez (Rescheduled from 10/04/2025, 2/20/2026)",2026-09-06 00:00:00,music,27.0,0,Sunday,1,15,12,3,8,3.733333333333333,0.4666666666666667,0.8666666666666667,8.0,7.0,87.5,,,,,,,,,,,1
68408d3f367fc71acaee0d13,2026-08-11,"Myriam Hernandez (Rescheduled from 10/04/2025, 2/20/2026)",2026-09-06 00:00:00,music,26.0,0,Sunday,1,9,7,3,8,4.888888888888889,0.5555555555555556,0.8888888888888888,15.0,-6.0,-40.0,,,,,,,,,,,1
68408d3f367fc71acaee0d13,2026-08-12,"Myriam Hernandez (Rescheduled from 10/04/2025, 2/20/2026)",2026-09-06 00:00:00,music,25.0,0,Sunday,1,6,5,3,8,5.333333333333333,0.5,1.0,9.0,-3.0,-33.33333333333333,,,,,,,,,,,0
68448a668f9f746f2a898758,2026-07-18,Myriam Hernandez (Rescheduled from 9/28/2025 and 03/01/2026),2026-08-31 00:00:00,music,44.0,0,Monday,0,6,5,3,8,5.5,0.8333333333333334,1.0,,,,Lynn Memorial Auditorium,Lynn,MA,boston,America/New_York,42.4637,-70.9502,US,,,1
68448a668f9f746f2a898758,2026-07-22,Myriam Hernandez (Rescheduled from 9/28/2025 and 03/01/2026),2026-08-31 00:00:00,music,40.0,0,Monday,0,4,3,2,8,4.5,1.0,1.0,6.0,-2.0,-33.33333333333333,Lynn Memorial Auditorium,Lynn,MA,boston,America/New_York,42.4637,-70.9502,US,,,0
68448a668f9f746f2a898758,2026-07-24,Myriam Hernandez (Rescheduled from 9/28/2025 and 03/01/2026),2026-08-31 00:00:00,music,38.0,0,Monday,0,12,5,3,10,6.333333333333333,1.0,1.0,4.0,8.0,200.0,Lynn Memorial Auditorium,Lynn,MA,boston,America/New_York,42.4637,-70.9502,US,,,1
68448a668f9f746f2a898758,2026-07-31,Myriam Hernandez (Rescheduled from 9/28/2025 and 03/01/2026),2026-08-31 00:00:00,music,31.0,0,Monday,0,2,2,2,6,4.0,1.0,1.0,12.0,-10.0,-83.33333333333334,Lynn Memorial Auditorium,Lynn,MA,boston,America/New_York,42.4637,-70.9502,US,,,1
68448a668f9f746f2a898758,2026-08-02,Myriam Hernandez (Rescheduled from 9/28/2025 and 03/01/2026),2026-08-31 00:00:00,music,29.0,0,Monday,0,1,1,1,2,2.0,1.0,1.0,2.0,-1.0,-50.0,Lynn Memorial Auditorium,Lynn,MA,boston,America/New_York,42.4637,-70.9502,US,,,0
68448a668f9f746f2a898758,2026-08-03,Myriam Hernandez (Rescheduled from 9/28/2025 and 03/01/2026),2026-08-31 00:00:00,music,28.0,0,Monday,0,2,2,2,10,7.0,1.0,1.0,1.0,1.0,100.0,Lynn Memorial Auditorium,Lynn,MA,boston,America/New_York,42.4637,-70.9502,US,,,0
68448a668f9f746f2a898758,2026-08-04,Myriam Hernandez (Rescheduled from 9/28/2025 and 03/01/2026),2026-08-31 00:00:00,music,27.0,0,Monday,0,11,4,2,8,5.2727272727272725,0.8181818181818182,1.0,2.0,9.0,450.0,Lynn Memorial Auditorium,Lynn,MA,boston,America/New_York,42.4637,-70.9502,US,,,1
68448a668f9f746f2a898758,2026-08-05,Myriam Hernandez (Rescheduled from 9/28/2025 and 03/01/2026),2026-08-31 00:00:00,music,26.0,0,Monday,0,4,4,2,8,6.0,1.0,1.0,11.0,-7.0,-63.63636363636363,Lynn Memorial Auditorium,Lynn,MA,boston,America/New_York,42.4637,-70.9502,US,,,1
68448a668f9f746f2a898758,2026-08-06,Myriam Hernandez (Rescheduled from 9/28/2025 and 03/01/2026),2026-08-31 00:00:00,music,25.0,0,Monday,0,1,1,1,8,8.0,1.0,1.0,4.0,-3.0,-75.0,Lynn Memorial Auditorium,Lynn,MA,boston,America/New_York,42.4637,-70.9502,US,,,0
68448a668f9f746f2a898758,2026-08-07,Myriam Hernandez (Rescheduled from 9/28/2025 and 03/01/2026),2026-08-31 00:00:00,music,24.0,0,Monday,0,3,2,2,8,4.666666666666667,1.0,1.0,1.0,2.0,200.0,Lynn Memorial Auditorium,Lynn,MA,boston,America/New_York,42.4637,-70.9502,US,,,0
68448a668f9f746f2a898758,2026-08-08,Myriam Hernandez (Rescheduled from 9/28/2025 and 03/01/2026),2026-08-31 00:00:00,music,23.0,0,Monday,0,3,2,2,6,4.666666666666667,1.0,1.0,3.0,0.0,0.0,Lynn Memorial Auditorium,Lynn,MA,boston,America/New_York,42.4637,-70.9502,US,,,0
68448a668f9f746f2a898758,2026-08-10,Myriam Hernandez (Rescheduled from 9/28/2025 and 03/01/2026),2026-08-31 00:00:00,music,21.0,0,Monday,0,12,4,2,10,6.083333333333333,0.9166666666666666,1.0,3.0,9.0,300.0,Lynn Memorial Auditorium,Lynn,MA,boston,America/New_York,42.4637,-70.9502,US,,,1
68448a668f9f746f2a898758,2026-08-11,Myriam Hernandez (Rescheduled from 9/28/2025 and 03/01/2026),2026-08-31 00:00:00,music,20.0,0,Monday,0,5,3,2,8,4.8,1.0,1.0,12.0,-7.0,-58.333333333333336,Lynn Memorial Auditorium,Lynn,MA,boston,America/New_York,42.4637,-70.9502,US,,,1
68448a668f9f746f2a898758,2026-08-12,Myriam Hernandez (Rescheduled from 9/28/2025 and 03/01/2026),2026-08-31 00:00:00,music,19.0,0,Monday,0,2,2,2,6,4.0,1.0,0.5,5.0,-3.0,-60.0,Lynn Memorial Auditorium,Lynn,MA,boston,America/New_York,42.4637,-70.9502,US,,,0
684f10a2d1ecf5eebbd402ad,2026-07-17,"Myriam Hernandez (18+ Event)(Rescheduled from 10/3/2025, 2/27)",2026-09-05 00:00:00,music,50.0,0,Saturday,1,2,2,0,6,6.0,0.5,1.0,,,,,,,,,,,,,,0
685305f7105233896dd39e1f,2026-07-15,Geoff Tate (Rescheduled from 2/12/26),2026-09-13 01:00:00,music,60.04,1,Sunday,1,14,10,0,12,6.142857142857143,0.0714285714285714,0.9285714285714286,,,,Tannahills Tavern and Music Hall,Fort Worth,TX,dallas,America/Chicago,32.7885,-97.3477,US,,,1
685305f7105233896dd39e1f,2026-07-17,Geoff Tate (Rescheduled from 2/12/26),2026-09-13 01:00:00,music,58.04,1,Sunday,1,2,2,0,10,9.0,0.0,1.0,14.0,-12.0,-85.71428571428571,Tannahills Tavern and Music Hall,Fort Worth,TX,dallas,America/Chicago,32.7885,-97.3477,US,,,1
685305f7105233896dd39e1f,2026-07-18,Geoff Tate (Rescheduled from 2/12/26),2026-09-13 01:00:00,music,57.04,1,Sunday,1,1,1,0,4,4.0,0.0,1.0,2.0,-1.0,-50.0,Tannahills Tavern and Music Hall,Fort Worth,TX,dallas,America/Chicago,32.7885,-97.3477,US,,,0
685305f7105233896dd39e1f,2026-07-19,Geoff Tate (Rescheduled from 2/12/26),2026-09-13 01:00:00,music,56.04,1,Sunday,1,1,1,0,4,4.0,0.0,1.0,1.0,0.0,0.0,Tannahills Tavern and Music Hall,Fort Worth,TX,dallas,America/Chicago,32.7885,-97.3477,US,,,0
685305f7105233896dd39e1f,2026-07-20,Geoff Tate (Rescheduled from 2/12/26),2026-09-13 01:00:00,music,55.04,1,Sunday,1,1,1,0,6,6.0,1.0,0.0,1.0,0.0,0.0,Tannahills Tavern and Music Hall,Fort Worth,TX,dallas,America/Chicago,32.7885,-97.3477,US,,,0
685305f7105233896dd39e1f,2026-08-02,Geoff Tate (Rescheduled from 2/12/26),2026-09-13 01:00:00,music,42.04,1,Sunday,1,1,1,0,2,2.0,0.0,0.0,1.0,0.0,0.0,Tannahills Tavern and Music Hall,Fort Worth,TX,dallas,America/Chicago,32.7885,-97.3477,US,,,0
685305f7105233896dd39e1f,2026-08-05,Geoff Tate (Rescheduled from 2/12/26),2026-09-13 01:00:00,music,39.04,1,Sunday,1,1,1,0,4,4.0,0.0,1.0,1.0,0.0,0.0,Tannahills Tavern and Music Hall,Fort Worth,TX,dallas,America/Chicago,32.7885,-97.3477,US,,,0
685305f7105233896dd39e1f,2026-08-07,Geoff Tate (Rescheduled from 2/12/26),2026-09-13 01:00:00,music,37.04,1,Sunday,1,29,10,0,8,2.206896551724138,0.0,1.0,1.0,28.0,2800.0,Tannahills Tavern and Music Hall,Fort Worth,TX,dallas,America/Chicago,32.7885,-97.3477,US,,,1
685305f7105233896dd39e1f,2026-08-08,Geoff Tate (Rescheduled from 2/12/26),2026-09-13 01:00:00,music,36.04,1,Sunday,1,1,1,0,4,4.0,0.0,1.0,29.0,-28.0,-96.55172413793105,Tannahills Tavern and Music Hall,Fort Worth,TX,dallas,America/Chicago,32.7885,-97.3477,US,,,0
685305f7203403384c548fda,2026-07-15,Geoff Tate (Rescheduled from 2/11/26),2026-09-14 00:00:00,music,61.0,0,Monday,0,4,3,0,12,8.0,0.0,0.75,,,,The Echo Lounge and Music Hall Dallas,Dallas,TX,dallas,America/Chicago,32.7906,-96.8145,US,,,1
685305f7203403384c548fda,2026-07-17,Geoff Tate (Rescheduled from 2/11/26),2026-09-14 00:00:00,music,59.0,0,Monday,0,1,1,0,10,10.0,0.0,1.0,4.0,-3.0,-75.0,The Echo Lounge and Music Hall Dallas,Dallas,TX,dallas,America/Chicago,32.7906,-96.8145,US,,,0
685305f7203403384c548fda,2026-08-06,Geoff Tate (Rescheduled from 2/11/26),2026-09-14 00:00:00,music,39.0,0,Monday,0,4,2,0,4,2.5,0.0,1.0,1.0,3.0,300.0,The Echo Lounge and Music Hall Dallas,Dallas,TX,dallas,America/Chicago,32.7906,-96.8145,US,,,1
6855a93b0efbb3f4bd136c76,2026-07-15,David Foster and Katharine McPhee (Rescheduled from 2/6),2026-09-27 23:00:00,music,74.96,23,Sunday,1,13,5,5,6,4.153846153846154,1.0,0.9230769230769232,,,,Mayo Performing Arts Center,Morristown,NJ,newyork,America/New_York,40.7944,-74.4779,US,,,1
6855a93b0efbb3f4bd136c76,2026-07-17,David Foster and Katharine McPhee (Rescheduled from 2/6),2026-09-27 23:00:00,music,72.96,23,Sunday,1,1,1,1,2,2.0,1.0,1.0,13.0,-12.0,-92.3076923076923,Mayo Performing Arts Center,Morristown,NJ,newyork,America/New_York,40.7944,-74.4779,US,,,0
6855a93b0efbb3f4bd136c76,2026-07-18,David Foster and Katharine McPhee (Rescheduled from 2/6),2026-09-27 23:00:00,music,71.96,23,Sunday,1,9,5,5,4,4.0,1.0,1.0,1.0,8.0,800.0,Mayo Performing Arts Center,Morristown,NJ,newyork,America/New_York,40.7944,-74.4779,US,,,0
6855a93b0efbb3f4bd136c76,2026-07-20,David Foster and Katharine McPhee (Rescheduled from 2/6),2026-09-27 23:00:00,music,69.96,23,Sunday,1,9,5,5,4,4.0,1.0,1.0,9.0,0.0,0.0,Mayo Performing Arts Center,Morristown,NJ,newyork,America/New_York,40.7944,-74.4779,US,,,1
6855a93b0efbb3f4bd136c76,2026-07-31,David Foster and Katharine McPhee (Rescheduled from 2/6),2026-09-27 23:00:00,music,58.96,23,Sunday,1,2,2,2,4,3.0,1.0,1.0,9.0,-7.0,-77.77777777777779,Mayo Performing Arts Center,Morristown,NJ,newyork,America/New_York,40.7944,-74.4779,US,,,0
6855a93b0efbb3f4bd136c76,2026-08-04,David Foster and Katharine McPhee (Rescheduled from 2/6),2026-09-27 23:00:00,music,54.96,23,Sunday,1,7,3,3,4,3.7142857142857135,1.0,1.0,2.0,5.0,250.0,Mayo Performing Arts Center,Morristown,NJ,newyork,America/New_York,40.7944,-74.4779,US,,,1
6855a93b0efbb3f4bd136c76,2026-08-05,David Foster and Katharine McPhee (Rescheduled from 2/6),2026-09-27 23:00:00,music,53.96,23,Sunday,1,3,2,2,4,4.0,1.0,1.0,7.0,-4.0,-57.14285714285714,Mayo Performing Arts Center,Morristown,NJ,newyork,America/New_York,40.7944,-74.4779,US,,,1
6855a93b0efbb3f4bd136c76,2026-08-07,David Foster and Katharine McPhee (Rescheduled from 2/6),2026-09-27 23:00:00,music,51.96,23,Sunday,1,1,1,1,2,2.0,1.0,1.0,3.0,-2.0,-66.66666666666666,Mayo Performing Arts Center,Morristown,NJ,newyork,America/New_York,40.7944,-74.4779,US,,,0
6855a93b0efbb3f4bd136c76,2026-08-08,David Foster and Katharine McPhee (Rescheduled from 2/6),2026-09-27 23:00:00,music,50.96,23,Sunday,1,9,5,5,4,4.0,1.0,1.0,1.0,8.0,800.0,Mayo Performing Arts Center,Morristown,NJ,newyork,America/New_York,40.7944,-74.4779,US,,,1
685c46cb257150c9e9d0328b,2026-07-15,Slander - Saturday (Rescheduled from 1/31),2026-08-09 02:00:00,music,25.08,2,Sunday,1,6,6,4,10,6.666666666666667,1.0,1.0,,,,,,,,,,,,,,1
685c46cb257150c9e9d0328b,2026-07-17,Slander - Saturday (Rescheduled from 1/31),2026-08-09 02:00:00,music,23.08,2,Sunday,1,3,3,3,8,6.0,1.0,1.0,6.0,-3.0,-50.0,,,,,,,,,,,0
685c46cb257150c9e9d0328b,2026-07-18,Slander - Saturday (Rescheduled from 1/31),2026-08-09 02:00:00,music,22.08,2,Sunday,1,3,3,2,6,3.333333333333333,1.0,0.6666666666666666,3.0,0.0,0.0,,,,,,,,,,,1
685c46cb257150c9e9d0328b,2026-07-19,Slander - Saturday (Rescheduled from 1/31),2026-08-09 02:00:00,music,21.08,2,Sunday,1,2,2,1,4,3.5,1.0,1.0,3.0,-1.0,-33.33333333333333,,,,,,,,,,,0
685c46cb257150c9e9d0328b,2026-07-20,Slander - Saturday (Rescheduled from 1/31),2026-08-09 02:00:00,music,20.08,2,Sunday,1,2,2,2,8,5.0,1.0,1.0,2.0,0.0,0.0,,,,,,,,,,,0
685c46cb257150c9e9d0328b,2026-07-22,Slander - Saturday (Rescheduled from 1/31),2026-08-09 02:00:00,music,18.08,2,Sunday,1,4,4,4,10,7.5,1.0,1.0,2.0,2.0,100.0,,,,,,,,,,,1
685c46cb257150c9e9d0328b,2026-07-23,Slander - Saturday (Rescheduled from 1/31),2026-08-09 02:00:00,music,17.08,2,Sunday,1,1,1,0,2,2.0,1.0,1.0,4.0,-3.0,-75.0,,,,,,,,,,,0
685c46cb257150c9e9d0328b,2026-07-24,Slander - Saturday (Rescheduled from 1/31),2026-08-09 02:00:00,music,16.08,2,Sunday,1,2,2,2,8,6.0,1.0,1.0,1.0,1.0,100.0,,,,,,,,,,,0
685c46cb257150c9e9d0328b,2026-07-31,Slander - Saturday (Rescheduled from 1/31),2026-08-09 02:00:00,music,9.08,2,Sunday,1,2,2,2,12,7.0,1.0,1.0,2.0,0.0,0.0,,,,,,,,,,,1
685c46cb257150c9e9d0328b,2026-08-02,Slander - Saturday (Rescheduled from 1/31),2026-08-09 02:00:00,music,7.08,2,Sunday,1,1,1,1,4,4.0,1.0,1.0,2.0,-1.0,-50.0,,,,,,,,,,,0
685c46cb257150c9e9d0328b,2026-08-03,Slander - Saturday (Rescheduled from 1/31),2026-08-09 02:00:00,music,6.08,2,Sunday,1,2,2,1,4,3.0,1.0,1.0,1.0,1.0,100.0,,,,,,,,,,,1
685c46cb257150c9e9d0328b,2026-08-04,Slander - Saturday (Rescheduled from 1/31),2026-08-09 02:00:00,music,5.08,2,Sunday,1,1,1,1,8,8.0,1.0,1.0,2.0,-1.0,-50.0,,,,,,,,,,,0
685c46cb257150c9e9d0328b,2026-08-05,Slander - Saturday (Rescheduled from 1/31),2026-08-09 02:00:00,music,4.08,2,Sunday,1,2,2,2,8,5.0,1.0,0.5,1.0,1.0,100.0,,,,,,,,,,,0
685c46cb257150c9e9d0328b,2026-08-06,Slander - Saturday (Rescheduled from 1/31),2026-08-09 02:00:00,music,3.08,2,Sunday,1,3,3,3,10,8.0,1.0,1.0,2.0,1.0,50.0,,,,,,,,,,,0
685c46cb257150c9e9d0328b,2026-08-07,Slander - Saturday (Rescheduled from 1/31),2026-08-09 02:00:00,music,2.08,2,Sunday,1,3,3,2,12,6.0,1.0,1.0,3.0,0.0,0.0,,,,,,,,,,,0
685c46cbafd43c068f64530c,2026-07-15,Slander - Friday (Rescheduled from 1/30),2026-08-08 02:00:00,music,24.08,2,Saturday,1,6,6,5,8,5.0,1.0,0.8333333333333334,,,,,,,,,,,,,,1
685c46cbafd43c068f64530c,2026-07-17,Slander - Friday (Rescheduled from 1/30),2026-08-08 02:00:00,music,22.08,2,Saturday,1,1,1,1,2,2.0,1.0,1.0,6.0,-5.0,-83.33333333333334,,,,,,,,,,,0
685c46cbafd43c068f64530c,2026-07-19,Slander - Friday (Rescheduled from 1/30),2026-08-08 02:00:00,music,20.08,2,Saturday,1,1,1,1,2,2.0,1.0,1.0,1.0,0.0,0.0,,,,,,,,,,,0
685c46cbafd43c068f64530c,2026-07-22,Slander - Friday (Rescheduled from 1/30),2026-08-08 02:00:00,music,17.08,2,Saturday,1,4,4,3,10,6.75,1.0,1.0,1.0,3.0,300.0,,,,,,,,,,,1
685c46cbafd43c068f64530c,2026-07-24,Slander - Friday (Rescheduled from 1/30),2026-08-08 02:00:00,music,15.08,2,Saturday,1,1,1,1,2,2.0,1.0,1.0,4.0,-3.0,-75.0,,,,,,,,,,,0
685c46cbafd43c068f64530c,2026-07-31,Slander - Friday (Rescheduled from 1/30),2026-08-08 02:00:00,music,8.08,2,Saturday,1,2,2,2,12,8.0,1.0,1.0,1.0,1.0,100.0,,,,,,,,,,,0
685c46cbafd43c068f64530c,2026-08-02,Slander - Friday (Rescheduled from 1/30),2026-08-08 02:00:00,music,6.08,2,Saturday,1,2,2,2,12,7.0,1.0,1.0,2.0,0.0,0.0,,,,,,,,,,,1
685c46cbafd43c068f64530c,2026-08-03,Slander - Friday (Rescheduled from 1/30),2026-08-08 02:00:00,music,5.08,2,Saturday,1,1,1,1,2,2.0,1.0,1.0,2.0,-1.0,-50.0,,,,,,,,,,,0
685c46cbafd43c068f64530c,2026-08-04,Slander - Friday (Rescheduled from 1/30),2026-08-08 02:00:00,music,4.08,2,Saturday,1,1,1,1,2,2.0,1.0,1.0,1.0,0.0,0.0,,,,,,,,,,,0
685c46cbafd43c068f64530c,2026-08-05,Slander - Friday (Rescheduled from 1/30),2026-08-08 02:00:00,music,3.08,2,Saturday,1,3,3,2,8,6.0,1.0,1.0,1.0,2.0,200.0,,,,,,,,,,,1
685c46cbafd43c068f64530c,2026-08-06,Slander - Friday (Rescheduled from 1/30),2026-08-08 02:00:00,music,2.08,2,Saturday,1,1,1,1,3,3.0,1.0,1.0,3.0,-2.0,-66.66666666666666,,,,,,,,,,,0
6890fb2a66c04e6f6dcb6c1e,2026-07-15,Mammoth (Rescheduled from 11/29/2025),2026-07-19 00:00:00,music,4.0,0,Sunday,1,5,2,0,4,2.6,0.0,0.2,,,,,,,,,,,,,,1
689154f566b28b4c43444107,2026-08-07,Crystal Gayle (Rescheduled from 2/20),2026-10-24 01:00:00,music,78.04,1,Saturday,1,4,4,0,6,5.0,0.25,1.0,,,,Main Street Crossing,Tomball,TX,houston,America/Chicago,30.097611675,-95.61434287,US,,,1
68a3a8815f4d5e82ae0f51f7,2026-07-15,Tyler Braden (18+ Event) (Rescheduled from 1/29),2026-08-01 01:00:00,music,17.04,1,Saturday,1,1,1,1,2,2.0,1.0,1.0,,,,Fine Line Music Cafe,Minneapolis,MN,minneapolis,America/Chicago,44.9818,-93.2721,US,,,0
68a3a8815f4d5e82ae0f51f7,2026-07-22,Tyler Braden (18+ Event) (Rescheduled from 1/29),2026-08-01 01:00:00,music,10.04,1,Saturday,1,1,1,1,2,2.0,1.0,1.0,1.0,0.0,0.0,Fine Line Music Cafe,Minneapolis,MN,minneapolis,America/Chicago,44.9818,-93.2721,US,,,0
68a4f97666827ffb0bbdcfee,2026-08-02,Big Head Todd And The Monsters (Rescheduled from 1/23/26),2026-10-17 00:30:00,music,76.02,0,Saturday,1,2,2,1,4,4.0,1.0,1.0,,,,Hoyt Sherman Place,Des Moines,IA,iowacity,America/Chicago,41.5886,-93.6383,US,,,0
68a4f97666827ffb0bbdcfee,2026-08-04,Big Head Todd And The Monsters (Rescheduled from 1/23/26),2026-10-17 00:30:00,music,74.02,0,Saturday,1,2,2,1,4,4.0,1.0,1.0,2.0,0.0,0.0,Hoyt Sherman Place,Des Moines,IA,iowacity,America/Chicago,41.5886,-93.6383,US,,,0
68a4f97666827ffb0bbdcfee,2026-08-05,Big Head Todd And The Monsters (Rescheduled from 1/23/26),2026-10-17 00:30:00,music,73.02,0,Saturday,1,3,2,1,4,2.6666666666666665,1.0,1.0,2.0,1.0,50.0,Hoyt Sherman Place,Des Moines,IA,iowacity,America/Chicago,41.5886,-93.6383,US,,,0
68a4f97666827ffb0bbdcfee,2026-08-07,Big Head Todd And The Monsters (Rescheduled from 1/23/26),2026-10-17 00:30:00,music,71.02,0,Saturday,1,3,2,1,4,2.6666666666666665,1.0,1.0,3.0,0.0,0.0,Hoyt Sherman Place,Des Moines,IA,iowacity,America/Chicago,41.5886,-93.6383,US,,,0
68a4f97666827ffb0bbdcfee,2026-08-08,Big Head Todd And The Monsters (Rescheduled from 1/23/26),2026-10-17 00:30:00,music,70.02,0,Saturday,1,4,4,1,4,4.0,1.0,1.0,3.0,1.0,33.33333333333333,Hoyt Sherman Place,Des Moines,IA,iowacity,America/Chicago,41.5886,-93.6383,US,,,1
68a4fe82e3546edfeda0acf5,2026-08-02,Big Head Todd and the Monsters (Rescheduled from 2/1/26),2026-10-19 00:30:00,music,78.02,0,Monday,0,11,8,3,5,3.0,0.9090909090909092,0.8181818181818182,,,,Pabst Theater,Milwaukee,WI,milwaukee,America/Chicago,43.0411,-87.9104,US,,,1
68a4fe82e3546edfeda0acf5,2026-08-04,Big Head Todd and the Monsters (Rescheduled from 2/1/26),2026-10-19 00:30:00,music,76.02,0,Monday,0,2,1,1,2,2.0,1.0,1.0,11.0,-9.0,-81.81818181818183,Pabst Theater,Milwaukee,WI,milwaukee,America/Chicago,43.0411,-87.9104,US,,,1
68a4fe82e3546edfeda0acf5,2026-08-06,Big Head Todd and the Monsters (Rescheduled from 2/1/26),2026-10-19 00:30:00,music,74.02,0,Monday,0,1,1,1,4,4.0,1.0,1.0,2.0,-1.0,-50.0,Pabst Theater,Milwaukee,WI,milwaukee,America/Chicago,43.0411,-87.9104,US,,,0
68a4fe82e3546edfeda0acf5,2026-08-07,Big Head Todd and the Monsters (Rescheduled from 2/1/26),2026-10-19 00:30:00,music,73.02,0,Monday,0,6,4,2,4,2.333333333333333,0.6666666666666666,1.0,1.0,5.0,500.0,Pabst Theater,Milwaukee,WI,milwaukee,America/Chicago,43.0411,-87.9104,US,,,1
68a5011b9d0a163480c7b414,2026-07-19,Big Head Todd and the Monsters (Rescheduled from 1/29/26),2026-10-11 01:00:00,music,84.04,1,Sunday,1,7,5,5,8,4.285714285714286,1.0,0.7142857142857143,,,,The Pageant,St. Louis,MO,stlouis,America/Chicago,38.6556,-90.2979,US,,,1
68a5011b9d0a163480c7b414,2026-07-22,Big Head Todd and the Monsters (Rescheduled from 1/29/26),2026-10-11 01:00:00,music,81.04,1,Sunday,1,1,1,1,3,3.0,1.0,1.0,7.0,-6.0,-85.71428571428571,The Pageant,St. Louis,MO,stlouis,America/Chicago,38.6556,-90.2979,US,,,0
68a5011b9d0a163480c7b414,2026-07-31,Big Head Todd and the Monsters (Rescheduled from 1/29/26),2026-10-11 01:00:00,music,72.04,1,Sunday,1,3,3,3,12,7.666666666666667,1.0,1.0,1.0,2.0,200.0,The Pageant,St. Louis,MO,stlouis,America/Chicago,38.6556,-90.2979,US,,,1
68a5011b9d0a163480c7b414,2026-08-02,Big Head Todd and the Monsters (Rescheduled from 1/29/26),2026-10-11 01:00:00,music,70.04,1,Sunday,1,1,1,1,12,12.0,1.0,1.0,3.0,-2.0,-66.66666666666666,The Pageant,St. Louis,MO,stlouis,America/Chicago,38.6556,-90.2979,US,,,0
68a5011b9d0a163480c7b414,2026-08-05,Big Head Todd and the Monsters (Rescheduled from 1/29/26),2026-10-11 01:00:00,music,67.04,1,Sunday,1,1,1,1,6,6.0,1.0,1.0,1.0,0.0,0.0,The Pageant,St. Louis,MO,stlouis,America/Chicago,38.6556,-90.2979,US,,,0
68a5011b9d0a163480c7b414,2026-08-06,Big Head Todd and the Monsters (Rescheduled from 1/29/26),2026-10-11 01:00:00,music,66.04,1,Sunday,1,1,1,1,2,2.0,1.0,1.0,1.0,0.0,0.0,The Pageant,St. Louis,MO,stlouis,America/Chicago,38.6556,-90.2979,US,,,0
68a5011b9d0a163480c7b414,2026-08-08,Big Head Todd and the Monsters (Rescheduled from 1/29/26),2026-10-11 01:00:00,music,64.04,1,Sunday,1,3,2,2,8,4.0,1.0,1.0,1.0,2.0,200.0,The Pageant,St. Louis,MO,stlouis,America/Chicago,38.6556,-90.2979,US,,,1
68a5011b9d0a163480c7b414,2026-08-10,Big Head Todd and the Monsters (Rescheduled from 1/29/26),2026-10-11 01:00:00,music,62.04,1,Sunday,1,2,2,2,12,9.0,1.0,1.0,3.0,-1.0,-33.33333333333333,The Pageant,St. Louis,MO,stlouis,America/Chicago,38.6556,-90.2979,US,,,0
68a5011b9d0a163480c7b414,2026-08-12,Big Head Todd and the Monsters (Rescheduled from 1/29/26),2026-10-11 01:00:00,music,60.04,1,Sunday,1,2,2,2,8,6.0,1.0,1.0,2.0,0.0,0.0,The Pageant,St. Louis,MO,stlouis,America/Chicago,38.6556,-90.2979,US,,,1
68a51c033fc7c9fbd87e4e21,2026-07-18,Big Head Todd and the Monsters (Rescheduled from 1/22/26),2026-10-10 00:30:00,music,84.02,0,Saturday,1,15,6,2,5,2.7333333333333334,1.0,0.8666666666666667,,,,Uptown Theater,Kansas City,MO,kansascity,America/Chicago,39.0611,-94.5905,US,,,1
68a51c033fc7c9fbd87e4e21,2026-07-19,Big Head Todd and the Monsters (Rescheduled from 1/22/26),2026-10-10 00:30:00,music,83.02,0,Saturday,1,2,2,1,3,2.5,1.0,0.5,15.0,-13.0,-86.66666666666667,Uptown Theater,Kansas City,MO,kansascity,America/Chicago,39.0611,-94.5905,US,,,0
68a51c033fc7c9fbd87e4e21,2026-07-20,Big Head Todd and the Monsters (Rescheduled from 1/22/26),2026-10-10 00:30:00,music,82.02,0,Saturday,1,4,2,1,4,3.5,1.0,0.75,2.0,2.0,100.0,Uptown Theater,Kansas City,MO,kansascity,America/Chicago,39.0611,-94.5905,US,,,1
68a51c033fc7c9fbd87e4e21,2026-07-23,Big Head Todd and the Monsters (Rescheduled from 1/22/26),2026-10-10 00:30:00,music,79.02,0,Saturday,1,1,1,1,2,2.0,1.0,1.0,4.0,-3.0,-75.0,Uptown Theater,Kansas City,MO,kansascity,America/Chicago,39.0611,-94.5905,US,,,0
68a51c033fc7c9fbd87e4e21,2026-07-31,Big Head Todd and the Monsters (Rescheduled from 1/22/26),2026-10-10 00:30:00,music,71.02,0,Saturday,1,1,1,1,2,2.0,1.0,1.0,1.0,0.0,0.0,Uptown Theater,Kansas City,MO,kansascity,America/Chicago,39.0611,-94.5905,US,,,0
68a51c033fc7c9fbd87e4e21,2026-08-02,Big Head Todd and the Monsters (Rescheduled from 1/22/26),2026-10-10 00:30:00,music,69.02,0,Saturday,1,3,1,1,4,4.0,1.0,1.0,1.0,2.0,200.0,Uptown Theater,Kansas City,MO,kansascity,America/Chicago,39.0611,-94.5905,US,,,1
68a51c033fc7c9fbd87e4e21,2026-08-04,Big Head Todd and the Monsters (Rescheduled from 1/22/26),2026-10-10 00:30:00,music,67.02,0,Saturday,1,2,1,1,4,4.0,1.0,1.0,3.0,-1.0,-33.33333333333333,Uptown Theater,Kansas City,MO,kansascity,America/Chicago,39.0611,-94.5905,US,,,1
68a51c033fc7c9fbd87e4e21,2026-08-05,Big Head Todd and the Monsters (Rescheduled from 1/22/26),2026-10-10 00:30:00,music,66.02,0,Saturday,1,1,1,1,4,4.0,1.0,1.0,2.0,-1.0,-50.0,Uptown Theater,Kansas City,MO,kansascity,America/Chicago,39.0611,-94.5905,US,,,0
68a51c033fc7c9fbd87e4e21,2026-08-06,Big Head Todd and the Monsters (Rescheduled from 1/22/26),2026-10-10 00:30:00,music,65.02,0,Saturday,1,3,1,1,4,2.6666666666666665,1.0,1.0,1.0,2.0,200.0,Uptown Theater,Kansas City,MO,kansascity,America/Chicago,39.0611,-94.5905,US,,,0
68a51c033fc7c9fbd87e4e21,2026-08-08,Big Head Todd and the Monsters (Rescheduled from 1/22/26),2026-10-10 00:30:00,music,63.02,0,Saturday,1,4,2,1,4,4.0,0.75,1.0,3.0,1.0,33.33333333333333,Uptown Theater,Kansas City,MO,kansascity,America/Chicago,39.0611,-94.5905,US,,,1
68a51c033fc7c9fbd87e4e21,2026-08-10,Big Head Todd and the Monsters (Rescheduled from 1/22/26),2026-10-10 00:30:00,music,61.02,0,Saturday,1,1,1,1,2,2.0,1.0,1.0,4.0,-3.0,-75.0,Uptown Theater,Kansas City,MO,kansascity,America/Chicago,39.0611,-94.5905,US,,,0
68a51c033fc7c9fbd87e4e21,2026-08-11,Big Head Todd and the Monsters (Rescheduled from 1/22/26),2026-10-10 00:30:00,music,60.02,0,Saturday,1,5,3,2,2,2.0,1.0,1.0,1.0,4.0,400.0,Uptown Theater,Kansas City,MO,kansascity,America/Chicago,39.0611,-94.5905,US,,,1
68bf5e4970e7de421816faa3,2026-07-15,Grand Funk Railroad (Rescheduled from 1/10),2026-08-01 23:30:00,music,17.98,23,Saturday,1,27,15,3,8,4.0,0.6296296296296297,0.7777777777777778,,,,Harrah's Cherokee,Cherokee,NC,charlotte,America/New_York,35.4699,-83.305,US,,,1
68bf5e4970e7de421816faa3,2026-07-17,Grand Funk Railroad (Rescheduled from 1/10),2026-08-01 23:30:00,music,15.98,23,Saturday,1,14,9,3,12,4.857142857142857,0.7142857142857143,1.0,27.0,-13.0,-48.14814814814815,Harrah's Cherokee,Cherokee,NC,charlotte,America/New_York,35.4699,-83.305,US,,,1
68bf5e4970e7de421816faa3,2026-07-18,Grand Funk Railroad (Rescheduled from 1/10),2026-08-01 23:30:00,music,14.98,23,Saturday,1,8,7,3,8,3.25,0.875,0.75,14.0,-6.0,-42.85714285714285,Harrah's Cherokee,Cherokee,NC,charlotte,America/New_York,35.4699,-83.305,US,,,1
68bf5e4970e7de421816faa3,2026-07-19,Grand Funk Railroad (Rescheduled from 1/10),2026-08-01 23:30:00,music,13.98,23,Saturday,1,4,4,2,4,3.25,0.5,1.0,8.0,-4.0,-50.0,Harrah's Cherokee,Cherokee,NC,charlotte,America/New_York,35.4699,-83.305,US,,,0
68bf5e4970e7de421816faa3,2026-07-20,Grand Funk Railroad (Rescheduled from 1/10),2026-08-01 23:30:00,music,12.98,23,Saturday,1,7,6,2,8,3.571428571428572,1.0,1.0,4.0,3.0,75.0,Harrah's Cherokee,Cherokee,NC,charlotte,America/New_York,35.4699,-83.305,US,,,0
68bf5e4970e7de421816faa3,2026-07-22,Grand Funk Railroad (Rescheduled from 1/10),2026-08-01 23:30:00,music,10.98,23,Saturday,1,11,7,2,8,5.909090909090909,0.8181818181818182,0.9090909090909092,7.0,4.0,57.14285714285714,Harrah's Cherokee,Cherokee,NC,charlotte,America/New_York,35.4699,-83.305,US,,,1
68bf5e4970e7de421816faa3,2026-07-23,Grand Funk Railroad (Rescheduled from 1/10),2026-08-01 23:30:00,music,9.98,23,Saturday,1,7,5,3,7,3.4285714285714284,0.8571428571428571,0.5714285714285714,11.0,-4.0,-36.36363636363637,Harrah's Cherokee,Cherokee,NC,charlotte,America/New_York,35.4699,-83.305,US,,,1
68bf5e4970e7de421816faa3,2026-07-24,Grand Funk Railroad (Rescheduled from 1/10),2026-08-01 23:30:00,music,8.98,23,Saturday,1,1,1,1,6,6.0,1.0,1.0,7.0,-6.0,-85.71428571428571,Harrah's Cherokee,Cherokee,NC,charlotte,America/New_York,35.4699,-83.305,US,,,0
68c4641aff50f03802e4aeb6,2026-07-15,Jason Aldean (Rescheduled from 1/24),2026-08-21 23:30:00,music,37.98,23,Friday,0,39,33,3,4,3.128205128205128,0.4615384615384615,0.5384615384615384,,,,,,,,,,,,,,1
68c4641aff50f03802e4aeb6,2026-07-17,Jason Aldean (Rescheduled from 1/24),2026-08-21 23:30:00,music,35.98,23,Friday,0,3,3,2,6,3.333333333333333,0.6666666666666666,0.0,39.0,-36.0,-92.3076923076923,,,,,,,,,,,1
68c4641aff50f03802e4aeb6,2026-07-18,Jason Aldean (Rescheduled from 1/24),2026-08-21 23:30:00,music,34.98,23,Friday,0,2,2,1,4,3.0,0.5,0.5,3.0,-1.0,-33.33333333333333,,,,,,,,,,,0
68c4641aff50f03802e4aeb6,2026-07-19,Jason Aldean (Rescheduled from 1/24),2026-08-21 23:30:00,music,33.98,23,Friday,0,2,2,2,4,3.0,0.0,0.5,2.0,0.0,0.0,,,,,,,,,,,1
68c4641aff50f03802e4aeb6,2026-07-20,Jason Aldean (Rescheduled from 1/24),2026-08-21 23:30:00,music,32.98,23,Friday,0,1,1,1,2,2.0,1.0,0.0,2.0,-1.0,-50.0,,,,,,,,,,,0
68c4641aff50f03802e4aeb6,2026-07-22,Jason Aldean (Rescheduled from 1/24),2026-08-21 23:30:00,music,30.98,23,Friday,0,2,2,1,4,3.0,0.5,0.5,1.0,1.0,100.0,,,,,,,,,,,0
68c4641aff50f03802e4aeb6,2026-07-23,Jason Aldean (Rescheduled from 1/24),2026-08-21 23:30:00,music,29.98,23,Friday,0,4,4,2,4,3.0,0.25,0.5,2.0,2.0,100.0,,,,,,,,,,,1
68c4641aff50f03802e4aeb6,2026-07-24,Jason Aldean (Rescheduled from 1/24),2026-08-21 23:30:00,music,28.98,23,Friday,0,3,3,2,2,2.0,1.0,0.6666666666666666,4.0,-1.0,-25.0,,,,,,,,,,,0
68c4641aff50f03802e4aeb6,2026-07-31,Jason Aldean (Rescheduled from 1/24),2026-08-21 23:30:00,music,21.98,23,Friday,0,4,4,1,4,2.5,0.5,0.5,3.0,1.0,33.33333333333333,,,,,,,,,,,0
68c4641aff50f03802e4aeb6,2026-08-02,Jason Aldean (Rescheduled from 1/24),2026-08-21 23:30:00,music,19.98,23,Friday,0,8,6,2,2,2.0,0.625,0.0,4.0,4.0,100.0,,,,,,,,,,,1
68c4641aff50f03802e4aeb6,2026-08-03,Jason Aldean (Rescheduled from 1/24),2026-08-21 23:30:00,music,18.98,23,Friday,0,4,4,2,2,2.0,0.25,0.25,8.0,-4.0,-50.0,,,,,,,,,,,0
68c4641aff50f03802e4aeb6,2026-08-04,Jason Aldean (Rescheduled from 1/24),2026-08-21 23:30:00,music,17.98,23,Friday,0,10,8,2,4,2.2,0.7,0.2,4.0,6.0,150.0,,,,,,,,,,,1
68c4641aff50f03802e4aeb6,2026-08-05,Jason Aldean (Rescheduled from 1/24),2026-08-21 23:30:00,music,16.98,23,Friday,0,2,2,2,4,3.0,1.0,0.0,10.0,-8.0,-80.0,,,,,,,,,,,0
68c4641aff50f03802e4aeb6,2026-08-06,Jason Aldean (Rescheduled from 1/24),2026-08-21 23:30:00,music,15.98,23,Friday,0,2,1,1,5,4.5,1.0,0.0,2.0,0.0,0.0,,,,,,,,,,,0
68c4641aff50f03802e4aeb6,2026-08-07,Jason Aldean (Rescheduled from 1/24),2026-08-21 23:30:00,music,14.98,23,Friday,0,4,4,2,6,3.0,0.75,0.25,2.0,2.0,100.0,,,,,,,,,,,0
68c4641aff50f03802e4aeb6,2026-08-08,Jason Aldean (Rescheduled from 1/24),2026-08-21 23:30:00,music,13.98,23,Friday,0,6,5,2,6,3.333333333333333,0.6666666666666666,0.3333333333333333,4.0,2.0,50.0,,,,,,,,,,,0
68c4641aff50f03802e4aeb6,2026-08-10,Jason Aldean (Rescheduled from 1/24),2026-08-21 23:30:00,music,11.98,23,Friday,0,5,4,2,4,2.4,0.6,0.4,6.0,-1.0,-16.666666666666664,,,,,,,,,,,0
68c4641aff50f03802e4aeb6,2026-08-11,Jason Aldean (Rescheduled from 1/24),2026-08-21 23:30:00,music,10.98,23,Friday,0,5,5,1,3,2.2,0.6,0.4,5.0,0.0,0.0,,,,,,,,,,,0
68c4641aff50f03802e4aeb6,2026-08-12,Jason Aldean (Rescheduled from 1/24),2026-08-21 23:30:00,music,9.98,23,Friday,0,4,3,1,2,2.0,0.75,0.25,5.0,-1.0,-20.0,,,,,,,,,,,0
68c8790e83d99c89a285a5fc,2026-07-31,Sabaton (Rescheduled from 4/11/26),2026-09-28 00:00:00,music,59.0,0,Monday,0,3,3,0,10,5.333333333333333,0.3333333333333333,1.0,,,,,,,,,,,,,,1
68c8790e83d99c89a285a5fc,2026-08-06,Sabaton (Rescheduled from 4/11/26),2026-09-28 00:00:00,music,53.0,0,Monday,0,1,1,0,2,2.0,0.0,1.0,3.0,-2.0,-66.66666666666666,,,,,,,,,,,0
68c87cd9e6a1cd8e99b5f17c,2026-07-17,Sabaton (Rescheduled from 4/9),2026-09-25 23:00:00,music,70.96,23,Friday,0,12,10,2,12,5.916666666666667,0.0833333333333333,1.0,,,,Place Bell,Laval,QC,montreal,America/New_York,45.5564,-73.7224,CA,,,1
68c87cd9e6a1cd8e99b5f17c,2026-07-18,Sabaton (Rescheduled from 4/9),2026-09-25 23:00:00,music,69.96,23,Friday,0,2,2,2,8,5.0,0.5,1.0,12.0,-10.0,-83.33333333333334,Place Bell,Laval,QC,montreal,America/New_York,45.5564,-73.7224,CA,,,0
68c87cd9e6a1cd8e99b5f17c,2026-07-19,Sabaton (Rescheduled from 4/9),2026-09-25 23:00:00,music,68.96,23,Friday,0,3,2,2,8,6.0,0.0,1.0,2.0,1.0,50.0,Place Bell,Laval,QC,montreal,America/New_York,45.5564,-73.7224,CA,,,1
68c87cd9e6a1cd8e99b5f17c,2026-07-20,Sabaton (Rescheduled from 4/9),2026-09-25 23:00:00,music,67.96,23,Friday,0,2,2,1,2,2.0,0.0,1.0,3.0,-1.0,-33.33333333333333,Place Bell,Laval,QC,montreal,America/New_York,45.5564,-73.7224,CA,,,0
68c87cd9e6a1cd8e99b5f17c,2026-07-22,Sabaton (Rescheduled from 4/9),2026-09-25 23:00:00,music,65.96,23,Friday,0,6,6,3,4,2.6666666666666665,0.1666666666666666,0.8333333333333334,2.0,4.0,200.0,Place Bell,Laval,QC,montreal,America/New_York,45.5564,-73.7224,CA,,,0
68c87cd9e6a1cd8e99b5f17c,2026-07-23,Sabaton (Rescheduled from 4/9),2026-09-25 23:00:00,music,64.96,23,Friday,0,17,11,2,10,5.117647058823529,0.1764705882352941,0.9411764705882352,6.0,11.0,183.3333333333333,Place Bell,Laval,QC,montreal,America/New_York,45.5564,-73.7224,CA,,,1
68c87cd9e6a1cd8e99b5f17c,2026-07-24,Sabaton (Rescheduled from 4/9),2026-09-25 23:00:00,music,63.96,23,Friday,0,3,3,2,10,7.333333333333333,0.0,1.0,17.0,-14.0,-82.35294117647058,Place Bell,Laval,QC,montreal,America/New_York,45.5564,-73.7224,CA,,,0
68c87cd9e6a1cd8e99b5f17c,2026-07-31,Sabaton (Rescheduled from 4/9),2026-09-25 23:00:00,music,56.96,23,Friday,0,4,4,1,6,4.5,0.5,1.0,3.0,1.0,33.33333333333333,Place Bell,Laval,QC,montreal,America/New_York,45.5564,-73.7224,CA,,,0
68c87cd9e6a1cd8e99b5f17c,2026-08-02,Sabaton (Rescheduled from 4/9),2026-09-25 23:00:00,music,54.96,23,Friday,0,4,3,2,8,5.75,0.5,0.75,4.0,0.0,0.0,Place Bell,Laval,QC,montreal,America/New_York,45.5564,-73.7224,CA,,,1
68c87cd9e6a1cd8e99b5f17c,2026-08-03,Sabaton (Rescheduled from 4/9),2026-09-25 23:00:00,music,53.96,23,Friday,0,3,2,1,10,9.333333333333334,0.3333333333333333,1.0,4.0,-1.0,-25.0,Place Bell,Laval,QC,montreal,America/New_York,45.5564,-73.7224,CA,,,0
68c87cd9e6a1cd8e99b5f17c,2026-08-05,Sabaton (Rescheduled from 4/9),2026-09-25 23:00:00,music,51.96,23,Friday,0,4,3,2,10,6.75,0.5,1.0,3.0,1.0,33.33333333333333,Place Bell,Laval,QC,montreal,America/New_York,45.5564,-73.7224,CA,,,1
68c87cd9e6a1cd8e99b5f17c,2026-08-07,Sabaton (Rescheduled from 4/9),2026-09-25 23:00:00,music,49.96,23,Friday,0,3,3,2,5,3.6666666666666665,0.0,1.0,4.0,-1.0,-25.0,Place Bell,Laval,QC,montreal,America/New_York,45.5564,-73.7224,CA,,,0
68c87cd9e6a1cd8e99b5f17c,2026-08-08,Sabaton (Rescheduled from 4/9),2026-09-25 23:00:00,music,48.96,23,Friday,0,4,3,1,4,2.5,0.0,1.0,3.0,1.0,33.33333333333333,Place Bell,Laval,QC,montreal,America/New_York,45.5564,-73.7224,CA,,,1
68c87cd9e6a1cd8e99b5f17c,2026-08-10,Sabaton (Rescheduled from 4/9),2026-09-25 23:00:00,music,46.96,23,Friday,0,2,2,1,2,2.0,0.0,1.0,4.0,-2.0,-50.0,Place Bell,Laval,QC,montreal,America/New_York,45.5564,-73.7224,CA,,,0
68c87cd9e6a1cd8e99b5f17c,2026-08-11,Sabaton (Rescheduled from 4/9),2026-09-25 23:00:00,music,45.96,23,Friday,0,6,4,3,10,5.166666666666667,0.5,1.0,2.0,4.0,200.0,Place Bell,Laval,QC,montreal,America/New_York,45.5564,-73.7224,CA,,,1
68c87cd9e6a1cd8e99b5f17c,2026-08-12,Sabaton (Rescheduled from 4/9),2026-09-25 23:00:00,music,44.96,23,Friday,0,2,1,1,2,2.0,0.5,0.5,6.0,-4.0,-66.66666666666666,Place Bell,Laval,QC,montreal,America/New_York,45.5564,-73.7224,CA,,,1
68c8908586ac1368c768250e,2026-07-15,Big Head Todd and the Monsters (Rescheduled from 1/27/26),2026-09-17 23:30:00,music,64.98,23,Thursday,0,17,6,2,8,4.0,1.0,0.9411764705882352,,,,Murat Theatre,Indianapolis,IN,indianapolis,America/New_York,39.7745,-86.1506,US,,,1
68c8908586ac1368c768250e,2026-07-17,Big Head Todd and the Monsters (Rescheduled from 1/27/26),2026-09-17 23:30:00,music,62.98,23,Thursday,0,1,1,1,8,8.0,1.0,1.0,17.0,-16.0,-94.11764705882352,Murat Theatre,Indianapolis,IN,indianapolis,America/New_York,39.7745,-86.1506,US,,,0
68c8908586ac1368c768250e,2026-07-18,Big Head Todd and the Monsters (Rescheduled from 1/27/26),2026-09-17 23:30:00,music,61.98,23,Thursday,0,7,6,2,4,4.0,1.0,1.0,1.0,6.0,600.0,Murat Theatre,Indianapolis,IN,indianapolis,America/New_York,39.7745,-86.1506,US,,,0
68c8908586ac1368c768250e,2026-07-20,Big Head Todd and the Monsters (Rescheduled from 1/27/26),2026-09-17 23:30:00,music,59.98,23,Thursday,0,14,6,2,10,4.428571428571429,1.0,1.0,7.0,7.0,100.0,Murat Theatre,Indianapolis,IN,indianapolis,America/New_York,39.7745,-86.1506,US,,,1
68c8908586ac1368c768250e,2026-07-22,Big Head Todd and the Monsters (Rescheduled from 1/27/26),2026-09-17 23:30:00,music,57.98,23,Thursday,0,4,3,2,7,5.25,1.0,1.0,14.0,-10.0,-71.42857142857143,Murat Theatre,Indianapolis,IN,indianapolis,America/New_York,39.7745,-86.1506,US,,,0
68c8908586ac1368c768250e,2026-07-24,Big Head Todd and the Monsters (Rescheduled from 1/27/26),2026-09-17 23:30:00,music,55.98,23,Thursday,0,8,3,1,10,6.625,1.0,1.0,4.0,4.0,100.0,Murat Theatre,Indianapolis,IN,indianapolis,America/New_York,39.7745,-86.1506,US,,,1
68c8908586ac1368c768250e,2026-07-31,Big Head Todd and the Monsters (Rescheduled from 1/27/26),2026-09-17 23:30:00,music,48.98,23,Thursday,0,6,2,1,10,6.666666666666667,1.0,1.0,8.0,-2.0,-25.0,Murat Theatre,Indianapolis,IN,indianapolis,America/New_York,39.7745,-86.1506,US,,,0
68c8908586ac1368c768250e,2026-08-02,Big Head Todd and the Monsters (Rescheduled from 1/27/26),2026-09-17 23:30:00,music,46.98,23,Thursday,0,7,3,1,10,6.285714285714286,1.0,1.0,6.0,1.0,16.666666666666664,Murat Theatre,Indianapolis,IN,indianapolis,America/New_York,39.7745,-86.1506,US,,,1
68c8908586ac1368c768250e,2026-08-04,Big Head Todd and the Monsters (Rescheduled from 1/27/26),2026-09-17 23:30:00,music,44.98,23,Thursday,0,5,4,2,4,4.0,1.0,1.0,7.0,-2.0,-28.57142857142857,Murat Theatre,Indianapolis,IN,indianapolis,America/New_York,39.7745,-86.1506,US,,,1
68c8908586ac1368c768250e,2026-08-05,Big Head Todd and the Monsters (Rescheduled from 1/27/26),2026-09-17 23:30:00,music,43.98,23,Thursday,0,1,1,1,2,2.0,1.0,0.0,5.0,-4.0,-80.0,Murat Theatre,Indianapolis,IN,indianapolis,America/New_York,39.7745,-86.1506,US,,,0
68c8908586ac1368c768250e,2026-08-07,Big Head Todd and the Monsters (Rescheduled from 1/27/26),2026-09-17 23:30:00,music,41.98,23,Thursday,0,1,1,1,6,6.0,1.0,1.0,1.0,0.0,0.0,Murat Theatre,Indianapolis,IN,indianapolis,America/New_York,39.7745,-86.1506,US,,,0
68c8908586ac1368c768250e,2026-08-08,Big Head Todd and the Monsters (Rescheduled from 1/27/26),2026-09-17 23:30:00,music,40.98,23,Thursday,0,5,4,2,6,4.4,1.0,1.0,1.0,4.0,400.0,Murat Theatre,Indianapolis,IN,indianapolis,America/New_York,39.7745,-86.1506,US,,,0
68ca013caffe6ceeaddb7c62,2026-07-15,Grand Funk Railroad (Rescheduled from 2/6),2026-08-29 01:00:00,music,45.04,1,Saturday,1,12,6,1,10,5.5,0.8333333333333334,0.9166666666666666,,,,,,,,,,,,,,1
68ca013caffe6ceeaddb7c62,2026-07-17,Grand Funk Railroad (Rescheduled from 2/6),2026-08-29 01:00:00,music,43.04,1,Saturday,1,3,1,1,6,5.333333333333333,0.6666666666666666,1.0,12.0,-9.0,-75.0,,,,,,,,,,,0
68ca013caffe6ceeaddb7c62,2026-07-18,Grand Funk Railroad (Rescheduled from 2/6),2026-08-29 01:00:00,music,42.04,1,Saturday,1,3,2,1,6,5.333333333333333,0.6666666666666666,1.0,3.0,0.0,0.0,,,,,,,,,,,1
68ca013caffe6ceeaddb7c62,2026-07-20,Grand Funk Railroad (Rescheduled from 2/6),2026-08-29 01:00:00,music,40.04,1,Saturday,1,2,1,1,6,6.0,1.0,1.0,3.0,-1.0,-33.33333333333333,,,,,,,,,,,1
68ca013caffe6ceeaddb7c62,2026-07-22,Grand Funk Railroad (Rescheduled from 2/6),2026-08-29 01:00:00,music,38.04,1,Saturday,1,1,1,1,2,2.0,1.0,1.0,2.0,-1.0,-50.0,,,,,,,,,,,0
68ca013caffe6ceeaddb7c62,2026-07-23,Grand Funk Railroad (Rescheduled from 2/6),2026-08-29 01:00:00,music,37.04,1,Saturday,1,2,2,1,7,6.5,1.0,1.0,1.0,1.0,100.0,,,,,,,,,,,0
68ca013caffe6ceeaddb7c62,2026-07-31,Grand Funk Railroad (Rescheduled from 2/6),2026-08-29 01:00:00,music,29.04,1,Saturday,1,2,2,1,6,4.0,0.5,1.0,2.0,0.0,0.0,,,,,,,,,,,0
68ca013caffe6ceeaddb7c62,2026-08-02,Grand Funk Railroad (Rescheduled from 2/6),2026-08-29 01:00:00,music,27.04,1,Saturday,1,5,3,1,4,2.8,1.0,0.0,2.0,3.0,150.0,,,,,,,,,,,0
68ca013caffe6ceeaddb7c62,2026-08-03,Grand Funk Railroad (Rescheduled from 2/6),2026-08-29 01:00:00,music,26.04,1,Saturday,1,5,3,1,5,4.2,0.8,0.6,5.0,0.0,0.0,,,,,,,,,,,1
68ca013caffe6ceeaddb7c62,2026-08-04,Grand Funk Railroad (Rescheduled from 2/6),2026-08-29 01:00:00,music,25.04,1,Saturday,1,1,1,1,4,4.0,1.0,0.0,5.0,-4.0,-80.0,,,,,,,,,,,0
68ca013caffe6ceeaddb7c62,2026-08-06,Grand Funk Railroad (Rescheduled from 2/6),2026-08-29 01:00:00,music,23.04,1,Saturday,1,3,2,1,8,4.666666666666667,1.0,0.3333333333333333,1.0,2.0,200.0,,,,,,,,,,,0
68ca013caffe6ceeaddb7c62,2026-08-08,Grand Funk Railroad (Rescheduled from 2/6),2026-08-29 01:00:00,music,21.04,1,Saturday,1,3,3,1,5,3.0,1.0,1.0,3.0,0.0,0.0,,,,,,,,,,,1
68ca013caffe6ceeaddb7c62,2026-08-10,Grand Funk Railroad (Rescheduled from 2/6),2026-08-29 01:00:00,music,19.04,1,Saturday,1,1,1,1,4,4.0,1.0,0.0,3.0,-2.0,-66.66666666666666,,,,,,,,,,,0
68ca013caffe6ceeaddb7c62,2026-08-11,Grand Funk Railroad (Rescheduled from 2/6),2026-08-29 01:00:00,music,18.04,1,Saturday,1,4,4,1,5,2.75,1.0,0.75,1.0,3.0,300.0,,,,,,,,,,,1
68cc6a08f3e962593d7b575a,2026-07-15,David Foster and Katharine McPhee (Rescheduled from 2/4),2026-09-30 00:00:00,music,77.0,0,Wednesday,0,2,2,2,4,3.0,1.0,0.5,,,,,,,,,,,,,,1
68cc6a08f3e962593d7b575a,2026-08-06,David Foster and Katharine McPhee (Rescheduled from 2/4),2026-09-30 00:00:00,music,55.0,0,Wednesday,0,1,1,1,4,4.0,1.0,0.0,2.0,-1.0,-50.0,,,,,,,,,,,0
68cc707715c05ec77790629b,2026-07-15,David Foster (Rescheduled from 1/31),2026-09-25 23:00:00,music,72.96,23,Friday,0,2,2,1,8,6.0,1.0,1.0,,,,Palace Theater - Waterbury,Waterbury,CT,hartford,America/New_York,41.5552,-73.0393,US,,,0
68cc707715c05ec77790629b,2026-08-08,David Foster (Rescheduled from 1/31),2026-09-25 23:00:00,music,48.96,23,Friday,0,8,7,2,2,2.0,1.0,1.0,2.0,6.0,300.0,Palace Theater - Waterbury,Waterbury,CT,hartford,America/New_York,41.5552,-73.0393,US,,,1
68cc89e20ad62c9e0b0fbaf3,2026-07-15,David Foster and Katharine McPhee (Rescheduled from 2/7),2026-10-02 00:00:00,music,79.0,0,Friday,0,6,3,1,4,3.0,1.0,0.8333333333333334,,,,,,,,,,,,,,1
68cc89e20ad62c9e0b0fbaf3,2026-07-18,David Foster and Katharine McPhee (Rescheduled from 2/7),2026-10-02 00:00:00,music,76.0,0,Friday,0,3,3,1,4,4.0,1.0,1.0,6.0,-3.0,-50.0,,,,,,,,,,,0
68cc89e20ad62c9e0b0fbaf3,2026-07-19,David Foster and Katharine McPhee (Rescheduled from 2/7),2026-10-02 00:00:00,music,75.0,0,Friday,0,7,4,2,4,2.857142857142857,0.8571428571428571,1.0,3.0,4.0,133.33333333333331,,,,,,,,,,,1
68cc89e20ad62c9e0b0fbaf3,2026-07-20,David Foster and Katharine McPhee (Rescheduled from 2/7),2026-10-02 00:00:00,music,74.0,0,Friday,0,3,3,1,4,4.0,1.0,1.0,7.0,-4.0,-57.14285714285714,,,,,,,,,,,1
68cc89e20ad62c9e0b0fbaf3,2026-07-22,David Foster and Katharine McPhee (Rescheduled from 2/7),2026-10-02 00:00:00,music,72.0,0,Friday,0,1,1,1,4,4.0,1.0,1.0,3.0,-2.0,-66.66666666666666,,,,,,,,,,,0
68cc89e20ad62c9e0b0fbaf3,2026-07-24,David Foster and Katharine McPhee (Rescheduled from 2/7),2026-10-02 00:00:00,music,70.0,0,Friday,0,1,1,1,2,2.0,1.0,1.0,1.0,0.0,0.0,,,,,,,,,,,0
68cc89e20ad62c9e0b0fbaf3,2026-07-31,David Foster and Katharine McPhee (Rescheduled from 2/7),2026-10-02 00:00:00,music,63.0,0,Friday,0,4,4,2,4,3.0,1.0,1.0,1.0,3.0,300.0,,,,,,,,,,,0
68cc89e20ad62c9e0b0fbaf3,2026-08-02,David Foster and Katharine McPhee (Rescheduled from 2/7),2026-10-02 00:00:00,music,61.0,0,Friday,0,5,3,1,4,2.8,1.0,1.0,4.0,1.0,25.0,,,,,,,,,,,1
68cc89e20ad62c9e0b0fbaf3,2026-08-03,David Foster and Katharine McPhee (Rescheduled from 2/7),2026-10-02 00:00:00,music,60.0,0,Friday,0,1,1,1,4,4.0,1.0,1.0,5.0,-4.0,-80.0,,,,,,,,,,,0
68cc89e20ad62c9e0b0fbaf3,2026-08-04,David Foster and Katharine McPhee (Rescheduled from 2/7),2026-10-02 00:00:00,music,59.0,0,Friday,0,3,3,2,4,4.0,1.0,1.0,1.0,2.0,200.0,,,,,,,,,,,0
68cc89e20ad62c9e0b0fbaf3,2026-08-05,David Foster and Katharine McPhee (Rescheduled from 2/7),2026-10-02 00:00:00,music,58.0,0,Friday,0,3,2,1,4,3.333333333333333,1.0,1.0,3.0,0.0,0.0,,,,,,,,,,,0
68cc89e20ad62c9e0b0fbaf3,2026-08-06,David Foster and Katharine McPhee (Rescheduled from 2/7),2026-10-02 00:00:00,music,57.0,0,Friday,0,4,4,1,4,4.0,1.0,1.0,3.0,1.0,33.33333333333333,,,,,,,,,,,1
68cc89e20ad62c9e0b0fbaf3,2026-08-07,David Foster and Katharine McPhee (Rescheduled from 2/7),2026-10-02 00:00:00,music,56.0,0,Friday,0,1,1,1,4,4.0,1.0,1.0,4.0,-3.0,-75.0,,,,,,,,,,,0
68cc89e20ad62c9e0b0fbaf3,2026-08-08,David Foster and Katharine McPhee (Rescheduled from 2/7),2026-10-02 00:00:00,music,55.0,0,Friday,0,2,2,1,4,4.0,1.0,1.0,1.0,1.0,100.0,,,,,,,,,,,1
68cc89e20ad62c9e0b0fbaf3,2026-08-10,David Foster and Katharine McPhee (Rescheduled from 2/7),2026-10-02 00:00:00,music,53.0,0,Friday,0,1,1,1,4,4.0,1.0,1.0,2.0,-1.0,-50.0,,,,,,,,,,,0
68cc89e20ad62c9e0b0fbaf3,2026-08-11,David Foster and Katharine McPhee (Rescheduled from 2/7),2026-10-02 00:00:00,music,52.0,0,Friday,0,2,2,1,4,4.0,1.0,1.0,1.0,1.0,100.0,,,,,,,,,,,0
68ce2cb2cb850397b9d2fe77,2026-07-15,Barry Manilow (Rescheduled from 4/29/26),2026-08-11 23:00:00,music,27.96,23,Tuesday,0,83,33,3,10,3.72289156626506,0.2650602409638554,0.8795180722891566,,,,Gas South Arena,Duluth,GA,atlanta,America/New_York,33.9915,-84.0906,US,,,1
68ce2cb2cb850397b9d2fe77,2026-07-17,Barry Manilow (Rescheduled from 4/29/26),2026-08-11 23:00:00,music,25.96,23,Tuesday,0,9,8,3,6,3.555555555555556,0.4444444444444444,0.8888888888888888,83.0,-74.0,-89.1566265060241,Gas South Arena,Duluth,GA,atlanta,America/New_York,33.9915,-84.0906,US,,,1
68ce2cb2cb850397b9d2fe77,2026-07-18,Barry Manilow (Rescheduled from 4/29/26),2026-08-11 23:00:00,music,24.96,23,Tuesday,0,6,6,3,8,4.166666666666667,0.1666666666666666,1.0,9.0,-3.0,-33.33333333333333,Gas South Arena,Duluth,GA,atlanta,America/New_York,33.9915,-84.0906,US,,,0
68ce2cb2cb850397b9d2fe77,2026-07-19,Barry Manilow (Rescheduled from 4/29/26),2026-08-11 23:00:00,music,23.96,23,Tuesday,0,11,7,3,8,3.1818181818181817,0.0909090909090909,0.9090909090909092,6.0,5.0,83.33333333333334,Gas South Arena,Duluth,GA,atlanta,America/New_York,33.9915,-84.0906,US,,,0
68ce2cb2cb850397b9d2fe77,2026-07-20,Barry Manilow (Rescheduled from 4/29/26),2026-08-11 23:00:00,music,22.96,23,Tuesday,0,12,9,1,5,2.583333333333333,0.25,0.8333333333333334,11.0,1.0,9.090909090909092,Gas South Arena,Duluth,GA,atlanta,America/New_York,33.9915,-84.0906,US,,,0
68ce2cb2cb850397b9d2fe77,2026-07-22,Barry Manilow (Rescheduled from 4/29/26),2026-08-11 23:00:00,music,20.96,23,Tuesday,0,28,15,2,12,3.892857142857143,0.0714285714285714,0.9285714285714286,12.0,16.0,133.33333333333331,Gas South Arena,Duluth,GA,atlanta,America/New_York,33.9915,-84.0906,US,,,1
68ce2cb2cb850397b9d2fe77,2026-07-23,Barry Manilow (Rescheduled from 4/29/26),2026-08-11 23:00:00,music,19.96,23,Tuesday,0,4,4,2,10,4.5,0.25,0.5,28.0,-24.0,-85.71428571428571,Gas South Arena,Duluth,GA,atlanta,America/New_York,33.9915,-84.0906,US,,,0
68ce2cb2cb850397b9d2fe77,2026-07-24,Barry Manilow (Rescheduled from 4/29/26),2026-08-11 23:00:00,music,18.96,23,Tuesday,0,10,8,2,8,2.9,0.0,0.9,4.0,6.0,150.0,Gas South Arena,Duluth,GA,atlanta,America/New_York,33.9915,-84.0906,US,,,0
68ce2cb2cb850397b9d2fe77,2026-07-31,Barry Manilow (Rescheduled from 4/29/26),2026-08-11 23:00:00,music,11.96,23,Tuesday,0,18,13,3,10,4.055555555555555,0.3333333333333333,1.0,10.0,8.0,80.0,Gas South Arena,Duluth,GA,atlanta,America/New_York,33.9915,-84.0906,US,,,0
68ce2cb2cb850397b9d2fe77,2026-08-02,Barry Manilow (Rescheduled from 4/29/26),2026-08-11 23:00:00,music,9.96,23,Tuesday,0,24,16,3,10,3.4166666666666665,0.25,0.8333333333333334,18.0,6.0,33.33333333333333,Gas South Arena,Duluth,GA,atlanta,America/New_York,33.9915,-84.0906,US,,,1
68ce2cb2cb850397b9d2fe77,2026-08-03,Barry Manilow (Rescheduled from 4/29/26),2026-08-11 23:00:00,music,8.96,23,Tuesday,0,16,11,3,11,4.3125,0.1875,0.9375,24.0,-8.0,-33.33333333333333,Gas South Arena,Duluth,GA,atlanta,America/New_York,33.9915,-84.0906,US,,,0
68ce2cb2cb850397b9d2fe77,2026-08-04,Barry Manilow (Rescheduled from 4/29/26),2026-08-11 23:00:00,music,7.96,23,Tuesday,0,48,25,3,12,4.0,0.2916666666666667,0.875,16.0,32.0,200.0,Gas South Arena,Duluth,GA,atlanta,America/New_York,33.9915,-84.0906,US,,,1
68ce2cb2cb850397b9d2fe77,2026-08-05,Barry Manilow (Rescheduled from 4/29/26),2026-08-11 23:00:00,music,6.96,23,Tuesday,0,32,20,3,6,2.65625,0.3125,0.53125,48.0,-16.0,-33.33333333333333,Gas South Arena,Duluth,GA,atlanta,America/New_York,33.9915,-84.0906,US,,,0
68ce2cb2cb850397b9d2fe77,2026-08-06,Barry Manilow (Rescheduled from 4/29/26),2026-08-11 23:00:00,music,5.96,23,Tuesday,0,26,13,3,12,3.730769230769231,0.1538461538461538,0.8076923076923077,32.0,-6.0,-18.75,Gas South Arena,Duluth,GA,atlanta,America/New_York,33.9915,-84.0906,US,,,0
68ce2cb2cb850397b9d2fe77,2026-08-07,Barry Manilow (Rescheduled from 4/29/26),2026-08-11 23:00:00,music,4.96,23,Tuesday,0,37,17,2,12,3.45945945945946,0.1081081081081081,0.7567567567567568,26.0,11.0,42.30769230769231,Gas South Arena,Duluth,GA,atlanta,America/New_York,33.9915,-84.0906,US,,,1
68ce2cb2cb850397b9d2fe77,2026-08-08,Barry Manilow (Rescheduled from 4/29/26),2026-08-11 23:00:00,music,3.96,23,Tuesday,0,23,17,3,8,3.4347826086956523,0.3478260869565217,0.7391304347826086,37.0,-14.0,-37.83783783783784,Gas South Arena,Duluth,GA,atlanta,America/New_York,33.9915,-84.0906,US,,,0
68ce2cb2cb850397b9d2fe77,2026-08-10,Barry Manilow (Rescheduled from 4/29/26),2026-08-11 23:00:00,music,1.96,23,Tuesday,0,35,20,3,12,4.371428571428571,0.2285714285714285,0.6571428571428571,23.0,12.0,52.17391304347826,Gas South Arena,Duluth,GA,atlanta,America/New_York,33.9915,-84.0906,US,,,0
68ce2e557ffced877fc2f762,2026-07-15,"Barry Manilow (Rescheduled from 1/18, 3/6)",2026-08-02 23:00:00,music,18.96,23,Sunday,1,64,29,3,8,4.546875,0.390625,0.890625,,,,,,,,,,,,,,1
68ce2e557ffced877fc2f762,2026-07-17,"Barry Manilow (Rescheduled from 1/18, 3/6)",2026-08-02 23:00:00,music,16.96,23,Sunday,1,24,16,3,8,6.125,0.375,0.9583333333333334,64.0,-40.0,-62.5,,,,,,,,,,,0
68ce2e557ffced877fc2f762,2026-07-18,"Barry Manilow (Rescheduled from 1/18, 3/6)",2026-08-02 23:00:00,music,15.96,23,Sunday,1,23,15,3,8,4.3478260869565215,0.391304347826087,0.9130434782608696,24.0,-1.0,-4.166666666666666,,,,,,,,,,,1
68ce2e557ffced877fc2f762,2026-07-19,"Barry Manilow (Rescheduled from 1/18, 3/6)",2026-08-02 23:00:00,music,14.96,23,Sunday,1,7,5,3,6,3.4285714285714284,0.2857142857142857,0.8571428571428571,23.0,-16.0,-69.56521739130434,,,,,,,,,,,0
68ce2e557ffced877fc2f762,2026-07-20,"Barry Manilow (Rescheduled from 1/18, 3/6)",2026-08-02 23:00:00,music,13.96,23,Sunday,1,6,5,2,4,2.333333333333333,0.6666666666666666,0.3333333333333333,7.0,-1.0,-14.285714285714285,,,,,,,,,,,0
68ce2e557ffced877fc2f762,2026-07-22,"Barry Manilow (Rescheduled from 1/18, 3/6)",2026-08-02 23:00:00,music,11.96,23,Sunday,1,31,21,4,9,5.129032258064516,0.3225806451612903,0.7741935483870968,6.0,25.0,416.6666666666667,,,,,,,,,,,1
68ce2e557ffced877fc2f762,2026-07-23,"Barry Manilow (Rescheduled from 1/18, 3/6)",2026-08-02 23:00:00,music,10.96,23,Sunday,1,5,5,3,4,2.8,0.4,1.0,31.0,-26.0,-83.87096774193549,,,,,,,,,,,0
68ce2e557ffced877fc2f762,2026-07-24,"Barry Manilow (Rescheduled from 1/18, 3/6)",2026-08-02 23:00:00,music,9.96,23,Sunday,1,16,12,4,8,4.0,0.25,0.6875,5.0,11.0,220.00000000000003,,,,,,,,,,,0
68ce2e557ffced877fc2f762,2026-07-31,"Barry Manilow (Rescheduled from 1/18, 3/6)",2026-08-02 23:00:00,music,2.96,23,Sunday,1,44,28,4,8,4.5,0.2954545454545454,0.8181818181818182,16.0,28.0,175.0,,,,,,,,,,,0
68ce339d302bab3cec86b38d,2026-07-15,Barry Manilow (Rescheduled from 4/24/26),2026-08-10 23:00:00,music,26.96,23,Monday,0,116,35,3,10,5.862068965517241,0.1293103448275862,0.9913793103448276,,,,,,,,,,,,,,1
68ce339d302bab3cec86b38d,2026-07-17,Barry Manilow (Rescheduled from 4/24/26),2026-08-10 23:00:00,music,24.96,23,Monday,0,12,10,3,10,6.416666666666667,0.1666666666666666,0.9166666666666666,116.0,-104.0,-89.65517241379311,,,,,,,,,,,1
68ce339d302bab3cec86b38d,2026-07-18,Barry Manilow (Rescheduled from 4/24/26),2026-08-10 23:00:00,music,23.96,23,Monday,0,6,5,3,10,4.833333333333333,0.0,0.8333333333333334,12.0,-6.0,-50.0,,,,,,,,,,,0
68ce339d302bab3cec86b38d,2026-07-19,Barry Manilow (Rescheduled from 4/24/26),2026-08-10 23:00:00,music,22.96,23,Monday,0,14,11,3,10,6.714285714285714,0.1428571428571428,0.9285714285714286,6.0,8.0,133.33333333333331,,,,,,,,,,,0
68ce339d302bab3cec86b38d,2026-07-20,Barry Manilow (Rescheduled from 4/24/26),2026-08-10 23:00:00,music,21.96,23,Monday,0,34,23,3,12,8.558823529411764,0.1176470588235294,0.9411764705882352,14.0,20.0,142.85714285714286,,,,,,,,,,,0
68ce339d302bab3cec86b38d,2026-07-22,Barry Manilow (Rescheduled from 4/24/26),2026-08-10 23:00:00,music,19.96,23,Monday,0,48,23,3,10,5.666666666666667,0.0,0.9791666666666666,34.0,14.0,41.17647058823529,,,,,,,,,,,1
68ce339d302bab3cec86b38d,2026-07-23,Barry Manilow (Rescheduled from 4/24/26),2026-08-10 23:00:00,music,18.96,23,Monday,0,29,18,3,10,4.758620689655173,0.0689655172413793,0.9655172413793104,48.0,-19.0,-39.58333333333333,,,,,,,,,,,1
68ce339d302bab3cec86b38d,2026-07-24,Barry Manilow (Rescheduled from 4/24/26),2026-08-10 23:00:00,music,17.96,23,Monday,0,8,4,2,8,4.125,0.0,1.0,29.0,-21.0,-72.41379310344827,,,,,,,,,,,0
68ce339d302bab3cec86b38d,2026-07-31,Barry Manilow (Rescheduled from 4/24/26),2026-08-10 23:00:00,music,10.96,23,Monday,0,91,32,3,12,5.8901098901098905,0.1318681318681318,0.989010989010989,8.0,83.0,1037.5,,,,,,,,,,,1
68ce339d302bab3cec86b38d,2026-08-02,Barry Manilow (Rescheduled from 4/24/26),2026-08-10 23:00:00,music,8.96,23,Monday,0,44,24,3,10,6.159090909090909,0.0681818181818181,0.9318181818181818,91.0,-47.0,-51.64835164835166,,,,,,,,,,,0
68ce339d302bab3cec86b38d,2026-08-03,Barry Manilow (Rescheduled from 4/24/26),2026-08-10 23:00:00,music,7.96,23,Monday,0,55,31,3,12,5.581818181818182,0.2363636363636363,0.9818181818181818,44.0,11.0,25.0,,,,,,,,,,,1
68ce339d302bab3cec86b38d,2026-08-04,Barry Manilow (Rescheduled from 4/24/26),2026-08-10 23:00:00,music,6.96,23,Monday,0,23,15,3,12,6.043478260869565,0.0869565217391304,0.9565217391304348,55.0,-32.0,-58.18181818181818,,,,,,,,,,,0
68ce339d302bab3cec86b38d,2026-08-05,Barry Manilow (Rescheduled from 4/24/26),2026-08-10 23:00:00,music,5.96,23,Monday,0,53,30,3,12,5.452830188679245,0.1509433962264151,0.9622641509433962,23.0,30.0,130.43478260869566,,,,,,,,,,,0
68ce339d302bab3cec86b38d,2026-08-06,Barry Manilow (Rescheduled from 4/24/26),2026-08-10 23:00:00,music,4.96,23,Monday,0,57,28,3,10,5.7368421052631575,0.1578947368421052,0.9649122807017544,53.0,4.0,7.547169811320755,,,,,,,,,,,1
68ce339d302bab3cec86b38d,2026-08-07,Barry Manilow (Rescheduled from 4/24/26),2026-08-10 23:00:00,music,3.96,23,Monday,0,35,26,3,9,5.057142857142857,0.2285714285714285,0.8857142857142857,57.0,-22.0,-38.59649122807017,,,,,,,,,,,0
68ce339d302bab3cec86b38d,2026-08-08,Barry Manilow (Rescheduled from 4/24/26),2026-08-10 23:00:00,music,2.96,23,Monday,0,33,24,3,9,4.818181818181818,0.1818181818181818,0.8787878787878788,35.0,-2.0,-5.714285714285714,,,,,,,,,,,0
68ce33eb7965bba4350a1d4c,2026-07-15,Barry Manilow (Rescheduled from 3/11/26),2026-07-30 23:00:00,music,15.96,23,Thursday,0,82,39,4,10,3.573170731707317,0.2439024390243902,0.8048780487804879,,,,North Charleston Coliseum,North Charleston,SC,charlotte,America/New_York,32.8669,-80.0213,US,,,1
68ce33eb7965bba4350a1d4c,2026-07-17,Barry Manilow (Rescheduled from 3/11/26),2026-07-30 23:00:00,music,13.96,23,Thursday,0,30,23,4,8,4.533333333333333,0.2,0.9,82.0,-52.0,-63.41463414634146,North Charleston Coliseum,North Charleston,SC,charlotte,America/New_York,32.8669,-80.0213,US,,,0
68ce33eb7965bba4350a1d4c,2026-07-18,Barry Manilow (Rescheduled from 3/11/26),2026-07-30 23:00:00,music,12.96,23,Thursday,0,26,20,3,10,3.807692307692308,0.1538461538461538,0.9615384615384616,30.0,-4.0,-13.333333333333334,North Charleston Coliseum,North Charleston,SC,charlotte,America/New_York,32.8669,-80.0213,US,,,1
68ce33eb7965bba4350a1d4c,2026-07-19,Barry Manilow (Rescheduled from 3/11/26),2026-07-30 23:00:00,music,11.96,23,Thursday,0,10,9,3,3,2.3,0.3,0.6,26.0,-16.0,-61.53846153846154,North Charleston Coliseum,North Charleston,SC,charlotte,America/New_York,32.8669,-80.0213,US,,,0
68ce33eb7965bba4350a1d4c,2026-07-20,Barry Manilow (Rescheduled from 3/11/26),2026-07-30 23:00:00,music,10.96,23,Thursday,0,10,8,3,4,2.4,0.2,0.6,10.0,0.0,0.0,North Charleston Coliseum,North Charleston,SC,charlotte,America/New_York,32.8669,-80.0213,US,,,0
68ce33eb7965bba4350a1d4c,2026-07-22,Barry Manilow (Rescheduled from 3/11/26),2026-07-30 23:00:00,music,8.96,23,Thursday,0,33,27,3,8,3.636363636363636,0.2727272727272727,0.8484848484848485,10.0,23.0,230.0,North Charleston Coliseum,North Charleston,SC,charlotte,America/New_York,32.8669,-80.0213,US,,,0
68ce33eb7965bba4350a1d4c,2026-07-23,Barry Manilow (Rescheduled from 3/11/26),2026-07-30 23:00:00,music,7.96,23,Thursday,0,33,24,3,8,4.03030303030303,0.2424242424242424,0.8181818181818182,33.0,0.0,0.0,North Charleston Coliseum,North Charleston,SC,charlotte,America/New_York,32.8669,-80.0213,US,,,1
68ce343508eeb31bf53024c2,2026-07-15,Barry Manilow (Rescheduled from 4/27/26),2026-08-13 23:00:00,music,29.96,23,Thursday,0,101,38,3,10,5.752475247524752,0.2277227722772277,0.9405940594059404,,,,,,,,,,,,,,1
68ce343508eeb31bf53024c2,2026-07-17,Barry Manilow (Rescheduled from 4/27/26),2026-08-13 23:00:00,music,27.96,23,Thursday,0,22,15,3,10,5.863636363636363,0.0909090909090909,1.0,101.0,-79.0,-78.21782178217822,,,,,,,,,,,1
68ce343508eeb31bf53024c2,2026-07-18,Barry Manilow (Rescheduled from 4/27/26),2026-08-13 23:00:00,music,26.96,23,Thursday,0,6,5,2,8,3.6666666666666665,0.1666666666666666,1.0,22.0,-16.0,-72.72727272727273,,,,,,,,,,,0
68ce343508eeb31bf53024c2,2026-07-19,Barry Manilow (Rescheduled from 4/27/26),2026-08-13 23:00:00,music,25.96,23,Thursday,0,15,11,3,10,7.466666666666667,0.2,1.0,6.0,9.0,150.0,,,,,,,,,,,0
68ce343508eeb31bf53024c2,2026-07-20,Barry Manilow (Rescheduled from 4/27/26),2026-08-13 23:00:00,music,24.96,23,Thursday,0,29,20,3,12,7.551724137931035,0.2068965517241379,0.9655172413793104,15.0,14.0,93.33333333333331,,,,,,,,,,,0
68ce343508eeb31bf53024c2,2026-07-22,Barry Manilow (Rescheduled from 4/27/26),2026-08-13 23:00:00,music,22.96,23,Thursday,0,38,28,3,10,6.026315789473684,0.0789473684210526,0.9736842105263158,29.0,9.0,31.03448275862069,,,,,,,,,,,0
68ce343508eeb31bf53024c2,2026-07-23,Barry Manilow (Rescheduled from 4/27/26),2026-08-13 23:00:00,music,21.96,23,Thursday,0,38,25,3,10,6.5,0.0789473684210526,0.9736842105263158,38.0,0.0,0.0,,,,,,,,,,,0
68ce343508eeb31bf53024c2,2026-07-24,Barry Manilow (Rescheduled from 4/27/26),2026-08-13 23:00:00,music,20.96,23,Thursday,0,50,30,3,12,5.86,0.22,0.98,38.0,12.0,31.57894736842105,,,,,,,,,,,0
68ce343508eeb31bf53024c2,2026-07-31,Barry Manilow (Rescheduled from 4/27/26),2026-08-13 23:00:00,music,13.96,23,Thursday,0,54,22,2,12,5.981481481481482,0.1296296296296296,0.9814814814814816,50.0,4.0,8.0,,,,,,,,,,,1
68ce343508eeb31bf53024c2,2026-08-02,Barry Manilow (Rescheduled from 4/27/26),2026-08-13 23:00:00,music,11.96,23,Thursday,0,38,17,2,10,5.815789473684211,0.0789473684210526,0.9736842105263158,54.0,-16.0,-29.629629629629623,,,,,,,,,,,1
68ce343508eeb31bf53024c2,2026-08-03,Barry Manilow (Rescheduled from 4/27/26),2026-08-13 23:00:00,music,10.96,23,Thursday,0,12,11,3,10,5.416666666666667,0.1666666666666666,0.8333333333333334,38.0,-26.0,-68.42105263157895,,,,,,,,,,,0
68ce343508eeb31bf53024c2,2026-08-04,Barry Manilow (Rescheduled from 4/27/26),2026-08-13 23:00:00,music,9.96,23,Thursday,0,45,24,3,12,4.022222222222222,0.3555555555555555,0.8888888888888888,12.0,33.0,275.0,,,,,,,,,,,0
68ce343508eeb31bf53024c2,2026-08-05,Barry Manilow (Rescheduled from 4/27/26),2026-08-13 23:00:00,music,8.96,23,Thursday,0,39,21,2,10,5.230769230769231,0.282051282051282,0.9230769230769232,45.0,-6.0,-13.333333333333334,,,,,,,,,,,1
68ce343508eeb31bf53024c2,2026-08-06,Barry Manilow (Rescheduled from 4/27/26),2026-08-13 23:00:00,music,7.96,23,Thursday,0,12,11,3,4,2.833333333333333,0.3333333333333333,0.8333333333333334,39.0,-27.0,-69.23076923076923,,,,,,,,,,,0
68ce343508eeb31bf53024c2,2026-08-07,Barry Manilow (Rescheduled from 4/27/26),2026-08-13 23:00:00,music,6.96,23,Thursday,0,41,22,3,9,4.365853658536586,0.3414634146341463,0.902439024390244,12.0,29.0,241.66666666666663,,,,,,,,,,,1
68ce343508eeb31bf53024c2,2026-08-08,Barry Manilow (Rescheduled from 4/27/26),2026-08-13 23:00:00,music,5.96,23,Thursday,0,23,19,3,8,3.8260869565217392,0.391304347826087,0.782608695652174,41.0,-18.0,-43.90243902439025,,,,,,,,,,,0
68ce343508eeb31bf53024c2,2026-08-10,Barry Manilow (Rescheduled from 4/27/26),2026-08-13 23:00:00,music,3.96,23,Thursday,0,43,22,3,12,4.325581395348837,0.3255813953488372,0.8837209302325582,23.0,20.0,86.95652173913044,,,,,,,,,,,1
68ce343508eeb31bf53024c2,2026-08-11,Barry Manilow (Rescheduled from 4/27/26),2026-08-13 23:00:00,music,2.96,23,Thursday,0,31,20,2,8,3.935483870967742,0.1935483870967742,0.7741935483870968,43.0,-12.0,-27.906976744186046,,,,,,,,,,,0
68ce343508eeb31bf53024c2,2026-08-12,Barry Manilow (Rescheduled from 4/27/26),2026-08-13 23:00:00,music,1.96,23,Thursday,0,29,18,2,8,3.5172413793103448,0.2413793103448276,0.9310344827586208,31.0,-2.0,-6.451612903225806,,,,,,,,,,,0
68df6f5100fe30f26b53dcbe,2026-07-17,"Moein (Rescheduled from 2/14/26, 6/6/26) (Postponed - Date TBD)",2026-09-27 00:00:00,music,72.0,0,Sunday,1,3,3,2,5,5.0,0.6666666666666666,1.0,,,,,,,,,,,,,,1
68df6f5100fe30f26b53dcbe,2026-07-19,"Moein (Rescheduled from 2/14/26, 6/6/26) (Postponed - Date TBD)",2026-09-27 00:00:00,music,70.0,0,Sunday,1,2,2,2,5,3.5,1.0,1.0,3.0,-1.0,-33.33333333333333,,,,,,,,,,,0
68df6f5100fe30f26b53dcbe,2026-07-20,"Moein (Rescheduled from 2/14/26, 6/6/26) (Postponed - Date TBD)",2026-09-27 00:00:00,music,69.0,0,Sunday,1,3,3,1,4,3.0,1.0,1.0,2.0,1.0,50.0,,,,,,,,,,,0
68df6f5100fe30f26b53dcbe,2026-07-22,"Moein (Rescheduled from 2/14/26, 6/6/26) (Postponed - Date TBD)",2026-09-27 00:00:00,music,67.0,0,Sunday,1,4,4,2,6,3.0,1.0,0.75,3.0,1.0,33.33333333333333,,,,,,,,,,,1
68df6f5100fe30f26b53dcbe,2026-07-23,"Moein (Rescheduled from 2/14/26, 6/6/26) (Postponed - Date TBD)",2026-09-27 00:00:00,music,66.0,0,Sunday,1,3,3,1,6,4.0,1.0,1.0,4.0,-1.0,-25.0,,,,,,,,,,,0
68df6f5100fe30f26b53dcbe,2026-07-24,"Moein (Rescheduled from 2/14/26, 6/6/26) (Postponed - Date TBD)",2026-09-27 00:00:00,music,65.0,0,Sunday,1,3,3,2,6,3.333333333333333,1.0,1.0,3.0,0.0,0.0,,,,,,,,,,,0
68df6f5100fe30f26b53dcbe,2026-07-31,"Moein (Rescheduled from 2/14/26, 6/6/26) (Postponed - Date TBD)",2026-09-27 00:00:00,music,58.0,0,Sunday,1,6,6,3,8,4.166666666666667,1.0,0.8333333333333334,3.0,3.0,100.0,,,,,,,,,,,1
68df6f5100fe30f26b53dcbe,2026-08-02,"Moein (Rescheduled from 2/14/26, 6/6/26) (Postponed - Date TBD)",2026-09-27 00:00:00,music,56.0,0,Sunday,1,3,2,1,6,4.0,0.3333333333333333,1.0,6.0,-3.0,-50.0,,,,,,,,,,,0
68df6f5100fe30f26b53dcbe,2026-08-03,"Moein (Rescheduled from 2/14/26, 6/6/26) (Postponed - Date TBD)",2026-09-27 00:00:00,music,55.0,0,Sunday,1,3,3,2,4,2.6666666666666665,0.6666666666666666,1.0,3.0,0.0,0.0,,,,,,,,,,,0
68df6f5100fe30f26b53dcbe,2026-08-04,"Moein (Rescheduled from 2/14/26, 6/6/26) (Postponed - Date TBD)",2026-09-27 00:00:00,music,54.0,0,Sunday,1,5,4,2,8,4.8,0.8,1.0,3.0,2.0,66.66666666666666,,,,,,,,,,,1
68df6f5100fe30f26b53dcbe,2026-08-05,"Moein (Rescheduled from 2/14/26, 6/6/26) (Postponed - Date TBD)",2026-09-27 00:00:00,music,53.0,0,Sunday,1,3,2,1,4,3.0,1.0,0.6666666666666666,5.0,-2.0,-40.0,,,,,,,,,,,0
68df6f5100fe30f26b53dcbe,2026-08-06,"Moein (Rescheduled from 2/14/26, 6/6/26) (Postponed - Date TBD)",2026-09-27 00:00:00,music,52.0,0,Sunday,1,8,6,2,8,3.875,0.875,0.875,3.0,5.0,166.66666666666669,,,,,,,,,,,1
68df6f5100fe30f26b53dcbe,2026-08-07,"Moein (Rescheduled from 2/14/26, 6/6/26) (Postponed - Date TBD)",2026-09-27 00:00:00,music,51.0,0,Sunday,1,4,4,2,5,3.25,1.0,1.0,8.0,-4.0,-50.0,,,,,,,,,,,1
68df6f5100fe30f26b53dcbe,2026-08-08,"Moein (Rescheduled from 2/14/26, 6/6/26) (Postponed - Date TBD)",2026-09-27 00:00:00,music,50.0,0,Sunday,1,2,2,1,2,2.0,1.0,1.0,4.0,-2.0,-50.0,,,,,,,,,,,1
68df6f5100fe30f26b53dcbe,2026-08-10,"Moein (Rescheduled from 2/14/26, 6/6/26) (Postponed - Date TBD)",2026-09-27 00:00:00,music,48.0,0,Sunday,1,1,1,1,4,4.0,1.0,1.0,2.0,-1.0,-50.0,,,,,,,,,,,0
68df6f5100fe30f26b53dcbe,2026-08-11,"Moein (Rescheduled from 2/14/26, 6/6/26) (Postponed - Date TBD)",2026-09-27 00:00:00,music,47.0,0,Sunday,1,4,4,2,8,4.75,1.0,1.0,1.0,3.0,300.0,,,,,,,,,,,1
68df6f5100fe30f26b53dcbe,2026-08-12,"Moein (Rescheduled from 2/14/26, 6/6/26) (Postponed - Date TBD)",2026-09-27 00:00:00,music,46.0,0,Sunday,1,3,3,2,3,2.333333333333333,1.0,1.0,4.0,-1.0,-25.0,,,,,,,,,,,0
68e47ffea8ae775eb2fa197d,2026-07-22,Clipping (Rescheduled from 2/12/26),2026-08-04 03:00:00,music,13.12,3,Tuesday,0,2,2,0,4,3.0,0.0,1.0,,,,Constellation Room,Santa Ana,CA,losangeles,America/Los_Angeles,33.7456,-117.867,US,,,0
68e47ffea8ae775eb2fa197d,2026-07-24,Clipping (Rescheduled from 2/12/26),2026-08-04 03:00:00,music,11.12,3,Tuesday,0,2,2,0,2,2.0,0.0,0.5,2.0,0.0,0.0,Constellation Room,Santa Ana,CA,losangeles,America/Los_Angeles,33.7456,-117.867,US,,,0
68e47ffea8ae775eb2fa197d,2026-07-31,Clipping (Rescheduled from 2/12/26),2026-08-04 03:00:00,music,4.12,3,Tuesday,0,5,3,0,2,2.0,0.0,0.8,2.0,3.0,150.0,Constellation Room,Santa Ana,CA,losangeles,America/Los_Angeles,33.7456,-117.867,US,,,0
68e5967fa8ae775eb2fa7d33,2026-07-17,Jonah Kagen (Rescheduled from 3/25),2026-08-27 01:30:00,music,41.06,1,Thursday,0,1,1,0,8,8.0,1.0,1.0,,,,,,,,,,,,,,0
68e5967fa8ae775eb2fa7d33,2026-07-22,Jonah Kagen (Rescheduled from 3/25),2026-08-27 01:30:00,music,36.06,1,Thursday,0,1,1,0,8,8.0,1.0,1.0,1.0,0.0,0.0,,,,,,,,,,,0
68ef26324b8cf1f55d1468ce,2026-07-15,"Drowning Pool (Rescheduled from 12/4/25, 4/17/25)",2026-10-10 00:00:00,music,87.0,0,Saturday,1,1,1,1,4,4.0,1.0,1.0,,,,,,,,,,,,,,0
68ef26324b8cf1f55d1468ce,2026-07-31,"Drowning Pool (Rescheduled from 12/4/25, 4/17/25)",2026-10-10 00:00:00,music,71.0,0,Saturday,1,1,1,1,8,8.0,1.0,1.0,1.0,0.0,0.0,,,,,,,,,,,0
68f69abba1df084bdd675179,2026-07-17,Los Angeles Azules (Rescheduled from 2/13),2026-08-23 01:00:00,music,37.04,1,Sunday,1,11,10,3,10,5.0,0.1818181818181818,0.9090909090909092,,,,,,,,,,,,,,1
68f69abba1df084bdd675179,2026-07-18,Los Angeles Azules (Rescheduled from 2/13),2026-08-23 01:00:00,music,36.04,1,Sunday,1,4,3,2,8,5.25,0.0,1.0,11.0,-7.0,-63.63636363636363,,,,,,,,,,,0
68f69abba1df084bdd675179,2026-07-19,Los Angeles Azules (Rescheduled from 2/13),2026-08-23 01:00:00,music,35.04,1,Sunday,1,6,4,2,6,3.5,0.1666666666666666,1.0,4.0,2.0,50.0,,,,,,,,,,,0
68f69abba1df084bdd675179,2026-07-20,Los Angeles Azules (Rescheduled from 2/13),2026-08-23 01:00:00,music,34.04,1,Sunday,1,7,5,2,8,3.7142857142857135,0.2857142857142857,0.8571428571428571,6.0,1.0,16.666666666666664,,,,,,,,,,,0
68f69abba1df084bdd675179,2026-07-22,Los Angeles Azules (Rescheduled from 2/13),2026-08-23 01:00:00,music,32.04,1,Sunday,1,32,19,3,10,4.9375,0.03125,1.0,7.0,25.0,357.1428571428572,,,,,,,,,,,1
68f69abba1df084bdd675179,2026-07-23,Los Angeles Azules (Rescheduled from 2/13),2026-08-23 01:00:00,music,31.04,1,Sunday,1,14,11,3,12,6.214285714285714,0.1428571428571428,0.9285714285714286,32.0,-18.0,-56.25,,,,,,,,,,,0
68f69abba1df084bdd675179,2026-07-24,Los Angeles Azules (Rescheduled from 2/13),2026-08-23 01:00:00,music,30.04,1,Sunday,1,16,11,3,8,3.375,0.125,0.9375,14.0,2.0,14.285714285714285,,,,,,,,,,,0
68f69abba1df084bdd675179,2026-07-31,Los Angeles Azules (Rescheduled from 2/13),2026-08-23 01:00:00,music,23.04,1,Sunday,1,14,11,3,8,3.857142857142857,0.2857142857142857,0.9285714285714286,16.0,-2.0,-12.5,,,,,,,,,,,0
68f69abba1df084bdd675179,2026-08-02,Los Angeles Azules (Rescheduled from 2/13),2026-08-23 01:00:00,music,21.04,1,Sunday,1,19,14,3,8,3.631578947368421,0.2105263157894736,1.0,14.0,5.0,35.714285714285715,,,,,,,,,,,1
68f69abba1df084bdd675179,2026-08-03,Los Angeles Azules (Rescheduled from 2/13),2026-08-23 01:00:00,music,20.04,1,Sunday,1,5,4,2,8,6.0,0.8,0.8,19.0,-14.0,-73.68421052631578,,,,,,,,,,,0
68f69abba1df084bdd675179,2026-08-04,Los Angeles Azules (Rescheduled from 2/13),2026-08-23 01:00:00,music,19.04,1,Sunday,1,27,15,3,12,4.925925925925926,0.1851851851851851,0.9629629629629628,5.0,22.0,440.00000000000006,,,,,,,,,,,0
68f69abba1df084bdd675179,2026-08-05,Los Angeles Azules (Rescheduled from 2/13),2026-08-23 01:00:00,music,18.04,1,Sunday,1,23,16,3,7,3.3043478260869565,0.1304347826086956,1.0,27.0,-4.0,-14.814814814814811,,,,,,,,,,,1
68f69abba1df084bdd675179,2026-08-06,Los Angeles Azules (Rescheduled from 2/13),2026-08-23 01:00:00,music,17.04,1,Sunday,1,8,6,2,8,4.875,0.5,0.75,23.0,-15.0,-65.21739130434783,,,,,,,,,,,0
68f69abba1df084bdd675179,2026-08-07,Los Angeles Azules (Rescheduled from 2/13),2026-08-23 01:00:00,music,16.04,1,Sunday,1,36,18,3,12,4.416666666666667,0.1666666666666666,0.9444444444444444,8.0,28.0,350.0,,,,,,,,,,,0
68f69abba1df084bdd675179,2026-08-08,Los Angeles Azules (Rescheduled from 2/13),2026-08-23 01:00:00,music,15.04,1,Sunday,1,33,21,3,10,4.454545454545454,0.2121212121212121,1.0,36.0,-3.0,-8.333333333333332,,,,,,,,,,,0
68f69abba1df084bdd675179,2026-08-10,Los Angeles Azules (Rescheduled from 2/13),2026-08-23 01:00:00,music,13.04,1,Sunday,1,26,15,3,12,4.038461538461538,0.2692307692307692,0.9615384615384616,33.0,-7.0,-21.21212121212121,,,,,,,,,,,0
68f69abba1df084bdd675179,2026-08-11,Los Angeles Azules (Rescheduled from 2/13),2026-08-23 01:00:00,music,12.04,1,Sunday,1,22,16,3,8,4.681818181818182,0.2272727272727272,1.0,26.0,-4.0,-15.384615384615383,,,,,,,,,,,0
68f69abba1df084bdd675179,2026-08-12,Los Angeles Azules (Rescheduled from 2/13),2026-08-23 01:00:00,music,11.04,1,Sunday,1,35,20,3,11,4.314285714285714,0.2857142857142857,1.0,22.0,13.0,59.09090909090909,,,,,,,,,,,0
68f80b6985db4d8736f82357,2026-07-17,Aaron Lewis and The Stateliners (16+ Event) (Rescheduled from 3/29/26),2026-08-10 03:00:00,music,24.12,3,Monday,0,1,1,1,2,2.0,1.0,1.0,,,,,,,,,,,,,,0
68f80b6985db4d8736f82357,2026-07-18,Aaron Lewis and The Stateliners (16+ Event) (Rescheduled from 3/29/26),2026-08-10 03:00:00,music,23.12,3,Monday,0,1,1,1,2,2.0,1.0,1.0,1.0,0.0,0.0,,,,,,,,,,,0
68f80b6985db4d8736f82357,2026-07-19,Aaron Lewis and The Stateliners (16+ Event) (Rescheduled from 3/29/26),2026-08-10 03:00:00,music,22.12,3,Monday,0,1,1,1,2,2.0,1.0,1.0,1.0,0.0,0.0,,,,,,,,,,,0
68f80b6985db4d8736f82357,2026-07-22,Aaron Lewis and The Stateliners (16+ Event) (Rescheduled from 3/29/26),2026-08-10 03:00:00,music,19.12,3,Monday,0,5,5,1,8,4.4,1.0,1.0,1.0,4.0,400.0,,,,,,,,,,,1
68f80b6985db4d8736f82357,2026-07-24,Aaron Lewis and The Stateliners (16+ Event) (Rescheduled from 3/29/26),2026-08-10 03:00:00,music,17.12,3,Monday,0,1,1,1,2,2.0,1.0,1.0,5.0,-4.0,-80.0,,,,,,,,,,,0
68f80b6985db4d8736f82357,2026-07-31,Aaron Lewis and The Stateliners (16+ Event) (Rescheduled from 3/29/26),2026-08-10 03:00:00,music,10.12,3,Monday,0,2,2,1,2,2.0,1.0,0.0,1.0,1.0,100.0,,,,,,,,,,,0
68f80b6985db4d8736f82357,2026-08-02,Aaron Lewis and The Stateliners (16+ Event) (Rescheduled from 3/29/26),2026-08-10 03:00:00,music,8.12,3,Monday,0,2,1,1,2,2.0,1.0,0.5,2.0,0.0,0.0,,,,,,,,,,,0
68f80b6985db4d8736f82357,2026-08-03,Aaron Lewis and The Stateliners (16+ Event) (Rescheduled from 3/29/26),2026-08-10 03:00:00,music,7.12,3,Monday,0,14,10,1,8,5.0,1.0,0.9285714285714286,2.0,12.0,600.0,,,,,,,,,,,0
68f80b6985db4d8736f82357,2026-08-04,Aaron Lewis and The Stateliners (16+ Event) (Rescheduled from 3/29/26),2026-08-10 03:00:00,music,6.12,3,Monday,0,12,8,1,8,6.166666666666667,0.9166666666666666,0.9166666666666666,14.0,-2.0,-14.285714285714285,,,,,,,,,,,0
68f80b6985db4d8736f82357,2026-08-05,Aaron Lewis and The Stateliners (16+ Event) (Rescheduled from 3/29/26),2026-08-10 03:00:00,music,5.12,3,Monday,0,10,9,1,8,5.6,1.0,1.0,12.0,-2.0,-16.666666666666664,,,,,,,,,,,1
68f80b6985db4d8736f82357,2026-08-06,Aaron Lewis and The Stateliners (16+ Event) (Rescheduled from 3/29/26),2026-08-10 03:00:00,music,4.12,3,Monday,0,6,5,1,8,4.333333333333333,1.0,0.6666666666666666,10.0,-4.0,-40.0,,,,,,,,,,,0
68f80b6985db4d8736f82357,2026-08-07,Aaron Lewis and The Stateliners (16+ Event) (Rescheduled from 3/29/26),2026-08-10 03:00:00,music,3.12,3,Monday,0,13,10,1,8,5.153846153846154,1.0,0.9230769230769232,6.0,7.0,116.66666666666669,,,,,,,,,,,1
68f80b6985db4d8736f82357,2026-08-08,Aaron Lewis and The Stateliners (16+ Event) (Rescheduled from 3/29/26),2026-08-10 03:00:00,music,2.12,3,Monday,0,9,8,1,8,5.0,1.0,0.8888888888888888,13.0,-4.0,-30.76923076923077,,,,,,,,,,,0
68f80c2778455775b227e791,2026-07-17,Aaron Lewis and the Stateliners (21+ Event) (Rescheduled from 3/24/26),2026-08-03 03:00:00,music,17.12,3,Monday,0,1,1,1,4,4.0,1.0,1.0,,,,,,,,,,,,,,0
68f80c2778455775b227e791,2026-07-18,Aaron Lewis and the Stateliners (21+ Event) (Rescheduled from 3/24/26),2026-08-03 03:00:00,music,16.12,3,Monday,0,2,2,1,10,8.0,1.0,1.0,1.0,1.0,100.0,,,,,,,,,,,1
68f80c2778455775b227e791,2026-07-19,Aaron Lewis and the Stateliners (21+ Event) (Rescheduled from 3/24/26),2026-08-03 03:00:00,music,15.12,3,Monday,0,1,1,1,4,4.0,1.0,1.0,2.0,-1.0,-50.0,,,,,,,,,,,0
68f80c2778455775b227e791,2026-07-20,Aaron Lewis and the Stateliners (21+ Event) (Rescheduled from 3/24/26),2026-08-03 03:00:00,music,14.12,3,Monday,0,1,1,1,6,6.0,1.0,1.0,1.0,0.0,0.0,,,,,,,,,,,0
68f80c2778455775b227e791,2026-07-22,Aaron Lewis and the Stateliners (21+ Event) (Rescheduled from 3/24/26),2026-08-03 03:00:00,music,12.12,3,Monday,0,4,2,1,10,6.0,1.0,1.0,1.0,3.0,300.0,,,,,,,,,,,0
68f80c2778455775b227e791,2026-07-31,Aaron Lewis and the Stateliners (21+ Event) (Rescheduled from 3/24/26),2026-08-03 03:00:00,music,3.12,3,Monday,0,4,2,1,6,4.0,1.0,1.0,4.0,0.0,0.0,,,,,,,,,,,1
68fa9473f154587f76906faf,2026-07-15,Walker & Royce (18+ Event) (Rescheduled from 1/23),2026-07-26 02:00:00,music,11.08,2,Sunday,1,4,3,0,6,4.25,0.25,1.0,,,,SILO - Dallas,Dallas,TX,dallas,America/Chicago,32.7767,-96.797,US,,,1
68fa9473f154587f76906faf,2026-07-18,Walker & Royce (18+ Event) (Rescheduled from 1/23),2026-07-26 02:00:00,music,8.08,2,Sunday,1,1,1,0,6,6.0,1.0,1.0,4.0,-3.0,-75.0,SILO - Dallas,Dallas,TX,dallas,America/Chicago,32.7767,-96.797,US,,,0
68fa9473f154587f76906faf,2026-07-20,Walker & Royce (18+ Event) (Rescheduled from 1/23),2026-07-26 02:00:00,music,6.08,2,Sunday,1,1,1,0,7,7.0,1.0,1.0,1.0,0.0,0.0,SILO - Dallas,Dallas,TX,dallas,America/Chicago,32.7767,-96.797,US,,,0
68fa9473f154587f76906faf,2026-07-22,Walker & Royce (18+ Event) (Rescheduled from 1/23),2026-07-26 02:00:00,music,4.08,2,Sunday,1,1,1,0,6,6.0,1.0,1.0,1.0,0.0,0.0,SILO - Dallas,Dallas,TX,dallas,America/Chicago,32.7767,-96.797,US,,,0
68fa9473f154587f76906faf,2026-07-23,Walker & Royce (18+ Event) (Rescheduled from 1/23),2026-07-26 02:00:00,music,3.08,2,Sunday,1,2,2,0,6,5.0,0.5,0.5,1.0,1.0,100.0,SILO - Dallas,Dallas,TX,dallas,America/Chicago,32.7767,-96.797,US,,,1
69027ddc773615b29146a4ea,2026-07-24,Max McNown (Rescheduled from 4/9),2026-10-02 01:30:00,music,70.06,1,Friday,0,1,1,1,2,2.0,1.0,1.0,,,,,,,,,,,,,,0
69027e2b168028b2133774ed,2026-07-17,Dylan Gossett (Rescheduled from 2/13),2026-09-24 02:00:00,music,69.08,2,Thursday,0,1,1,0,11,11.0,0.0,1.0,,,,,,,,,,,,,,0
69027e2b168028b2133774ed,2026-07-20,Dylan Gossett (Rescheduled from 2/13),2026-09-24 02:00:00,music,66.08,2,Thursday,0,1,1,0,12,12.0,0.0,1.0,1.0,0.0,0.0,,,,,,,,,,,0
69027e2b168028b2133774ed,2026-07-24,Dylan Gossett (Rescheduled from 2/13),2026-09-24 02:00:00,music,62.08,2,Thursday,0,1,1,0,12,12.0,0.0,1.0,1.0,0.0,0.0,,,,,,,,,,,0
69027e2b168028b2133774ed,2026-07-31,Dylan Gossett (Rescheduled from 2/13),2026-09-24 02:00:00,music,55.08,2,Thursday,0,1,1,0,10,10.0,0.0,1.0,1.0,0.0,0.0,,,,,,,,,,,0
69027e2b168028b2133774ed,2026-08-07,Dylan Gossett (Rescheduled from 2/13),2026-09-24 02:00:00,music,48.08,2,Thursday,0,4,2,0,2,2.0,0.0,1.0,1.0,3.0,300.0,,,,,,,,,,,1
6903ca4dd3780924668914cd,2026-07-16,OAR,2026-09-05 23:30:00,music,51.98,23,Saturday,1,14,14,3,12,9.142857142857142,0.4285714285714285,0.9285714285714286,,,,,,,,,,,,,,0
690934004554b4c817d285e7,2026-07-23,Mason Jennings (Rescheduled from 2/27),2026-09-26 02:00:00,music,65.08,2,Saturday,1,1,1,0,6,6.0,0.0,1.0,,,,Egyptian Theatre Co.,Park City,UT,saltlakecity,America/Denver,40.6426,-111.495,US,,,0
690a85cc395aa528b31b4509,2026-07-17,The Robert Cray Band (Rescheduled from 2/25),2026-09-27 23:00:00,music,72.96,23,Sunday,1,2,1,1,8,6.0,1.0,0.5,,,,,,,,,,,,,,0
690a85cc395aa528b31b4509,2026-08-02,The Robert Cray Band (Rescheduled from 2/25),2026-09-27 23:00:00,music,56.96,23,Sunday,1,3,3,2,4,4.0,1.0,1.0,2.0,1.0,50.0,,,,,,,,,,,1
690a85cc395aa528b31b4509,2026-08-08,The Robert Cray Band (Rescheduled from 2/25),2026-09-27 23:00:00,music,50.96,23,Sunday,1,2,2,1,2,2.0,1.0,1.0,3.0,-1.0,-33.33333333333333,,,,,,,,,,,0
690a85cc395aa528b31b4509,2026-08-10,The Robert Cray Band (Rescheduled from 2/25),2026-09-27 23:00:00,music,48.96,23,Sunday,1,2,2,1,2,2.0,1.0,1.0,2.0,0.0,0.0,,,,,,,,,,,0
690d2258225d37a3c5922451,2026-07-31,Silversun Pickups (Rescheduled from 3/5/26),2026-09-06 02:30:00,music,37.1,2,Sunday,1,1,1,1,2,2.0,1.0,1.0,,,,McDonald Theatre,Eugene,OR,portland,America/Los_Angeles,44.0486,-123.093,US,,,0
690d2258225d37a3c5922451,2026-08-02,Silversun Pickups (Rescheduled from 3/5/26),2026-09-06 02:30:00,music,35.1,2,Sunday,1,1,1,1,6,6.0,1.0,1.0,1.0,0.0,0.0,McDonald Theatre,Eugene,OR,portland,America/Los_Angeles,44.0486,-123.093,US,,,0
690d2258225d37a3c5922451,2026-08-05,Silversun Pickups (Rescheduled from 3/5/26),2026-09-06 02:30:00,music,32.1,2,Sunday,1,1,1,1,6,6.0,1.0,1.0,1.0,0.0,0.0,McDonald Theatre,Eugene,OR,portland,America/Los_Angeles,44.0486,-123.093,US,,,0
690d2258225d37a3c5922451,2026-08-07,Silversun Pickups (Rescheduled from 3/5/26),2026-09-06 02:30:00,music,30.1,2,Sunday,1,1,1,1,4,4.0,1.0,1.0,1.0,0.0,0.0,McDonald Theatre,Eugene,OR,portland,America/Los_Angeles,44.0486,-123.093,US,,,0
690d240579ecc8af2db4cf3a,2026-07-31,Silversun Pickups (Rescheduled from 3/10),2026-09-08 02:30:00,music,39.1,2,Tuesday,0,1,1,1,3,3.0,1.0,1.0,,,,Fremont Theater,San Luis Obispo,CA,fresno,America/Los_Angeles,35.2819,-120.661,US,,,0
69126d22fcf50d5cd7451759,2026-07-15,Marty Stuart (Rescheduled from 2/6/26),2026-08-09 00:00:00,music,25.0,0,Sunday,1,53,19,0,10,4.716981132075472,0.0188679245283018,0.9245283018867924,,,,,,,,,,,,,,1
69126d22fcf50d5cd7451759,2026-07-17,Marty Stuart (Rescheduled from 2/6/26),2026-08-09 00:00:00,music,23.0,0,Sunday,1,2,1,0,5,3.5,0.0,1.0,53.0,-51.0,-96.22641509433964,,,,,,,,,,,0
69126d22fcf50d5cd7451759,2026-07-18,Marty Stuart (Rescheduled from 2/6/26),2026-08-09 00:00:00,music,22.0,0,Sunday,1,9,5,0,8,5.444444444444445,0.0,1.0,2.0,7.0,350.0,,,,,,,,,,,1
69126d22fcf50d5cd7451759,2026-07-19,Marty Stuart (Rescheduled from 2/6/26),2026-08-09 00:00:00,music,21.0,0,Sunday,1,6,3,0,8,4.5,0.0,1.0,9.0,-3.0,-33.33333333333333,,,,,,,,,,,1
69126d22fcf50d5cd7451759,2026-07-20,Marty Stuart (Rescheduled from 2/6/26),2026-08-09 00:00:00,music,20.0,0,Sunday,1,2,1,0,7,6.5,0.0,1.0,6.0,-4.0,-66.66666666666666,,,,,,,,,,,0
69126d22fcf50d5cd7451759,2026-07-22,Marty Stuart (Rescheduled from 2/6/26),2026-08-09 00:00:00,music,18.0,0,Sunday,1,6,3,0,8,6.0,0.0,1.0,2.0,4.0,200.0,,,,,,,,,,,1
69126d22fcf50d5cd7451759,2026-07-23,Marty Stuart (Rescheduled from 2/6/26),2026-08-09 00:00:00,music,17.0,0,Sunday,1,3,2,0,4,2.6666666666666665,0.0,1.0,6.0,-3.0,-50.0,,,,,,,,,,,0
69126d22fcf50d5cd7451759,2026-07-24,Marty Stuart (Rescheduled from 2/6/26),2026-08-09 00:00:00,music,16.0,0,Sunday,1,7,4,0,7,4.428571428571429,0.0,1.0,3.0,4.0,133.33333333333331,,,,,,,,,,,0
69126d22fcf50d5cd7451759,2026-07-31,Marty Stuart (Rescheduled from 2/6/26),2026-08-09 00:00:00,music,9.0,0,Sunday,1,43,10,0,10,4.0,0.0,0.9302325581395348,7.0,36.0,514.2857142857143,,,,,,,,,,,1
69126d22fcf50d5cd7451759,2026-08-02,Marty Stuart (Rescheduled from 2/6/26),2026-08-09 00:00:00,music,7.0,0,Sunday,1,26,7,0,8,3.730769230769231,0.0,0.9615384615384616,43.0,-17.0,-39.53488372093023,,,,,,,,,,,1
69126d22fcf50d5cd7451759,2026-08-03,Marty Stuart (Rescheduled from 2/6/26),2026-08-09 00:00:00,music,6.0,0,Sunday,1,17,7,0,8,4.117647058823529,0.0,0.8823529411764706,26.0,-9.0,-34.61538461538461,,,,,,,,,,,0
69126d22fcf50d5cd7451759,2026-08-04,Marty Stuart (Rescheduled from 2/6/26),2026-08-09 00:00:00,music,5.0,0,Sunday,1,13,5,0,8,4.6923076923076925,0.0,0.8461538461538461,17.0,-4.0,-23.52941176470588,,,,,,,,,,,1
69126d22fcf50d5cd7451759,2026-08-05,Marty Stuart (Rescheduled from 2/6/26),2026-08-09 00:00:00,music,4.0,0,Sunday,1,2,2,0,2,2.0,0.0,1.0,13.0,-11.0,-84.61538461538461,,,,,,,,,,,0
69126d22fcf50d5cd7451759,2026-08-06,Marty Stuart (Rescheduled from 2/6/26),2026-08-09 00:00:00,music,3.0,0,Sunday,1,4,3,0,5,3.25,0.25,0.75,2.0,2.0,100.0,,,,,,,,,,,0
69126d22fcf50d5cd7451759,2026-08-07,Marty Stuart (Rescheduled from 2/6/26),2026-08-09 00:00:00,music,2.0,0,Sunday,1,13,5,0,8,5.615384615384615,0.0,1.0,4.0,9.0,225.0,,,,,,,,,,,0
6913db210f5f7f134985f953,2026-08-02,Eggy - Something In The Air (Rescheduled from 3/6/26),2026-10-19 01:00:00,music,78.04,1,Monday,0,4,3,0,11,7.75,0.25,1.0,,,,High Noon Saloon,Madison,WI,milwaukee,America/Chicago,43.0796,-89.3765,US,,,1
6913db210f5f7f134985f953,2026-08-03,Eggy - Something In The Air (Rescheduled from 3/6/26),2026-10-19 01:00:00,music,77.04,1,Monday,0,1,1,0,2,2.0,0.0,0.0,4.0,-3.0,-75.0,High Noon Saloon,Madison,WI,milwaukee,America/Chicago,43.0796,-89.3765,US,,,0
6913db210f5f7f134985f953,2026-08-06,Eggy - Something In The Air (Rescheduled from 3/6/26),2026-10-19 01:00:00,music,74.04,1,Monday,0,1,1,0,6,6.0,0.0,1.0,1.0,0.0,0.0,High Noon Saloon,Madison,WI,milwaukee,America/Chicago,43.0796,-89.3765,US,,,0
6913db210f5f7f134985f953,2026-08-10,Eggy - Something In The Air (Rescheduled from 3/6/26),2026-10-19 01:00:00,music,70.04,1,Monday,0,1,1,0,4,4.0,0.0,1.0,1.0,0.0,0.0,High Noon Saloon,Madison,WI,milwaukee,America/Chicago,43.0796,-89.3765,US,,,0
69247b0399ac8743f35ba60e,2026-07-16,Guns N Roses,2026-09-06 01:25:00,music,52.06,1,Sunday,1,104,32,1,12,3.740384615384616,0.0673076923076923,0.7596153846153846,,,,,,,,,,,,,,0
6925fcc9230b438ae83e838c,2026-08-07,Dwight Yoakam (Rescheduled from 3/5),2026-10-16 00:30:00,music,70.02,0,Friday,0,2,1,0,6,5.0,0.0,1.0,,,,,,,,,,,,,,1
6925fcc9230b438ae83e838c,2026-08-08,Dwight Yoakam (Rescheduled from 3/5),2026-10-16 00:30:00,music,69.02,0,Friday,0,1,1,0,2,2.0,0.0,1.0,2.0,-1.0,-50.0,,,,,,,,,,,0
6925fcc9230b438ae83e838c,2026-08-11,Dwight Yoakam (Rescheduled from 3/5),2026-10-16 00:30:00,music,66.02,0,Friday,0,9,3,0,8,5.555555555555555,0.1111111111111111,1.0,1.0,8.0,800.0,,,,,,,,,,,0
692dfa299586b57d52a82deb,2026-07-31,Whos Bad - The Ultimate Michael Jackson Experience,2026-08-30 00:00:00,music,30.0,0,Sunday,1,1,1,0,12,12.0,0.0,1.0,,,,,,,,,,,,,,0
692dfa299586b57d52a82deb,2026-08-02,Whos Bad - The Ultimate Michael Jackson Experience,2026-08-30 00:00:00,music,28.0,0,Sunday,1,1,1,0,12,12.0,0.0,1.0,1.0,0.0,0.0,,,,,,,,,,,0
692dfa299586b57d52a82deb,2026-08-05,Whos Bad - The Ultimate Michael Jackson Experience,2026-08-30 00:00:00,music,25.0,0,Sunday,1,1,1,0,12,12.0,0.0,1.0,1.0,0.0,0.0,,,,,,,,,,,0
692dfa299586b57d52a82deb,2026-08-06,Whos Bad - The Ultimate Michael Jackson Experience,2026-08-30 00:00:00,music,24.0,0,Sunday,1,1,1,0,12,12.0,0.0,1.0,1.0,0.0,0.0,,,,,,,,,,,0
692dfa299586b57d52a82deb,2026-08-08,Whos Bad - The Ultimate Michael Jackson Experience,2026-08-30 00:00:00,music,22.0,0,Sunday,1,2,2,0,6,6.0,0.0,1.0,1.0,1.0,100.0,,,,,,,,,,,1
692dfa299586b57d52a82deb,2026-08-10,Whos Bad - The Ultimate Michael Jackson Experience,2026-08-30 00:00:00,music,20.0,0,Sunday,1,1,1,0,12,12.0,1.0,1.0,2.0,-1.0,-50.0,,,,,,,,,,,0
692dfa299586b57d52a82deb,2026-08-11,Whos Bad - The Ultimate Michael Jackson Experience,2026-08-30 00:00:00,music,19.0,0,Sunday,1,1,1,0,12,12.0,1.0,1.0,1.0,0.0,0.0,,,,,,,,,,,0
692dfa299586b57d52a82deb,2026-08-12,Whos Bad - The Ultimate Michael Jackson Experience,2026-08-30 00:00:00,music,18.0,0,Sunday,1,2,1,0,12,9.0,0.5,1.0,1.0,1.0,100.0,,,,,,,,,,,1
692f4eaed10fb49e8d48f22b,2026-07-17,Mammoth (Rescheduled from 3/19),2026-08-01 23:00:00,music,15.96,23,Saturday,1,1,1,0,4,4.0,0.0,1.0,,,,,,,,,,,,,,0
692f4eaed10fb49e8d48f22b,2026-07-18,Mammoth (Rescheduled from 3/19),2026-08-01 23:00:00,music,14.96,23,Saturday,1,1,1,0,4,4.0,0.0,1.0,1.0,0.0,0.0,,,,,,,,,,,0
692f4eaed10fb49e8d48f22b,2026-07-22,Mammoth (Rescheduled from 3/19),2026-08-01 23:00:00,music,10.96,23,Saturday,1,5,3,0,2,2.0,0.2,1.0,1.0,4.0,400.0,,,,,,,,,,,1
692f4eaed10fb49e8d48f22b,2026-07-23,Mammoth (Rescheduled from 3/19),2026-08-01 23:00:00,music,9.96,23,Saturday,1,1,1,0,2,2.0,0.0,1.0,5.0,-4.0,-80.0,,,,,,,,,,,0
692f4eaed10fb49e8d48f22b,2026-07-24,Mammoth (Rescheduled from 3/19),2026-08-01 23:00:00,music,8.96,23,Saturday,1,1,1,0,6,6.0,0.0,1.0,1.0,0.0,0.0,,,,,,,,,,,0
692f52716d38d96a83e64a9a,2026-07-17,Mammoth (Rescheduled from 3/18),2026-08-02 23:00:00,music,16.96,23,Sunday,1,1,1,0,2,2.0,0.0,0.0,,,,,,,,,,,,,,0
692f52716d38d96a83e64a9a,2026-07-22,Mammoth (Rescheduled from 3/18),2026-08-02 23:00:00,music,11.96,23,Sunday,1,1,1,0,2,2.0,0.0,0.0,1.0,0.0,0.0,,,,,,,,,,,0
692f52716d38d96a83e64a9a,2026-07-31,Mammoth (Rescheduled from 3/18),2026-08-02 23:00:00,music,2.96,23,Sunday,1,1,1,0,4,4.0,0.0,1.0,1.0,0.0,0.0,,,,,,,,,,,0
69320b7b18f984723551fdb2,2026-07-18,Houndmouth (Rescheduled from 3/19),2026-10-10 00:30:00,music,84.02,0,Saturday,1,1,1,1,2,2.0,1.0,1.0,,,,Cain's Ballroom,Tulsa,OK,oklahomacity,America/Chicago,36.161,-95.9949,US,,,0
69320b7b18f984723551fdb2,2026-08-04,Houndmouth (Rescheduled from 3/19),2026-10-10 00:30:00,music,67.02,0,Saturday,1,1,1,1,8,8.0,1.0,1.0,1.0,0.0,0.0,Cain's Ballroom,Tulsa,OK,oklahomacity,America/Chicago,36.161,-95.9949,US,,,0
69320b7b18f984723551fdb2,2026-08-07,Houndmouth (Rescheduled from 3/19),2026-10-10 00:30:00,music,64.02,0,Saturday,1,1,1,1,4,4.0,1.0,1.0,1.0,0.0,0.0,Cain's Ballroom,Tulsa,OK,oklahomacity,America/Chicago,36.161,-95.9949,US,,,0
69322eaf5c52bbb3188af92d,2026-07-22,Houndmouth (Rescheduled from 3/20),2026-10-09 01:00:00,music,79.04,1,Friday,0,1,1,1,4,4.0,1.0,0.0,,,,Ozark Music Hall,Fayetteville,AR,oklahomacity,America/Chicago,36.1173,-94.1572,US,,,0
693750ac3760ce8f17bd4124,2026-07-17,Codiciado (Rescheduled from 2/27/26),2026-08-30 01:00:00,music,44.04,1,Sunday,1,3,3,2,8,5.0,0.0,1.0,,,,The Pavilion at Toyota Music Factory,Irving,TX,dallas,America/Chicago,32.8752,-96.9439,US,,,0
693750ac3760ce8f17bd4124,2026-07-18,Codiciado (Rescheduled from 2/27/26),2026-08-30 01:00:00,music,43.04,1,Sunday,1,12,5,2,9,6.416666666666667,0.3333333333333333,1.0,3.0,9.0,300.0,The Pavilion at Toyota Music Factory,Irving,TX,dallas,America/Chicago,32.8752,-96.9439,US,,,1
693750ac3760ce8f17bd4124,2026-07-19,Codiciado (Rescheduled from 2/27/26),2026-08-30 01:00:00,music,42.04,1,Sunday,1,2,2,1,8,7.5,0.0,1.0,12.0,-10.0,-83.33333333333334,The Pavilion at Toyota Music Factory,Irving,TX,dallas,America/Chicago,32.8752,-96.9439,US,,,0
693750ac3760ce8f17bd4124,2026-07-20,Codiciado (Rescheduled from 2/27/26),2026-08-30 01:00:00,music,41.04,1,Sunday,1,6,4,1,12,12.0,0.5,1.0,2.0,4.0,200.0,The Pavilion at Toyota Music Factory,Irving,TX,dallas,America/Chicago,32.8752,-96.9439,US,,,0
693750ac3760ce8f17bd4124,2026-07-22,Codiciado (Rescheduled from 2/27/26),2026-08-30 01:00:00,music,39.04,1,Sunday,1,5,5,3,8,6.6,0.6,1.0,6.0,-1.0,-16.666666666666664,The Pavilion at Toyota Music Factory,Irving,TX,dallas,America/Chicago,32.8752,-96.9439,US,,,1
693750ac3760ce8f17bd4124,2026-07-23,Codiciado (Rescheduled from 2/27/26),2026-08-30 01:00:00,music,38.04,1,Sunday,1,3,2,2,8,4.666666666666667,0.3333333333333333,0.6666666666666666,5.0,-2.0,-40.0,The Pavilion at Toyota Music Factory,Irving,TX,dallas,America/Chicago,32.8752,-96.9439,US,,,0
693750ac3760ce8f17bd4124,2026-07-24,Codiciado (Rescheduled from 2/27/26),2026-08-30 01:00:00,music,37.04,1,Sunday,1,4,3,2,6,4.5,0.75,1.0,3.0,1.0,33.33333333333333,The Pavilion at Toyota Music Factory,Irving,TX,dallas,America/Chicago,32.8752,-96.9439,US,,,0
693750ac3760ce8f17bd4124,2026-07-31,Codiciado (Rescheduled from 2/27/26),2026-08-30 01:00:00,music,30.04,1,Sunday,1,10,6,2,10,5.2,0.5,1.0,4.0,6.0,150.0,The Pavilion at Toyota Music Factory,Irving,TX,dallas,America/Chicago,32.8752,-96.9439,US,,,0
693750ac3760ce8f17bd4124,2026-08-02,Codiciado (Rescheduled from 2/27/26),2026-08-30 01:00:00,music,28.04,1,Sunday,1,12,6,2,12,6.083333333333333,0.5,1.0,10.0,2.0,20.0,The Pavilion at Toyota Music Factory,Irving,TX,dallas,America/Chicago,32.8752,-96.9439,US,,,1
693750ac3760ce8f17bd4124,2026-08-03,Codiciado (Rescheduled from 2/27/26),2026-08-30 01:00:00,music,27.04,1,Sunday,1,7,4,2,10,6.0,0.2857142857142857,1.0,12.0,-5.0,-41.66666666666667,The Pavilion at Toyota Music Factory,Irving,TX,dallas,America/Chicago,32.8752,-96.9439,US,,,0
693750ac3760ce8f17bd4124,2026-08-04,Codiciado (Rescheduled from 2/27/26),2026-08-30 01:00:00,music,26.04,1,Sunday,1,14,9,3,8,7.0,0.6428571428571429,1.0,7.0,7.0,100.0,The Pavilion at Toyota Music Factory,Irving,TX,dallas,America/Chicago,32.8752,-96.9439,US,,,1
693750ac3760ce8f17bd4124,2026-08-05,Codiciado (Rescheduled from 2/27/26),2026-08-30 01:00:00,music,25.04,1,Sunday,1,6,4,2,8,6.333333333333333,0.3333333333333333,1.0,14.0,-8.0,-57.14285714285714,The Pavilion at Toyota Music Factory,Irving,TX,dallas,America/Chicago,32.8752,-96.9439,US,,,1
693750ac3760ce8f17bd4124,2026-08-06,Codiciado (Rescheduled from 2/27/26),2026-08-30 01:00:00,music,24.04,1,Sunday,1,2,2,1,8,7.5,1.0,1.0,6.0,-4.0,-66.66666666666666,The Pavilion at Toyota Music Factory,Irving,TX,dallas,America/Chicago,32.8752,-96.9439,US,,,0
693750ac3760ce8f17bd4124,2026-08-07,Codiciado (Rescheduled from 2/27/26),2026-08-30 01:00:00,music,23.04,1,Sunday,1,8,7,2,8,5.625,0.75,1.0,2.0,6.0,300.0,The Pavilion at Toyota Music Factory,Irving,TX,dallas,America/Chicago,32.8752,-96.9439,US,,,0
693750ac3760ce8f17bd4124,2026-08-08,Codiciado (Rescheduled from 2/27/26),2026-08-30 01:00:00,music,22.04,1,Sunday,1,7,6,3,8,6.428571428571429,1.0,0.8571428571428571,8.0,-1.0,-12.5,The Pavilion at Toyota Music Factory,Irving,TX,dallas,America/Chicago,32.8752,-96.9439,US,,,1
693750cbc7267e811be6350b,2026-07-17,Codiciado (Rescheduled from 3/7/26),2026-09-27 03:00:00,music,72.12,3,Sunday,1,9,4,2,8,3.888888888888889,0.3333333333333333,1.0,,,,Arizona Financial Theatre,Phoenix,AZ,phoenix,America/Phoenix,33.4489,-112.079,US,,,0
693750cbc7267e811be6350b,2026-07-18,Codiciado (Rescheduled from 3/7/26),2026-09-27 03:00:00,music,71.12,3,Sunday,1,11,9,3,8,5.181818181818182,0.4545454545454545,0.9090909090909092,9.0,2.0,22.22222222222222,Arizona Financial Theatre,Phoenix,AZ,phoenix,America/Phoenix,33.4489,-112.079,US,,,1
693750cbc7267e811be6350b,2026-07-20,Codiciado (Rescheduled from 3/7/26),2026-09-27 03:00:00,music,69.12,3,Sunday,1,3,3,1,6,4.666666666666667,0.6666666666666666,1.0,11.0,-8.0,-72.72727272727273,Arizona Financial Theatre,Phoenix,AZ,phoenix,America/Phoenix,33.4489,-112.079,US,,,0
693750cbc7267e811be6350b,2026-07-22,Codiciado (Rescheduled from 3/7/26),2026-09-27 03:00:00,music,67.12,3,Sunday,1,4,3,2,8,4.5,0.0,1.0,3.0,1.0,33.33333333333333,Arizona Financial Theatre,Phoenix,AZ,phoenix,America/Phoenix,33.4489,-112.079,US,,,0
693750cbc7267e811be6350b,2026-07-23,Codiciado (Rescheduled from 3/7/26),2026-09-27 03:00:00,music,66.12,3,Sunday,1,6,5,2,8,4.333333333333333,0.3333333333333333,1.0,4.0,2.0,50.0,Arizona Financial Theatre,Phoenix,AZ,phoenix,America/Phoenix,33.4489,-112.079,US,,,0
693750cbc7267e811be6350b,2026-07-24,Codiciado (Rescheduled from 3/7/26),2026-09-27 03:00:00,music,65.12,3,Sunday,1,7,6,3,8,4.571428571428571,0.5714285714285714,1.0,6.0,1.0,16.666666666666664,Arizona Financial Theatre,Phoenix,AZ,phoenix,America/Phoenix,33.4489,-112.079,US,,,0
693750cbc7267e811be6350b,2026-07-31,Codiciado (Rescheduled from 3/7/26),2026-09-27 03:00:00,music,58.12,3,Sunday,1,6,6,2,4,3.1666666666666665,0.0,1.0,7.0,-1.0,-14.285714285714285,Arizona Financial Theatre,Phoenix,AZ,phoenix,America/Phoenix,33.4489,-112.079,US,,,0
693750cbc7267e811be6350b,2026-08-02,Codiciado (Rescheduled from 3/7/26),2026-09-27 03:00:00,music,56.12,3,Sunday,1,27,10,2,8,5.296296296296297,0.2592592592592592,1.0,6.0,21.0,350.0,Arizona Financial Theatre,Phoenix,AZ,phoenix,America/Phoenix,33.4489,-112.079,US,,,1
693750cbc7267e811be6350b,2026-08-03,Codiciado (Rescheduled from 3/7/26),2026-09-27 03:00:00,music,55.12,3,Sunday,1,5,4,2,8,4.8,0.6,1.0,27.0,-22.0,-81.48148148148148,Arizona Financial Theatre,Phoenix,AZ,phoenix,America/Phoenix,33.4489,-112.079,US,,,1
693750cbc7267e811be6350b,2026-08-04,Codiciado (Rescheduled from 3/7/26),2026-09-27 03:00:00,music,54.12,3,Sunday,1,2,1,1,4,3.0,0.0,1.0,5.0,-3.0,-60.0,Arizona Financial Theatre,Phoenix,AZ,phoenix,America/Phoenix,33.4489,-112.079,US,,,1
693750cbc7267e811be6350b,2026-08-05,Codiciado (Rescheduled from 3/7/26),2026-09-27 03:00:00,music,53.12,3,Sunday,1,1,1,1,2,2.0,0.0,1.0,2.0,-1.0,-50.0,Arizona Financial Theatre,Phoenix,AZ,phoenix,America/Phoenix,33.4489,-112.079,US,,,0
693750cbc7267e811be6350b,2026-08-06,Codiciado (Rescheduled from 3/7/26),2026-09-27 03:00:00,music,52.12,3,Sunday,1,7,5,2,8,4.285714285714286,0.5714285714285714,1.0,1.0,6.0,600.0,Arizona Financial Theatre,Phoenix,AZ,phoenix,America/Phoenix,33.4489,-112.079,US,,,0
693750cbc7267e811be6350b,2026-08-07,Codiciado (Rescheduled from 3/7/26),2026-09-27 03:00:00,music,51.12,3,Sunday,1,14,8,2,8,4.142857142857143,0.7142857142857143,1.0,7.0,7.0,100.0,Arizona Financial Theatre,Phoenix,AZ,phoenix,America/Phoenix,33.4489,-112.079,US,,,0
693750cbc7267e811be6350b,2026-08-08,Codiciado (Rescheduled from 3/7/26),2026-09-27 03:00:00,music,50.12,3,Sunday,1,28,12,2,4,3.2142857142857144,0.6071428571428571,1.0,14.0,14.0,100.0,Arizona Financial Theatre,Phoenix,AZ,phoenix,America/Phoenix,33.4489,-112.079,US,,,1
69375163bf16b1e2aa80d798,2026-07-17,Codiciado (Rescheduled from 4/3/26),2026-09-12 03:00:00,music,57.12,3,Saturday,1,14,10,3,8,5.5,0.2857142857142857,1.0,,,,San Jose Civic,San Jose,CA,sanfrancisco,America/Los_Angeles,37.3308,-121.89,US,,,0
69375163bf16b1e2aa80d798,2026-07-18,Codiciado (Rescheduled from 4/3/26),2026-09-12 03:00:00,music,56.12,3,Saturday,1,31,20,3,8,4.354838709677419,0.3548387096774194,1.0,14.0,17.0,121.42857142857142,San Jose Civic,San Jose,CA,sanfrancisco,America/Los_Angeles,37.3308,-121.89,US,,,1
69375163bf16b1e2aa80d798,2026-07-19,Codiciado (Rescheduled from 4/3/26),2026-09-12 03:00:00,music,55.12,3,Saturday,1,7,7,2,8,5.142857142857143,0.1428571428571428,1.0,31.0,-24.0,-77.41935483870968,San Jose Civic,San Jose,CA,sanfrancisco,America/Los_Angeles,37.3308,-121.89,US,,,1
69375163bf16b1e2aa80d798,2026-07-20,Codiciado (Rescheduled from 4/3/26),2026-09-12 03:00:00,music,54.12,3,Saturday,1,1,1,1,4,4.0,0.0,1.0,7.0,-6.0,-85.71428571428571,San Jose Civic,San Jose,CA,sanfrancisco,America/Los_Angeles,37.3308,-121.89,US,,,0
69375163bf16b1e2aa80d798,2026-07-22,Codiciado (Rescheduled from 4/3/26),2026-09-12 03:00:00,music,52.12,3,Saturday,1,3,3,1,5,4.0,0.3333333333333333,1.0,1.0,2.0,200.0,San Jose Civic,San Jose,CA,sanfrancisco,America/Los_Angeles,37.3308,-121.89,US,,,1
69375163bf16b1e2aa80d798,2026-07-23,Codiciado (Rescheduled from 4/3/26),2026-09-12 03:00:00,music,51.12,3,Saturday,1,1,1,1,2,2.0,1.0,1.0,3.0,-2.0,-66.66666666666666,San Jose Civic,San Jose,CA,sanfrancisco,America/Los_Angeles,37.3308,-121.89,US,,,0
69375163bf16b1e2aa80d798,2026-07-24,Codiciado (Rescheduled from 4/3/26),2026-09-12 03:00:00,music,50.12,3,Saturday,1,5,5,3,8,5.2,0.4,0.8,1.0,4.0,400.0,San Jose Civic,San Jose,CA,sanfrancisco,America/Los_Angeles,37.3308,-121.89,US,,,0
69375163bf16b1e2aa80d798,2026-07-31,Codiciado (Rescheduled from 4/3/26),2026-09-12 03:00:00,music,43.12,3,Saturday,1,5,5,3,6,5.2,0.6,1.0,5.0,0.0,0.0,San Jose Civic,San Jose,CA,sanfrancisco,America/Los_Angeles,37.3308,-121.89,US,,,1
69375163bf16b1e2aa80d798,2026-08-02,Codiciado (Rescheduled from 4/3/26),2026-09-12 03:00:00,music,41.12,3,Saturday,1,1,1,1,6,6.0,1.0,1.0,5.0,-4.0,-80.0,San Jose Civic,San Jose,CA,sanfrancisco,America/Los_Angeles,37.3308,-121.89,US,,,0
69375163bf16b1e2aa80d798,2026-08-04,Codiciado (Rescheduled from 4/3/26),2026-09-12 03:00:00,music,39.12,3,Saturday,1,9,8,2,4,3.888888888888889,0.1111111111111111,1.0,1.0,8.0,800.0,San Jose Civic,San Jose,CA,sanfrancisco,America/Los_Angeles,37.3308,-121.89,US,,,1
69375163bf16b1e2aa80d798,2026-08-05,Codiciado (Rescheduled from 4/3/26),2026-09-12 03:00:00,music,38.12,3,Saturday,1,3,3,1,4,4.0,0.0,1.0,9.0,-6.0,-66.66666666666666,San Jose Civic,San Jose,CA,sanfrancisco,America/Los_Angeles,37.3308,-121.89,US,,,1
69375163bf16b1e2aa80d798,2026-08-06,Codiciado (Rescheduled from 4/3/26),2026-09-12 03:00:00,music,37.12,3,Saturday,1,1,1,1,6,6.0,0.0,1.0,3.0,-2.0,-66.66666666666666,San Jose Civic,San Jose,CA,sanfrancisco,America/Los_Angeles,37.3308,-121.89,US,,,0
69375163bf16b1e2aa80d798,2026-08-07,Codiciado (Rescheduled from 4/3/26),2026-09-12 03:00:00,music,36.12,3,Saturday,1,15,9,2,7,3.8,0.3333333333333333,1.0,1.0,14.0,1400.0,San Jose Civic,San Jose,CA,sanfrancisco,America/Los_Angeles,37.3308,-121.89,US,,,1
69375163bf16b1e2aa80d798,2026-08-08,Codiciado (Rescheduled from 4/3/26),2026-09-12 03:00:00,music,35.12,3,Saturday,1,7,7,2,4,3.7142857142857135,0.0,1.0,15.0,-8.0,-53.333333333333336,San Jose Civic,San Jose,CA,sanfrancisco,America/Los_Angeles,37.3308,-121.89,US,,,1
69375163bf16b1e2aa80d798,2026-08-10,Codiciado (Rescheduled from 4/3/26),2026-09-12 03:00:00,music,33.12,3,Saturday,1,1,1,1,4,4.0,0.0,1.0,7.0,-6.0,-85.71428571428571,San Jose Civic,San Jose,CA,sanfrancisco,America/Los_Angeles,37.3308,-121.89,US,,,0
69375163bf16b1e2aa80d798,2026-08-11,Codiciado (Rescheduled from 4/3/26),2026-09-12 03:00:00,music,32.12,3,Saturday,1,9,7,2,4,2.4444444444444446,0.4444444444444444,1.0,1.0,8.0,800.0,San Jose Civic,San Jose,CA,sanfrancisco,America/Los_Angeles,37.3308,-121.89,US,,,1
69375163bf16b1e2aa80d798,2026-08-12,Codiciado (Rescheduled from 4/3/26),2026-09-12 03:00:00,music,31.12,3,Saturday,1,2,2,2,5,3.5,0.5,1.0,9.0,-7.0,-77.77777777777779,San Jose Civic,San Jose,CA,sanfrancisco,America/Los_Angeles,37.3308,-121.89,US,,,0
6937519f568b632a74e42cff,2026-07-18,Codiciado (Rescheduled from 3/14/26),2026-10-10 01:00:00,music,84.04,1,Saturday,1,63,23,3,8,4.841269841269841,0.3333333333333333,0.8412698412698413,,,,Rosemont Theatre,Rosemont,IL,chicago,America/Chicago,41.9917,-87.8749,US,,,1
6937519f568b632a74e42cff,2026-07-19,Codiciado (Rescheduled from 3/14/26),2026-10-10 01:00:00,music,83.04,1,Saturday,1,1,1,1,8,8.0,0.0,1.0,63.0,-62.0,-98.4126984126984,Rosemont Theatre,Rosemont,IL,chicago,America/Chicago,41.9917,-87.8749,US,,,0
6937519f568b632a74e42cff,2026-07-20,Codiciado (Rescheduled from 3/14/26),2026-10-10 01:00:00,music,82.04,1,Saturday,1,14,11,2,6,4.0,0.1428571428571428,0.9285714285714286,1.0,13.0,1300.0,Rosemont Theatre,Rosemont,IL,chicago,America/Chicago,41.9917,-87.8749,US,,,1
6937519f568b632a74e42cff,2026-07-22,Codiciado (Rescheduled from 3/14/26),2026-10-10 01:00:00,music,80.04,1,Saturday,1,7,6,2,6,4.285714285714286,0.2857142857142857,0.7142857142857143,14.0,-7.0,-50.0,Rosemont Theatre,Rosemont,IL,chicago,America/Chicago,41.9917,-87.8749,US,,,0
6937519f568b632a74e42cff,2026-07-23,Codiciado (Rescheduled from 3/14/26),2026-10-10 01:00:00,music,79.04,1,Saturday,1,16,14,2,8,6.625,0.25,1.0,7.0,9.0,128.57142857142858,Rosemont Theatre,Rosemont,IL,chicago,America/Chicago,41.9917,-87.8749,US,,,1
6937519f568b632a74e42cff,2026-07-24,Codiciado (Rescheduled from 3/14/26),2026-10-10 01:00:00,music,78.04,1,Saturday,1,2,2,1,4,3.0,0.5,0.0,16.0,-14.0,-87.5,Rosemont Theatre,Rosemont,IL,chicago,America/Chicago,41.9917,-87.8749,US,,,0
6937519f568b632a74e42cff,2026-07-31,Codiciado (Rescheduled from 3/14/26),2026-10-10 01:00:00,music,71.04,1,Saturday,1,13,9,3,4,3.8461538461538463,0.1538461538461538,1.0,2.0,11.0,550.0,Rosemont Theatre,Rosemont,IL,chicago,America/Chicago,41.9917,-87.8749,US,,,1
6937519f568b632a74e42cff,2026-08-02,Codiciado (Rescheduled from 3/14/26),2026-10-10 01:00:00,music,69.04,1,Saturday,1,8,7,1,4,4.0,0.0,1.0,13.0,-5.0,-38.46153846153847,Rosemont Theatre,Rosemont,IL,chicago,America/Chicago,41.9917,-87.8749,US,,,1
6937519f568b632a74e42cff,2026-08-03,Codiciado (Rescheduled from 3/14/26),2026-10-10 01:00:00,music,68.04,1,Saturday,1,1,1,1,8,8.0,0.0,1.0,8.0,-7.0,-87.5,Rosemont Theatre,Rosemont,IL,chicago,America/Chicago,41.9917,-87.8749,US,,,0
6937519f568b632a74e42cff,2026-08-04,Codiciado (Rescheduled from 3/14/26),2026-10-10 01:00:00,music,67.04,1,Saturday,1,26,18,2,8,6.461538461538462,0.4230769230769231,1.0,1.0,25.0,2500.0,Rosemont Theatre,Rosemont,IL,chicago,America/Chicago,41.9917,-87.8749,US,,,0
6937519f568b632a74e42cff,2026-08-05,Codiciado (Rescheduled from 3/14/26),2026-10-10 01:00:00,music,66.04,1,Saturday,1,23,18,2,8,7.0,0.0869565217391304,1.0,26.0,-3.0,-11.538461538461538,Rosemont Theatre,Rosemont,IL,chicago,America/Chicago,41.9917,-87.8749,US,,,1
6937519f568b632a74e42cff,2026-08-06,Codiciado (Rescheduled from 3/14/26),2026-10-10 01:00:00,music,65.04,1,Saturday,1,1,1,1,6,6.0,0.0,1.0,23.0,-22.0,-95.65217391304348,Rosemont Theatre,Rosemont,IL,chicago,America/Chicago,41.9917,-87.8749,US,,,0
6937519f568b632a74e42cff,2026-08-07,Codiciado (Rescheduled from 3/14/26),2026-10-10 01:00:00,music,64.04,1,Saturday,1,37,24,3,8,6.1891891891891895,0.4324324324324324,1.0,1.0,36.0,3600.0,Rosemont Theatre,Rosemont,IL,chicago,America/Chicago,41.9917,-87.8749,US,,,1
6937519f568b632a74e42cff,2026-08-08,Codiciado (Rescheduled from 3/14/26),2026-10-10 01:00:00,music,63.04,1,Saturday,1,20,15,3,8,4.85,0.3,1.0,37.0,-17.0,-45.94594594594595,Rosemont Theatre,Rosemont,IL,chicago,America/Chicago,41.9917,-87.8749,US,,,1
6937519f568b632a74e42cff,2026-08-10,Codiciado (Rescheduled from 3/14/26),2026-10-10 01:00:00,music,61.04,1,Saturday,1,11,11,2,4,3.727272727272727,0.9090909090909092,0.9090909090909092,20.0,-9.0,-45.0,Rosemont Theatre,Rosemont,IL,chicago,America/Chicago,41.9917,-87.8749,US,,,0
6937519f568b632a74e42cff,2026-08-11,Codiciado (Rescheduled from 3/14/26),2026-10-10 01:00:00,music,60.04,1,Saturday,1,13,13,2,4,3.923076923076923,0.8461538461538461,0.7692307692307693,11.0,2.0,18.181818181818183,Rosemont Theatre,Rosemont,IL,chicago,America/Chicago,41.9917,-87.8749,US,,,1
693751e4568b632a74e42d5b,2026-07-17,Codiciado (Rescheduled from 2/26/26),2026-08-29 01:00:00,music,43.04,1,Saturday,1,11,9,2,6,4.909090909090909,0.7272727272727273,1.0,,,,,,,,,,,,,,1
693751e4568b632a74e42d5b,2026-07-18,Codiciado (Rescheduled from 2/26/26),2026-08-29 01:00:00,music,42.04,1,Saturday,1,6,5,3,6,4.333333333333333,0.8333333333333334,1.0,11.0,-5.0,-45.45454545454545,,,,,,,,,,,1
693751e4568b632a74e42d5b,2026-07-20,Codiciado (Rescheduled from 2/26/26),2026-08-29 01:00:00,music,40.04,1,Saturday,1,1,1,1,4,4.0,1.0,1.0,6.0,-5.0,-83.33333333333334,,,,,,,,,,,0
693751e4568b632a74e42d5b,2026-07-23,Codiciado (Rescheduled from 2/26/26),2026-08-29 01:00:00,music,37.04,1,Saturday,1,2,2,2,6,5.0,1.0,1.0,1.0,1.0,100.0,,,,,,,,,,,0
693751e4568b632a74e42d5b,2026-07-24,Codiciado (Rescheduled from 2/26/26),2026-08-29 01:00:00,music,36.04,1,Saturday,1,3,3,1,6,4.0,1.0,1.0,2.0,1.0,50.0,,,,,,,,,,,0
693751e4568b632a74e42d5b,2026-07-31,Codiciado (Rescheduled from 2/26/26),2026-08-29 01:00:00,music,29.04,1,Saturday,1,4,3,2,8,5.5,0.75,1.0,3.0,1.0,33.33333333333333,,,,,,,,,,,0
693751e4568b632a74e42d5b,2026-08-02,Codiciado (Rescheduled from 2/26/26),2026-08-29 01:00:00,music,27.04,1,Saturday,1,7,6,2,8,7.0,0.5714285714285714,1.0,4.0,3.0,75.0,,,,,,,,,,,0
693751e4568b632a74e42d5b,2026-08-04,Codiciado (Rescheduled from 2/26/26),2026-08-29 01:00:00,music,25.04,1,Saturday,1,13,9,2,8,6.538461538461538,0.8461538461538461,1.0,7.0,6.0,85.71428571428571,,,,,,,,,,,1
693751e4568b632a74e42d5b,2026-08-05,Codiciado (Rescheduled from 2/26/26),2026-08-29 01:00:00,music,24.04,1,Saturday,1,2,1,1,8,6.0,0.5,1.0,13.0,-11.0,-84.61538461538461,,,,,,,,,,,0
693751e4568b632a74e42d5b,2026-08-06,Codiciado (Rescheduled from 2/26/26),2026-08-29 01:00:00,music,23.04,1,Saturday,1,2,2,1,6,5.0,0.0,1.0,2.0,0.0,0.0,,,,,,,,,,,0
693751e4568b632a74e42d5b,2026-08-07,Codiciado (Rescheduled from 2/26/26),2026-08-29 01:00:00,music,22.04,1,Saturday,1,9,7,2,8,6.333333333333333,0.5555555555555556,1.0,2.0,7.0,350.0,,,,,,,,,,,1
69375219cd07d4e1c49cc94f,2026-07-17,Patti LaBelle (Rescheduled from 3/7),2026-09-18 01:00:00,music,63.04,1,Friday,0,17,6,0,7,5.823529411764706,0.0,0.8823529411764706,,,,,,,,,,,,,,1
69375219cd07d4e1c49cc94f,2026-07-18,Patti LaBelle (Rescheduled from 3/7),2026-09-18 01:00:00,music,62.04,1,Friday,0,1,1,0,4,4.0,0.0,1.0,17.0,-16.0,-94.11764705882352,,,,,,,,,,,0
69375219cd07d4e1c49cc94f,2026-07-20,Patti LaBelle (Rescheduled from 3/7),2026-09-18 01:00:00,music,60.04,1,Friday,0,1,1,0,4,4.0,0.0,1.0,1.0,0.0,0.0,,,,,,,,,,,0
69375219cd07d4e1c49cc94f,2026-07-23,Patti LaBelle (Rescheduled from 3/7),2026-09-18 01:00:00,music,57.04,1,Friday,0,12,5,0,8,8.0,0.0,1.0,1.0,11.0,1100.0,,,,,,,,,,,1
69375219cd07d4e1c49cc94f,2026-07-24,Patti LaBelle (Rescheduled from 3/7),2026-09-18 01:00:00,music,56.04,1,Friday,0,4,3,0,4,4.0,0.0,0.0,12.0,-8.0,-66.66666666666666,,,,,,,,,,,1
69375219cd07d4e1c49cc94f,2026-08-02,Patti LaBelle (Rescheduled from 3/7),2026-09-18 01:00:00,music,47.04,1,Friday,0,1,1,0,8,8.0,0.0,1.0,4.0,-3.0,-75.0,,,,,,,,,,,0
69375219cd07d4e1c49cc94f,2026-08-03,Patti LaBelle (Rescheduled from 3/7),2026-09-18 01:00:00,music,46.04,1,Friday,0,1,1,0,4,4.0,0.0,1.0,1.0,0.0,0.0,,,,,,,,,,,0
69375219cd07d4e1c49cc94f,2026-08-04,Patti LaBelle (Rescheduled from 3/7),2026-09-18 01:00:00,music,45.04,1,Friday,0,31,8,0,10,8.32258064516129,0.0,1.0,1.0,30.0,3000.0,,,,,,,,,,,1
69375219cd07d4e1c49cc94f,2026-08-05,Patti LaBelle (Rescheduled from 3/7),2026-09-18 01:00:00,music,44.04,1,Friday,0,1,1,0,6,6.0,0.0,1.0,31.0,-30.0,-96.7741935483871,,,,,,,,,,,0
69375219cd07d4e1c49cc94f,2026-08-06,Patti LaBelle (Rescheduled from 3/7),2026-09-18 01:00:00,music,43.04,1,Friday,0,36,8,0,8,6.5,0.0277777777777777,1.0,1.0,35.0,3500.0,,,,,,,,,,,1
69375219cd07d4e1c49cc94f,2026-08-07,Patti LaBelle (Rescheduled from 3/7),2026-09-18 01:00:00,music,42.04,1,Friday,0,1,1,0,4,4.0,0.0,1.0,36.0,-35.0,-97.2222222222222,,,,,,,,,,,0
69375219cd07d4e1c49cc94f,2026-08-08,Patti LaBelle (Rescheduled from 3/7),2026-09-18 01:00:00,music,41.04,1,Friday,0,1,1,0,4,4.0,0.0,1.0,1.0,0.0,0.0,,,,,,,,,,,0
69375219cd07d4e1c49cc94f,2026-08-10,Patti LaBelle (Rescheduled from 3/7),2026-09-18 01:00:00,music,39.04,1,Friday,0,8,2,0,6,5.0,0.0,1.0,1.0,7.0,700.0,,,,,,,,,,,0
69375219cd07d4e1c49cc94f,2026-08-11,Patti LaBelle (Rescheduled from 3/7),2026-09-18 01:00:00,music,38.04,1,Friday,0,9,5,0,10,6.444444444444445,0.0,1.0,8.0,1.0,12.5,,,,,,,,,,,1
693752a2754dd3549b55eebe,2026-07-17,Codiciado (Rescheduled from 3/28/26),2026-10-03 03:00:00,music,78.12,3,Saturday,1,7,7,3,10,6.285714285714286,0.0,0.8571428571428571,,,,Toyota Arena,Ontario,CA,losangeles,America/Los_Angeles,34.0729,-117.566,US,,,0
693752a2754dd3549b55eebe,2026-07-18,Codiciado (Rescheduled from 3/28/26),2026-10-03 03:00:00,music,77.12,3,Saturday,1,10,10,3,6,3.8,0.0,0.9,7.0,3.0,42.85714285714285,Toyota Arena,Ontario,CA,losangeles,America/Los_Angeles,34.0729,-117.566,US,,,0
693752a2754dd3549b55eebe,2026-07-20,Codiciado (Rescheduled from 3/28/26),2026-10-03 03:00:00,music,75.12,3,Saturday,1,11,9,3,7,4.090909090909091,0.1818181818181818,0.9090909090909092,10.0,1.0,10.0,Toyota Arena,Ontario,CA,losangeles,America/Los_Angeles,34.0729,-117.566,US,,,1
693752a2754dd3549b55eebe,2026-07-22,Codiciado (Rescheduled from 3/28/26),2026-10-03 03:00:00,music,73.12,3,Saturday,1,4,4,2,8,6.0,0.0,1.0,11.0,-7.0,-63.63636363636363,Toyota Arena,Ontario,CA,losangeles,America/Los_Angeles,34.0729,-117.566,US,,,0
693752a2754dd3549b55eebe,2026-07-23,Codiciado (Rescheduled from 3/28/26),2026-10-03 03:00:00,music,72.12,3,Saturday,1,4,4,3,9,8.25,0.0,1.0,4.0,0.0,0.0,Toyota Arena,Ontario,CA,losangeles,America/Los_Angeles,34.0729,-117.566,US,,,0
693752a2754dd3549b55eebe,2026-07-31,Codiciado (Rescheduled from 3/28/26),2026-10-03 03:00:00,music,64.12,3,Saturday,1,16,12,3,9,6.1875,0.0625,1.0,4.0,12.0,300.0,Toyota Arena,Ontario,CA,losangeles,America/Los_Angeles,34.0729,-117.566,US,,,0
693752a2754dd3549b55eebe,2026-08-02,Codiciado (Rescheduled from 3/28/26),2026-10-03 03:00:00,music,62.12,3,Saturday,1,62,33,3,10,6.145161290322581,0.3387096774193548,1.0,16.0,46.0,287.5,Toyota Arena,Ontario,CA,losangeles,America/Los_Angeles,34.0729,-117.566,US,,,1
693752a2754dd3549b55eebe,2026-08-03,Codiciado (Rescheduled from 3/28/26),2026-10-03 03:00:00,music,61.12,3,Saturday,1,2,2,1,8,5.0,0.5,0.5,62.0,-60.0,-96.7741935483871,Toyota Arena,Ontario,CA,losangeles,America/Los_Angeles,34.0729,-117.566,US,,,0
693752a2754dd3549b55eebe,2026-08-04,Codiciado (Rescheduled from 3/28/26),2026-10-03 03:00:00,music,60.12,3,Saturday,1,56,33,3,8,6.178571428571429,0.3571428571428571,1.0,2.0,54.0,2700.0,Toyota Arena,Ontario,CA,losangeles,America/Los_Angeles,34.0729,-117.566,US,,,1
693752a2754dd3549b55eebe,2026-08-05,Codiciado (Rescheduled from 3/28/26),2026-10-03 03:00:00,music,59.12,3,Saturday,1,4,4,2,4,4.0,0.0,1.0,56.0,-52.0,-92.85714285714286,Toyota Arena,Ontario,CA,losangeles,America/Los_Angeles,34.0729,-117.566,US,,,1
693752a2754dd3549b55eebe,2026-08-06,Codiciado (Rescheduled from 3/28/26),2026-10-03 03:00:00,music,58.12,3,Saturday,1,3,3,3,8,5.333333333333333,0.3333333333333333,1.0,4.0,-1.0,-25.0,Toyota Arena,Ontario,CA,losangeles,America/Los_Angeles,34.0729,-117.566,US,,,0
693752a2754dd3549b55eebe,2026-08-07,Codiciado (Rescheduled from 3/28/26),2026-10-03 03:00:00,music,57.12,3,Saturday,1,50,33,3,10,6.46,0.38,1.0,3.0,47.0,1566.6666666666663,Toyota Arena,Ontario,CA,losangeles,America/Los_Angeles,34.0729,-117.566,US,,,1
693752a2754dd3549b55eebe,2026-08-08,Codiciado (Rescheduled from 3/28/26),2026-10-03 03:00:00,music,56.12,3,Saturday,1,15,11,3,9,5.133333333333334,0.1333333333333333,1.0,50.0,-35.0,-70.0,Toyota Arena,Ontario,CA,losangeles,America/Los_Angeles,34.0729,-117.566,US,,,1
693752a2754dd3549b55eebe,2026-08-10,Codiciado (Rescheduled from 3/28/26),2026-10-03 03:00:00,music,54.12,3,Saturday,1,7,6,2,10,4.0,0.1428571428571428,1.0,15.0,-8.0,-53.333333333333336,Toyota Arena,Ontario,CA,losangeles,America/Los_Angeles,34.0729,-117.566,US,,,0
693752a2754dd3549b55eebe,2026-08-11,Codiciado (Rescheduled from 3/28/26),2026-10-03 03:00:00,music,53.12,3,Saturday,1,50,33,3,8,6.28,0.42,1.0,7.0,43.0,614.2857142857143,Toyota Arena,Ontario,CA,losangeles,America/Los_Angeles,34.0729,-117.566,US,,,1
693752a2754dd3549b55eebe,2026-08-12,Codiciado (Rescheduled from 3/28/26),2026-10-03 03:00:00,music,52.12,3,Saturday,1,4,4,3,9,5.75,0.5,1.0,50.0,-46.0,-92.0,Toyota Arena,Ontario,CA,losangeles,America/Los_Angeles,34.0729,-117.566,US,,,1
693755296d38d96a83e8eb86,2026-07-17,Codiciado (Rescheduled from 3/21/26),2026-09-20 03:00:00,music,65.12,3,Sunday,1,4,4,2,6,5.0,1.0,1.0,,,,,,,,,,,,,,1
693755296d38d96a83e8eb86,2026-07-18,Codiciado (Rescheduled from 3/21/26),2026-09-20 03:00:00,music,64.12,3,Sunday,1,3,2,2,8,4.666666666666667,0.6666666666666666,0.6666666666666666,4.0,-1.0,-25.0,,,,,,,,,,,0
693755296d38d96a83e8eb86,2026-07-19,Codiciado (Rescheduled from 3/21/26),2026-09-20 03:00:00,music,63.12,3,Sunday,1,3,3,2,8,4.666666666666667,1.0,1.0,3.0,0.0,0.0,,,,,,,,,,,1
693755296d38d96a83e8eb86,2026-07-20,Codiciado (Rescheduled from 3/21/26),2026-09-20 03:00:00,music,62.12,3,Sunday,1,1,1,1,2,2.0,1.0,1.0,3.0,-2.0,-66.66666666666666,,,,,,,,,,,0
693755296d38d96a83e8eb86,2026-07-22,Codiciado (Rescheduled from 3/21/26),2026-09-20 03:00:00,music,60.12,3,Sunday,1,1,1,1,2,2.0,1.0,1.0,1.0,0.0,0.0,,,,,,,,,,,0
693755296d38d96a83e8eb86,2026-07-23,Codiciado (Rescheduled from 3/21/26),2026-09-20 03:00:00,music,59.12,3,Sunday,1,12,7,3,8,6.083333333333333,1.0,1.0,1.0,11.0,1100.0,,,,,,,,,,,1
693755296d38d96a83e8eb86,2026-07-24,Codiciado (Rescheduled from 3/21/26),2026-09-20 03:00:00,music,58.12,3,Sunday,1,2,2,2,8,6.0,1.0,0.5,12.0,-10.0,-83.33333333333334,,,,,,,,,,,0
693755296d38d96a83e8eb86,2026-07-31,Codiciado (Rescheduled from 3/21/26),2026-09-20 03:00:00,music,51.12,3,Sunday,1,3,2,1,8,4.666666666666667,1.0,0.6666666666666666,2.0,1.0,50.0,,,,,,,,,,,0
693755296d38d96a83e8eb86,2026-08-05,Codiciado (Rescheduled from 3/21/26),2026-09-20 03:00:00,music,46.12,3,Sunday,1,3,3,2,8,6.666666666666667,1.0,1.0,3.0,0.0,0.0,,,,,,,,,,,1
693755296d38d96a83e8eb86,2026-08-06,Codiciado (Rescheduled from 3/21/26),2026-09-20 03:00:00,music,45.12,3,Sunday,1,1,1,1,2,2.0,1.0,1.0,3.0,-2.0,-66.66666666666666,,,,,,,,,,,0
693755296d38d96a83e8eb86,2026-08-07,Codiciado (Rescheduled from 3/21/26),2026-09-20 03:00:00,music,44.12,3,Sunday,1,8,7,3,8,5.875,1.0,0.875,1.0,7.0,700.0,,,,,,,,,,,1
693755296d38d96a83e8eb86,2026-08-08,Codiciado (Rescheduled from 3/21/26),2026-09-20 03:00:00,music,43.12,3,Sunday,1,4,4,2,8,5.5,1.0,1.0,8.0,-4.0,-50.0,,,,,,,,,,,1
693755296d38d96a83e8eb86,2026-08-10,Codiciado (Rescheduled from 3/21/26),2026-09-20 03:00:00,music,41.12,3,Sunday,1,2,2,2,7,6.5,1.0,1.0,4.0,-2.0,-50.0,,,,,,,,,,,0
693755296d38d96a83e8eb86,2026-08-11,Codiciado (Rescheduled from 3/21/26),2026-09-20 03:00:00,music,40.12,3,Sunday,1,5,4,3,8,5.4,1.0,1.0,2.0,3.0,150.0,,,,,,,,,,,0
693755296d38d96a83e8eb86,2026-08-12,Codiciado (Rescheduled from 3/21/26),2026-09-20 03:00:00,music,39.12,3,Sunday,1,6,5,3,8,4.5,1.0,1.0,5.0,1.0,20.0,,,,,,,,,,,1
69375825abcf240fe63e134b,2026-07-17,Codiciado (Rescheduled from 3/27/26),2026-09-26 03:00:00,music,71.12,3,Saturday,1,14,10,3,10,5.571428571428571,0.4285714285714285,1.0,,,,Cal Open Air Theatre,San Diego,CA,sandiego,America/Los_Angeles,32.772,-117.073,US,,,1
69375825abcf240fe63e134b,2026-07-18,Codiciado (Rescheduled from 3/27/26),2026-09-26 03:00:00,music,70.12,3,Saturday,1,1,1,1,8,8.0,0.0,1.0,14.0,-13.0,-92.85714285714286,Cal Open Air Theatre,San Diego,CA,sandiego,America/Los_Angeles,32.772,-117.073,US,,,0
69375825abcf240fe63e134b,2026-07-19,Codiciado (Rescheduled from 3/27/26),2026-09-26 03:00:00,music,69.12,3,Saturday,1,2,2,2,8,5.0,0.5,1.0,1.0,1.0,100.0,Cal Open Air Theatre,San Diego,CA,sandiego,America/Los_Angeles,32.772,-117.073,US,,,0
69375825abcf240fe63e134b,2026-07-20,Codiciado (Rescheduled from 3/27/26),2026-09-26 03:00:00,music,68.12,3,Saturday,1,14,10,3,12,8.571428571428571,0.4285714285714285,1.0,2.0,12.0,600.0,Cal Open Air Theatre,San Diego,CA,sandiego,America/Los_Angeles,32.772,-117.073,US,,,1
69375825abcf240fe63e134b,2026-07-22,Codiciado (Rescheduled from 3/27/26),2026-09-26 03:00:00,music,66.12,3,Saturday,1,2,2,1,12,9.0,0.5,1.0,14.0,-12.0,-85.71428571428571,Cal Open Air Theatre,San Diego,CA,sandiego,America/Los_Angeles,32.772,-117.073,US,,,0
69375825abcf240fe63e134b,2026-07-23,Codiciado (Rescheduled from 3/27/26),2026-09-26 03:00:00,music,65.12,3,Saturday,1,8,7,2,12,6.0,0.75,1.0,2.0,6.0,300.0,Cal Open Air Theatre,San Diego,CA,sandiego,America/Los_Angeles,32.772,-117.073,US,,,0
69375825abcf240fe63e134b,2026-07-24,Codiciado (Rescheduled from 3/27/26),2026-09-26 03:00:00,music,64.12,3,Saturday,1,8,7,3,8,5.0,0.5,1.0,8.0,0.0,0.0,Cal Open Air Theatre,San Diego,CA,sandiego,America/Los_Angeles,32.772,-117.073,US,,,0
69375825abcf240fe63e134b,2026-07-31,Codiciado (Rescheduled from 3/27/26),2026-09-26 03:00:00,music,57.12,3,Saturday,1,7,6,3,9,5.428571428571429,0.5714285714285714,1.0,8.0,-1.0,-12.5,Cal Open Air Theatre,San Diego,CA,sandiego,America/Los_Angeles,32.772,-117.073,US,,,0
69375825abcf240fe63e134b,2026-08-02,Codiciado (Rescheduled from 3/27/26),2026-09-26 03:00:00,music,55.12,3,Saturday,1,12,9,3,8,6.416666666666667,0.4166666666666667,0.9166666666666666,7.0,5.0,71.42857142857143,Cal Open Air Theatre,San Diego,CA,sandiego,America/Los_Angeles,32.772,-117.073,US,,,0
69375825abcf240fe63e134b,2026-08-04,Codiciado (Rescheduled from 3/27/26),2026-09-26 03:00:00,music,53.12,3,Saturday,1,17,12,3,8,6.941176470588236,0.4705882352941176,1.0,12.0,5.0,41.66666666666667,Cal Open Air Theatre,San Diego,CA,sandiego,America/Los_Angeles,32.772,-117.073,US,,,1
69375825abcf240fe63e134b,2026-08-05,Codiciado (Rescheduled from 3/27/26),2026-09-26 03:00:00,music,52.12,3,Saturday,1,1,1,1,4,4.0,0.0,1.0,17.0,-16.0,-94.11764705882352,Cal Open Air Theatre,San Diego,CA,sandiego,America/Los_Angeles,32.772,-117.073,US,,,0
69375825abcf240fe63e134b,2026-08-06,Codiciado (Rescheduled from 3/27/26),2026-09-26 03:00:00,music,51.12,3,Saturday,1,7,6,1,12,6.428571428571429,0.8571428571428571,0.8571428571428571,1.0,6.0,600.0,Cal Open Air Theatre,San Diego,CA,sandiego,America/Los_Angeles,32.772,-117.073,US,,,0
69375825abcf240fe63e134b,2026-08-07,Codiciado (Rescheduled from 3/27/26),2026-09-26 03:00:00,music,50.12,3,Saturday,1,10,7,3,8,6.6,0.7,1.0,7.0,3.0,42.85714285714285,Cal Open Air Theatre,San Diego,CA,sandiego,America/Los_Angeles,32.772,-117.073,US,,,1
69375825abcf240fe63e134b,2026-08-08,Codiciado (Rescheduled from 3/27/26),2026-09-26 03:00:00,music,49.12,3,Saturday,1,4,2,1,8,7.75,0.0,1.0,10.0,-6.0,-60.0,Cal Open Air Theatre,San Diego,CA,sandiego,America/Los_Angeles,32.772,-117.073,US,,,0
69375825abcf240fe63e134b,2026-08-10,Codiciado (Rescheduled from 3/27/26),2026-09-26 03:00:00,music,47.12,3,Saturday,1,15,11,3,12,8.933333333333334,0.5333333333333333,1.0,4.0,11.0,275.0,Cal Open Air Theatre,San Diego,CA,sandiego,America/Los_Angeles,32.772,-117.073,US,,,0
69375825abcf240fe63e134b,2026-08-11,Codiciado (Rescheduled from 3/27/26),2026-09-26 03:00:00,music,46.12,3,Saturday,1,15,9,3,12,7.466666666666667,0.6,0.9333333333333332,15.0,0.0,0.0,Cal Open Air Theatre,San Diego,CA,sandiego,America/Los_Angeles,32.772,-117.073,US,,,1
6938db7764be9fa558d2487d,2026-07-19,Fey (Rescheduled from 6/6/26),2026-10-11 02:30:00,music,84.1,2,Sunday,1,35,8,1,9,4.885714285714286,0.6,1.0,,,,Warnors Theatre,Fresno,CA,fresno,America/Los_Angeles,36.7382,-119.795,US,,,1
6938db7764be9fa558d2487d,2026-07-20,Fey (Rescheduled from 6/6/26),2026-10-11 02:30:00,music,83.1,2,Sunday,1,14,6,1,9,6.357142857142857,0.6428571428571429,1.0,35.0,-21.0,-60.0,Warnors Theatre,Fresno,CA,fresno,America/Los_Angeles,36.7382,-119.795,US,,,0
6938db7764be9fa558d2487d,2026-07-22,Fey (Rescheduled from 6/6/26),2026-10-11 02:30:00,music,81.1,2,Sunday,1,13,5,1,8,5.538461538461538,0.5384615384615384,1.0,14.0,-1.0,-7.142857142857142,Warnors Theatre,Fresno,CA,fresno,America/Los_Angeles,36.7382,-119.795,US,,,1
6938db7764be9fa558d2487d,2026-07-31,Fey (Rescheduled from 6/6/26),2026-10-11 02:30:00,music,72.1,2,Sunday,1,1,1,1,2,2.0,1.0,1.0,13.0,-12.0,-92.3076923076923,Warnors Theatre,Fresno,CA,fresno,America/Los_Angeles,36.7382,-119.795,US,,,0
6938db7764be9fa558d2487d,2026-08-02,Fey (Rescheduled from 6/6/26),2026-10-11 02:30:00,music,70.1,2,Sunday,1,3,2,1,8,5.0,0.6666666666666666,1.0,1.0,2.0,200.0,Warnors Theatre,Fresno,CA,fresno,America/Los_Angeles,36.7382,-119.795,US,,,0
6938db7764be9fa558d2487d,2026-08-03,Fey (Rescheduled from 6/6/26),2026-10-11 02:30:00,music,69.1,2,Sunday,1,3,3,1,4,3.333333333333333,0.6666666666666666,1.0,3.0,0.0,0.0,Warnors Theatre,Fresno,CA,fresno,America/Los_Angeles,36.7382,-119.795,US,,,0
693967bc2eb8712c4375e887,2026-07-17,Myriam Hernandez (Rescheduled from 2/21),2026-08-29 00:00:00,music,43.0,0,Saturday,1,7,6,3,8,4.857142857142857,0.5714285714285714,1.0,,,,,,,,,,,,,,1
693967bc2eb8712c4375e887,2026-07-18,Myriam Hernandez (Rescheduled from 2/21),2026-08-29 00:00:00,music,42.0,0,Saturday,1,3,3,2,6,3.6666666666666665,0.0,1.0,7.0,-4.0,-57.14285714285714,,,,,,,,,,,0
693967bc2eb8712c4375e887,2026-07-19,Myriam Hernandez (Rescheduled from 2/21),2026-08-29 00:00:00,music,41.0,0,Saturday,1,4,3,2,6,4.0,0.25,1.0,3.0,1.0,33.33333333333333,,,,,,,,,,,0
693967bc2eb8712c4375e887,2026-07-20,Myriam Hernandez (Rescheduled from 2/21),2026-08-29 00:00:00,music,40.0,0,Saturday,1,5,4,3,8,4.8,0.4,1.0,4.0,1.0,25.0,,,,,,,,,,,0
693967bc2eb8712c4375e887,2026-07-22,Myriam Hernandez (Rescheduled from 2/21),2026-08-29 00:00:00,music,38.0,0,Saturday,1,7,5,3,8,4.285714285714286,0.7142857142857143,1.0,5.0,2.0,40.0,,,,,,,,,,,0
693967bc2eb8712c4375e887,2026-07-23,Myriam Hernandez (Rescheduled from 2/21),2026-08-29 00:00:00,music,37.0,0,Saturday,1,7,6,3,8,4.285714285714286,0.2857142857142857,1.0,7.0,0.0,0.0,,,,,,,,,,,0
693967bc2eb8712c4375e887,2026-07-24,Myriam Hernandez (Rescheduled from 2/21),2026-08-29 00:00:00,music,36.0,0,Saturday,1,12,7,2,7,3.8333333333333335,0.4166666666666667,1.0,7.0,5.0,71.42857142857143,,,,,,,,,,,1
693967bc2eb8712c4375e887,2026-07-31,Myriam Hernandez (Rescheduled from 2/21),2026-08-29 00:00:00,music,29.0,0,Saturday,1,7,6,3,6,4.142857142857143,0.4285714285714285,1.0,12.0,-5.0,-41.66666666666667,,,,,,,,,,,0
693967bc2eb8712c4375e887,2026-08-02,Myriam Hernandez (Rescheduled from 2/21),2026-08-29 00:00:00,music,27.0,0,Saturday,1,10,8,4,8,4.6,0.5,1.0,7.0,3.0,42.85714285714285,,,,,,,,,,,1
693967bc2eb8712c4375e887,2026-08-03,Myriam Hernandez (Rescheduled from 2/21),2026-08-29 00:00:00,music,26.0,0,Saturday,1,4,4,2,4,3.0,0.5,1.0,10.0,-6.0,-60.0,,,,,,,,,,,0
693967bc2eb8712c4375e887,2026-08-04,Myriam Hernandez (Rescheduled from 2/21),2026-08-29 00:00:00,music,25.0,0,Saturday,1,9,7,3,8,4.666666666666667,0.5555555555555556,0.8888888888888888,4.0,5.0,125.0,,,,,,,,,,,0
693967bc2eb8712c4375e887,2026-08-05,Myriam Hernandez (Rescheduled from 2/21),2026-08-29 00:00:00,music,24.0,0,Saturday,1,16,9,4,8,4.75,0.375,1.0,9.0,7.0,77.77777777777779,,,,,,,,,,,1
693967bc2eb8712c4375e887,2026-08-06,Myriam Hernandez (Rescheduled from 2/21),2026-08-29 00:00:00,music,23.0,0,Saturday,1,9,6,3,8,4.111111111111111,0.2222222222222222,1.0,16.0,-7.0,-43.75,,,,,,,,,,,0
693967bc2eb8712c4375e887,2026-08-07,Myriam Hernandez (Rescheduled from 2/21),2026-08-29 00:00:00,music,22.0,0,Saturday,1,7,5,2,8,4.428571428571429,0.4285714285714285,1.0,9.0,-2.0,-22.22222222222222,,,,,,,,,,,0
693967bc2eb8712c4375e887,2026-08-08,Myriam Hernandez (Rescheduled from 2/21),2026-08-29 00:00:00,music,21.0,0,Saturday,1,7,6,2,8,5.428571428571429,0.2857142857142857,1.0,7.0,0.0,0.0,,,,,,,,,,,0
693967bc2eb8712c4375e887,2026-08-10,Myriam Hernandez (Rescheduled from 2/21),2026-08-29 00:00:00,music,19.0,0,Saturday,1,11,7,3,6,3.363636363636364,0.4545454545454545,1.0,7.0,4.0,57.14285714285714,,,,,,,,,,,0
693967bc2eb8712c4375e887,2026-08-11,Myriam Hernandez (Rescheduled from 2/21),2026-08-29 00:00:00,music,18.0,0,Saturday,1,12,9,4,8,4.0,0.5833333333333334,0.9166666666666666,11.0,1.0,9.090909090909092,,,,,,,,,,,0
693967bc2eb8712c4375e887,2026-08-12,Myriam Hernandez (Rescheduled from 2/21),2026-08-29 00:00:00,music,17.0,0,Saturday,1,13,7,3,8,4.461538461538462,0.3846153846153846,1.0,12.0,1.0,8.333333333333332,,,,,,,,,,,0
6941f941e80a98768eda0937,2026-07-31,Infinity Song (Rescheduled from 4/3/26),2026-10-07 23:00:00,music,68.96,23,Wednesday,0,1,1,1,12,12.0,1.0,1.0,,,,,,,,,,,,,,0
6941fdebdb878dc1544da753,2026-07-19,Infinity Song (Rescheduled from 3/26/26),2026-10-01 00:00:00,music,74.0,0,Thursday,0,1,1,0,4,4.0,0.0,1.0,,,,"Jefferson Theater - Charlottesville, VA",Charlottesville,VA,richmond,America/New_York,38.0306,-78.4812,US,,,0
6941fdebdb878dc1544da753,2026-07-20,Infinity Song (Rescheduled from 3/26/26),2026-10-01 00:00:00,music,73.0,0,Thursday,0,1,1,0,4,4.0,0.0,1.0,1.0,0.0,0.0,"Jefferson Theater - Charlottesville, VA",Charlottesville,VA,richmond,America/New_York,38.0306,-78.4812,US,,,0
6941fdebdb878dc1544da753,2026-07-22,Infinity Song (Rescheduled from 3/26/26),2026-10-01 00:00:00,music,71.0,0,Thursday,0,1,1,0,4,4.0,0.0,1.0,1.0,0.0,0.0,"Jefferson Theater - Charlottesville, VA",Charlottesville,VA,richmond,America/New_York,38.0306,-78.4812,US,,,0
6941fdebdb878dc1544da753,2026-07-23,Infinity Song (Rescheduled from 3/26/26),2026-10-01 00:00:00,music,70.0,0,Thursday,0,1,1,0,4,4.0,0.0,1.0,1.0,0.0,0.0,"Jefferson Theater - Charlottesville, VA",Charlottesville,VA,richmond,America/New_York,38.0306,-78.4812,US,,,0
6941fdebdb878dc1544da753,2026-07-24,Infinity Song (Rescheduled from 3/26/26),2026-10-01 00:00:00,music,69.0,0,Thursday,0,1,1,0,4,4.0,0.0,1.0,1.0,0.0,0.0,"Jefferson Theater - Charlottesville, VA",Charlottesville,VA,richmond,America/New_York,38.0306,-78.4812,US,,,0
6941fdebdb878dc1544da753,2026-07-31,Infinity Song (Rescheduled from 3/26/26),2026-10-01 00:00:00,music,62.0,0,Thursday,0,2,2,0,12,7.0,0.0,1.0,1.0,1.0,100.0,"Jefferson Theater - Charlottesville, VA",Charlottesville,VA,richmond,America/New_York,38.0306,-78.4812,US,,,0
6941ff470f62684c194e7682,2026-07-23,Infinity Song (Rescheduled from 3/30/26),2026-10-04 00:00:00,music,73.0,0,Sunday,1,1,1,0,8,8.0,1.0,1.0,,,,Music Farm,Charleston,SC,columbia,America/New_York,32.7902,-79.9383,US,,,0
6941ff470f62684c194e7682,2026-08-07,Infinity Song (Rescheduled from 3/30/26),2026-10-04 00:00:00,music,58.0,0,Sunday,1,2,2,0,10,8.0,0.5,1.0,1.0,1.0,100.0,Music Farm,Charleston,SC,columbia,America/New_York,32.7902,-79.9383,US,,,0
69423071d314619d19198d7d,2026-07-19,Moein (Rescheduled from 6/27/26),2026-10-11 01:30:00,music,84.06,1,Sunday,1,27,9,3,8,4.37037037037037,0.6666666666666666,0.925925925925926,,,,Hobby Center,Houston,TX,houston,America/Chicago,29.7609,-95.3694,US,,,1
69423071d314619d19198d7d,2026-07-20,Moein (Rescheduled from 6/27/26),2026-10-11 01:30:00,music,83.06,1,Sunday,1,5,5,3,7,4.4,0.8,1.0,27.0,-22.0,-81.48148148148148,Hobby Center,Houston,TX,houston,America/Chicago,29.7609,-95.3694,US,,,1
69423071d314619d19198d7d,2026-07-22,Moein (Rescheduled from 6/27/26),2026-10-11 01:30:00,music,81.06,1,Sunday,1,2,1,1,3,2.5,1.0,1.0,5.0,-3.0,-60.0,Hobby Center,Houston,TX,houston,America/Chicago,29.7609,-95.3694,US,,,0
69423071d314619d19198d7d,2026-07-23,Moein (Rescheduled from 6/27/26),2026-10-11 01:30:00,music,80.06,1,Sunday,1,2,2,1,6,6.0,0.0,1.0,2.0,0.0,0.0,Hobby Center,Houston,TX,houston,America/Chicago,29.7609,-95.3694,US,,,0
69423071d314619d19198d7d,2026-07-31,Moein (Rescheduled from 6/27/26),2026-10-11 01:30:00,music,72.06,1,Sunday,1,7,4,2,5,3.142857142857143,0.7142857142857143,1.0,2.0,5.0,250.0,Hobby Center,Houston,TX,houston,America/Chicago,29.7609,-95.3694,US,,,1
69423071d314619d19198d7d,2026-08-04,Moein (Rescheduled from 6/27/26),2026-10-11 01:30:00,music,68.06,1,Sunday,1,1,1,1,4,4.0,1.0,1.0,7.0,-6.0,-85.71428571428571,Hobby Center,Houston,TX,houston,America/Chicago,29.7609,-95.3694,US,,,0
69423071d314619d19198d7d,2026-08-05,Moein (Rescheduled from 6/27/26),2026-10-11 01:30:00,music,67.06,1,Sunday,1,5,4,3,8,6.2,0.0,1.0,1.0,4.0,400.0,Hobby Center,Houston,TX,houston,America/Chicago,29.7609,-95.3694,US,,,1
69423071d314619d19198d7d,2026-08-06,Moein (Rescheduled from 6/27/26),2026-10-11 01:30:00,music,66.06,1,Sunday,1,1,1,1,2,2.0,0.0,0.0,5.0,-4.0,-80.0,Hobby Center,Houston,TX,houston,America/Chicago,29.7609,-95.3694,US,,,0
69423071d314619d19198d7d,2026-08-08,Moein (Rescheduled from 6/27/26),2026-10-11 01:30:00,music,64.06,1,Sunday,1,7,6,2,8,5.571428571428571,0.1428571428571428,1.0,1.0,6.0,600.0,Hobby Center,Houston,TX,houston,America/Chicago,29.7609,-95.3694,US,,,0
69423071d314619d19198d7d,2026-08-11,Moein (Rescheduled from 6/27/26),2026-10-11 01:30:00,music,61.06,1,Sunday,1,7,6,3,8,6.285714285714286,0.1428571428571428,1.0,7.0,0.0,0.0,Hobby Center,Houston,TX,houston,America/Chicago,29.7609,-95.3694,US,,,1
69423071d314619d19198d7d,2026-08-12,Moein (Rescheduled from 6/27/26),2026-10-11 01:30:00,music,60.06,1,Sunday,1,2,2,2,8,8.0,0.5,1.0,7.0,-5.0,-71.42857142857143,Hobby Center,Houston,TX,houston,America/Chicago,29.7609,-95.3694,US,,,0
69696cd55343b91efcf462d2,2026-07-16,Rob Zombie and Marilyn Manson,2026-09-05 23:15:00,music,51.97,23,Saturday,1,19,11,3,12,5.842105263157895,0.3684210526315789,0.6842105263157895,,,,,,,,,,,,,,1
699e5e7215e13cab1a9a0eb0,2026-07-16,"Earth, Wind and Fire",2026-09-06 01:30:00,music,52.06,1,Sunday,1,1,1,1,8,8.0,1.0,1.0,,,,,,,,,,,,,,0
69cc491e67e6a381847de91e,2026-07-16,Suicideboys,2026-09-05 22:30:00,music,51.94,22,Saturday,1,15,9,4,12,6.066666666666666,0.4,0.8666666666666667,,,,,,,,,,,,,,0
6a180a723411e146c2db509b,2026-07-16,Anirudh Ravichander,2026-09-05 22:30:00,music,51.94,22,Saturday,1,2,2,1,8,6.0,0.0,1.0,,,,,,,,,,,,,,0
